relative_path,class_name,class_index,group_id,group_size,split
Acacia/IMG_6348.JPG,Acacia,0,group_0206,1,train
Acacia/IMG_6349.JPG,Acacia,0,group_0207,1,train
Acacia/IMG_6350.JPG,Acacia,0,group_0208,1,train
Acacia/IMG_6351.JPG,Acacia,0,group_0209,1,train
Acacia/IMG_6352.JPG,Acacia,0,group_0210,1,test
Acacia/IMG_6353.JPG,Acacia,0,group_0211,1,validation
Acacia/IMG_6354.JPG,Acacia,0,group_0212,1,train
Acacia/IMG_6355.JPG,Acacia,0,group_0213,1,test
Acacia/IMG_6356.JPG,Acacia,0,group_0214,1,train
Acacia/IMG_6357.JPG,Acacia,0,group_0215,1,train
Acacia/IMG_6358.JPG,Acacia,0,group_0216,1,train
Acacia/IMG_6359.JPG,Acacia,0,group_0217,1,train
Acacia/IMG_6360.JPG,Acacia,0,group_0218,1,train
Acacia/IMG_6361.JPG,Acacia,0,group_0219,1,train
Acacia/IMG_6362.JPG,Acacia,0,group_0220,1,train
Acacia/IMG_6363.JPG,Acacia,0,group_0221,1,train
Acacia/IMG_6364.JPG,Acacia,0,group_0222,1,validation
Acacia/IMG_6365.JPG,Acacia,0,group_0223,1,validation
Acacia/IMG_6366.JPG,Acacia,0,group_0224,1,train
Acacia/IMG_6367.JPG,Acacia,0,group_0225,1,train
Acacia/IMG_6368.JPG,Acacia,0,group_0226,1,test
Acacia/IMG_6369.JPG,Acacia,0,group_0227,1,train
Acacia/IMG_6370.JPG,Acacia,0,group_0228,1,test
Acacia/IMG_6371.JPG,Acacia,0,group_0229,1,test
Acacia/IMG_6372.JPG,Acacia,0,group_0230,1,train
Acacia/IMG_6373.JPG,Acacia,0,group_0231,1,train
Acacia/IMG_6374.JPG,Acacia,0,group_0232,1,train
Acacia/IMG_6375.JPG,Acacia,0,group_0233,1,train
Acacia/IMG_6376.JPG,Acacia,0,group_0234,1,train
Acacia/IMG_6377.JPG,Acacia,0,group_0235,1,train
Acacia/IMG_6378.JPG,Acacia,0,group_0236,1,train
Acacia/IMG_6379.JPG,Acacia,0,group_0237,1,train
Acacia/IMG_6380.JPG,Acacia,0,group_0238,1,validation
Acacia/IMG_6381.JPG,Acacia,0,group_0239,1,train
Acacia/IMG_6382.JPG,Acacia,0,group_0240,1,train
Acacia/IMG_6383.JPG,Acacia,0,group_0241,1,train
Acacia/IMG_6384.JPG,Acacia,0,group_0242,1,train
Acacia/IMG_6385.JPG,Acacia,0,group_0243,1,train
Acacia/IMG_6386.JPG,Acacia,0,group_0244,1,test
Acacia/IMG_6387.JPG,Acacia,0,group_0245,1,test
Acacia/IMG_6388.JPG,Acacia,0,group_0246,1,train
Acacia/IMG_6389.JPG,Acacia,0,group_0247,1,train
Acacia/IMG_6390.JPG,Acacia,0,group_0248,1,test
Acacia/IMG_6391.JPG,Acacia,0,group_0249,1,train
Acacia/IMG_6392.JPG,Acacia,0,group_0250,1,train
Acacia/IMG_6393.JPG,Acacia,0,group_0251,1,train
Acacia/IMG_6394.JPG,Acacia,0,group_0252,1,train
Acacia/IMG_6395.JPG,Acacia,0,group_0253,1,train
Acacia/IMG_6396.JPG,Acacia,0,group_0254,1,train
Acacia/IMG_6397.JPG,Acacia,0,group_0255,1,test
Acacia/IMG_6398.JPG,Acacia,0,group_0256,1,train
Acacia/IMG_6399.JPG,Acacia,0,group_0257,1,train
Acacia/IMG_6400.JPG,Acacia,0,group_0258,1,train
Acacia/IMG_6401.JPG,Acacia,0,group_0259,1,train
Acacia/IMG_6402.JPG,Acacia,0,group_0260,1,validation
Acacia/IMG_6403.JPG,Acacia,0,group_0261,1,train
Acacia/IMG_6404.JPG,Acacia,0,group_0262,1,train
Acacia/IMG_6405.JPG,Acacia,0,group_0263,1,train
Acacia/IMG_6406.JPG,Acacia,0,group_0264,1,validation
Acacia/IMG_6407.JPG,Acacia,0,group_0265,1,train
Acacia/IMG_6408.JPG,Acacia,0,group_0266,1,validation
Acacia/IMG_6409.JPG,Acacia,0,group_0267,1,test
Acacia/IMG_6410.JPG,Acacia,0,group_0268,1,test
Acacia/IMG_6411.JPG,Acacia,0,group_0269,1,train
Acacia/IMG_6412.JPG,Acacia,0,group_0270,1,train
Acacia/IMG_6413.JPG,Acacia,0,group_0271,1,train
Acacia/IMG_6414.JPG,Acacia,0,group_0272,1,train
Acacia/IMG_6415.JPG,Acacia,0,group_0273,1,train
Acacia/IMG_6416.JPG,Acacia,0,group_0274,1,test
Acacia/IMG_6417.JPG,Acacia,0,group_0275,1,validation
Acacia/IMG_6418.JPG,Acacia,0,group_0276,1,train
Acacia/IMG_6419.JPG,Acacia,0,group_0277,1,train
Acacia/IMG_6420.JPG,Acacia,0,group_0278,1,validation
Acacia/IMG_6421.JPG,Acacia,0,group_0279,1,train
Acacia/IMG_6422.JPG,Acacia,0,group_0280,1,validation
Acacia/IMG_6423.JPG,Acacia,0,group_0281,1,train
Acacia/IMG_6424.JPG,Acacia,0,group_0282,1,train
Acacia/IMG_6425.JPG,Acacia,0,group_0283,1,validation
Acacia/IMG_6426.JPG,Acacia,0,group_0284,1,train
Acacia/IMG_6427.JPG,Acacia,0,group_0285,1,train
Acacia/IMG_6428.JPG,Acacia,0,group_0286,1,train
Acacia/IMG_6429.JPG,Acacia,0,group_0287,1,train
Acacia/IMG_6430.JPG,Acacia,0,group_0288,1,test
Acacia/IMG_6431.JPG,Acacia,0,group_0289,1,train
Acacia/IMG_6432.JPG,Acacia,0,group_0290,1,train
Acacia/IMG_6433.JPG,Acacia,0,group_0291,1,train
Acacia/IMG_6434.JPG,Acacia,0,group_0292,1,train
Acacia/IMG_6435.JPG,Acacia,0,group_0293,1,train
Acacia/IMG_6436.JPG,Acacia,0,group_0294,1,validation
Acacia/IMG_6437.JPG,Acacia,0,group_0295,1,train
Acacia/IMG_6438.JPG,Acacia,0,group_0296,1,validation
Acacia/IMG_6439.JPG,Acacia,0,group_0297,1,train
Acacia/IMG_6440.JPG,Acacia,0,group_0298,1,validation
Acacia/IMG_6441.JPG,Acacia,0,group_0299,1,train
Acacia/IMG_6442.JPG,Acacia,0,group_0300,1,test
Acacia/IMG_6443.JPG,Acacia,0,group_0301,1,train
Acacia/IMG_6444.JPG,Acacia,0,group_0302,1,train
Acacia/IMG_6445.JPG,Acacia,0,group_0303,1,train
Acacia/IMG_6446.JPG,Acacia,0,group_0304,1,train
Acacia/IMG_6447.JPG,Acacia,0,group_0305,1,test
Acacia/IMG_6448.JPG,Acacia,0,group_0306,1,train
Acacia/IMG_6449.JPG,Acacia,0,group_0307,1,validation
Adenanthera microsperma/IMG_5777.JPG,Adenanthera microsperma,1,group_0308,1,train
Adenanthera microsperma/IMG_5778.JPG,Adenanthera microsperma,1,group_0309,1,validation
Adenanthera microsperma/IMG_5779.JPG,Adenanthera microsperma,1,group_0310,1,train
Adenanthera microsperma/IMG_5780.JPG,Adenanthera microsperma,1,group_0311,1,validation
Adenanthera microsperma/IMG_5781.JPG,Adenanthera microsperma,1,group_0312,1,test
Adenanthera microsperma/IMG_5782.JPG,Adenanthera microsperma,1,group_0313,1,train
Adenanthera microsperma/IMG_5783.JPG,Adenanthera microsperma,1,group_0314,1,train
Adenanthera microsperma/IMG_5784.JPG,Adenanthera microsperma,1,group_0315,1,train
Adenanthera microsperma/IMG_5785.JPG,Adenanthera microsperma,1,group_0316,1,train
Adenanthera microsperma/IMG_5786.JPG,Adenanthera microsperma,1,group_0317,1,train
Adenanthera microsperma/IMG_5787.JPG,Adenanthera microsperma,1,group_0318,1,train
Adenanthera microsperma/IMG_5788.JPG,Adenanthera microsperma,1,group_0319,1,train
Adenanthera microsperma/IMG_5789.JPG,Adenanthera microsperma,1,group_0320,1,test
Adenanthera microsperma/IMG_5790.JPG,Adenanthera microsperma,1,group_0321,1,validation
Adenanthera microsperma/IMG_5791.JPG,Adenanthera microsperma,1,group_0322,1,train
Adenanthera microsperma/IMG_5792.JPG,Adenanthera microsperma,1,group_0323,1,train
Adenanthera microsperma/IMG_5793.JPG,Adenanthera microsperma,1,group_0324,1,train
Adenanthera microsperma/IMG_5794.JPG,Adenanthera microsperma,1,group_0325,1,train
Adenanthera microsperma/IMG_5795.JPG,Adenanthera microsperma,1,group_0326,1,train
Adenanthera microsperma/IMG_5796.JPG,Adenanthera microsperma,1,group_0327,1,train
Adenanthera microsperma/IMG_5797.JPG,Adenanthera microsperma,1,group_0328,1,train
Adenanthera microsperma/IMG_5798.JPG,Adenanthera microsperma,1,group_0329,1,train
Adenanthera microsperma/IMG_5799.JPG,Adenanthera microsperma,1,group_0330,1,train
Adenanthera microsperma/IMG_5800.JPG,Adenanthera microsperma,1,group_0331,1,train
Adenanthera microsperma/IMG_5801.JPG,Adenanthera microsperma,1,group_0332,1,validation
Adenanthera microsperma/IMG_5802.JPG,Adenanthera microsperma,1,group_0333,1,train
Adenanthera microsperma/IMG_5803.JPG,Adenanthera microsperma,1,group_0334,1,train
Adenanthera microsperma/IMG_5804.JPG,Adenanthera microsperma,1,group_0335,1,test
Adenanthera microsperma/IMG_5805.JPG,Adenanthera microsperma,1,group_0336,1,train
Adenanthera microsperma/IMG_5806.JPG,Adenanthera microsperma,1,group_0337,1,train
Adenanthera microsperma/IMG_5807.JPG,Adenanthera microsperma,1,group_0338,1,train
Adenanthera microsperma/IMG_5808.JPG,Adenanthera microsperma,1,group_0339,1,validation
Adenanthera microsperma/IMG_5809.JPG,Adenanthera microsperma,1,group_0340,1,validation
Adenanthera microsperma/IMG_5810.JPG,Adenanthera microsperma,1,group_0341,1,train
Adenanthera microsperma/IMG_5811.JPG,Adenanthera microsperma,1,group_0342,1,train
Adenanthera microsperma/IMG_5812.JPG,Adenanthera microsperma,1,group_0343,1,train
Adenanthera microsperma/IMG_5813.JPG,Adenanthera microsperma,1,group_0344,1,train
Adenanthera microsperma/IMG_5814.JPG,Adenanthera microsperma,1,group_0345,1,train
Adenanthera microsperma/IMG_5815.JPG,Adenanthera microsperma,1,group_0346,1,train
Adenanthera microsperma/IMG_5816.JPG,Adenanthera microsperma,1,group_0347,1,test
Adenanthera microsperma/IMG_5817.JPG,Adenanthera microsperma,1,group_0348,1,train
Adenanthera microsperma/IMG_5818.JPG,Adenanthera microsperma,1,group_0349,1,train
Adenanthera microsperma/IMG_5819.JPG,Adenanthera microsperma,1,group_0350,1,test
Adenanthera microsperma/IMG_5820.JPG,Adenanthera microsperma,1,group_0351,1,train
Adenanthera microsperma/IMG_5821.JPG,Adenanthera microsperma,1,group_0352,1,train
Adenanthera microsperma/IMG_5822.JPG,Adenanthera microsperma,1,group_0353,1,train
Adenanthera microsperma/IMG_5823.JPG,Adenanthera microsperma,1,group_0354,1,train
Adenanthera microsperma/IMG_5824.JPG,Adenanthera microsperma,1,group_0355,1,train
Adenanthera microsperma/IMG_5825.JPG,Adenanthera microsperma,1,group_0356,1,test
Adenanthera microsperma/IMG_5826.JPG,Adenanthera microsperma,1,group_0357,1,train
Adenanthera microsperma/IMG_5827.JPG,Adenanthera microsperma,1,group_0358,1,train
Adenanthera microsperma/IMG_5828.JPG,Adenanthera microsperma,1,group_0359,1,train
Adenanthera microsperma/IMG_5829.JPG,Adenanthera microsperma,1,group_0360,1,validation
Adenanthera microsperma/IMG_5830.JPG,Adenanthera microsperma,1,group_0361,1,test
Adenanthera microsperma/IMG_5831.JPG,Adenanthera microsperma,1,group_0362,1,train
Adenanthera microsperma/IMG_5832.JPG,Adenanthera microsperma,1,group_0363,1,test
Adenanthera microsperma/IMG_5833.JPG,Adenanthera microsperma,1,group_0364,1,train
Adenanthera microsperma/IMG_5834.JPG,Adenanthera microsperma,1,group_0365,1,validation
Adenanthera microsperma/IMG_5835.JPG,Adenanthera microsperma,1,group_0366,1,train
Adenanthera microsperma/IMG_5836.JPG,Adenanthera microsperma,1,group_0367,1,validation
Adenanthera microsperma/IMG_5837.JPG,Adenanthera microsperma,1,group_0368,1,train
Adenanthera microsperma/IMG_5838.JPG,Adenanthera microsperma,1,group_0369,1,test
Adenanthera microsperma/IMG_5839.JPG,Adenanthera microsperma,1,group_0370,1,test
Adenanthera microsperma/IMG_5840.JPG,Adenanthera microsperma,1,group_0371,1,train
Adenanthera microsperma/IMG_5841.JPG,Adenanthera microsperma,1,group_0372,1,train
Adenanthera microsperma/IMG_5842.JPG,Adenanthera microsperma,1,group_0373,1,train
Adenanthera microsperma/IMG_5843.JPG,Adenanthera microsperma,1,group_0374,1,validation
Adenanthera microsperma/IMG_5844.JPG,Adenanthera microsperma,1,group_0375,1,train
Adenanthera microsperma/IMG_5845.JPG,Adenanthera microsperma,1,group_0376,1,validation
Adenanthera microsperma/IMG_5846.JPG,Adenanthera microsperma,1,group_0377,1,validation
Adenanthera microsperma/IMG_5847.JPG,Adenanthera microsperma,1,group_0378,1,train
Adenanthera microsperma/IMG_5848.JPG,Adenanthera microsperma,1,group_0379,1,test
Adenanthera microsperma/IMG_5849.JPG,Adenanthera microsperma,1,group_0380,1,train
Adenanthera microsperma/IMG_5850.JPG,Adenanthera microsperma,1,group_0381,1,train
Adenanthera microsperma/IMG_5851.JPG,Adenanthera microsperma,1,group_0382,1,test
Adenanthera microsperma/IMG_5852.JPG,Adenanthera microsperma,1,group_0383,1,train
Adenanthera microsperma/IMG_5853.JPG,Adenanthera microsperma,1,group_0384,1,train
Adenanthera microsperma/IMG_5854.JPG,Adenanthera microsperma,1,group_0385,1,train
Adenanthera microsperma/IMG_5855.JPG,Adenanthera microsperma,1,group_0386,1,train
Adenanthera microsperma/IMG_5856.JPG,Adenanthera microsperma,1,group_0387,1,train
Adenium species/IMG_6171.JPG,Adenium species,2,group_0388,1,train
Adenium species/IMG_6172.JPG,Adenium species,2,group_0389,1,validation
Adenium species/IMG_6173.JPG,Adenium species,2,group_0390,1,train
Adenium species/IMG_6174.JPG,Adenium species,2,group_0070,2,train
Adenium species/IMG_6175.JPG,Adenium species,2,group_0070,2,train
Adenium species/IMG_6176.JPG,Adenium species,2,group_0391,1,test
Adenium species/IMG_6177.JPG,Adenium species,2,group_0392,1,validation
Adenium species/IMG_6178.JPG,Adenium species,2,group_0393,1,train
Adenium species/IMG_6179.JPG,Adenium species,2,group_0394,1,test
Adenium species/IMG_6180.JPG,Adenium species,2,group_0395,1,test
Adenium species/IMG_6181.JPG,Adenium species,2,group_0071,2,train
Adenium species/IMG_6182.JPG,Adenium species,2,group_0071,2,train
Adenium species/IMG_6183.JPG,Adenium species,2,group_0396,1,validation
Adenium species/IMG_6184.JPG,Adenium species,2,group_0397,1,train
Adenium species/IMG_6185.JPG,Adenium species,2,group_0398,1,train
Adenium species/IMG_6186.JPG,Adenium species,2,group_0072,2,train
Adenium species/IMG_6187.JPG,Adenium species,2,group_0072,2,train
Adenium species/IMG_6188.JPG,Adenium species,2,group_0399,1,train
Adenium species/IMG_6189.JPG,Adenium species,2,group_0400,1,train
Adenium species/IMG_6190.JPG,Adenium species,2,group_0401,1,validation
Adenium species/IMG_6191.JPG,Adenium species,2,group_0402,1,train
Adenium species/IMG_6192.JPG,Adenium species,2,group_0403,1,test
Adenium species/IMG_6193.JPG,Adenium species,2,group_0404,1,test
Adenium species/IMG_6194.JPG,Adenium species,2,group_0405,1,test
Adenium species/IMG_6195.JPG,Adenium species,2,group_0406,1,train
Adenium species/IMG_6196.JPG,Adenium species,2,group_0073,2,train
Adenium species/IMG_6197.JPG,Adenium species,2,group_0073,2,train
Adenium species/IMG_6198.JPG,Adenium species,2,group_0407,1,validation
Adenium species/IMG_6199.JPG,Adenium species,2,group_0408,1,test
Adenium species/IMG_6200.JPG,Adenium species,2,group_0409,1,test
Adenium species/IMG_6201.JPG,Adenium species,2,group_0017,5,train
Adenium species/IMG_6202.JPG,Adenium species,2,group_0017,5,train
Adenium species/IMG_6203.JPG,Adenium species,2,group_0017,5,train
Adenium species/IMG_6204.JPG,Adenium species,2,group_0017,5,train
Adenium species/IMG_6205.JPG,Adenium species,2,group_0017,5,train
Adenium species/IMG_6206.JPG,Adenium species,2,group_0020,4,train
Adenium species/IMG_6207.JPG,Adenium species,2,group_0020,4,train
Adenium species/IMG_6208.JPG,Adenium species,2,group_0020,4,train
Adenium species/IMG_6209.JPG,Adenium species,2,group_0020,4,train
Adenium species/IMG_6210.JPG,Adenium species,2,group_0410,1,train
Adenium species/IMG_6211.JPG,Adenium species,2,group_0411,1,train
Adenium species/IMG_6212.JPG,Adenium species,2,group_0412,1,train
Adenium species/IMG_6213.JPG,Adenium species,2,group_0413,1,validation
Adenium species/IMG_6214.JPG,Adenium species,2,group_0414,1,train
Adenium species/IMG_6215.JPG,Adenium species,2,group_0415,1,train
Adenium species/IMG_6216.JPG,Adenium species,2,group_0006,7,train
Adenium species/IMG_6217.JPG,Adenium species,2,group_0006,7,train
Adenium species/IMG_6218.JPG,Adenium species,2,group_0006,7,train
Adenium species/IMG_6219.JPG,Adenium species,2,group_0006,7,train
Adenium species/IMG_6220.JPG,Adenium species,2,group_0006,7,train
Adenium species/IMG_6221.JPG,Adenium species,2,group_0006,7,train
Adenium species/IMG_6222.JPG,Adenium species,2,group_0006,7,train
Adenium species/IMG_6223.JPG,Adenium species,2,group_0416,1,train
Adenium species/IMG_6224.JPG,Adenium species,2,group_0417,1,train
Adenium species/IMG_6225.JPG,Adenium species,2,group_0074,2,train
Adenium species/IMG_6226.JPG,Adenium species,2,group_0074,2,train
Adenium species/IMG_6227.JPG,Adenium species,2,group_0418,1,train
Adenium species/IMG_6228.JPG,Adenium species,2,group_0419,1,train
Adenium species/IMG_6229.JPG,Adenium species,2,group_0420,1,test
Adenium species/IMG_6230.JPG,Adenium species,2,group_0037,3,train
Adenium species/IMG_6231.JPG,Adenium species,2,group_0037,3,train
Adenium species/IMG_6232.JPG,Adenium species,2,group_0038,3,train
Adenium species/IMG_6233.JPG,Adenium species,2,group_0038,3,train
Adenium species/IMG_6234.JPG,Adenium species,2,group_0038,3,train
Adenium species/IMG_6235.JPG,Adenium species,2,group_0037,3,train
Adenium species/IMG_6236.JPG,Adenium species,2,group_0421,1,train
Adenium species/IMG_6237.JPG,Adenium species,2,group_0422,1,train
Adenium species/IMG_6238.JPG,Adenium species,2,group_0075,2,train
Adenium species/IMG_6239.JPG,Adenium species,2,group_0075,2,train
Adenium species/IMG_6240.JPG,Adenium species,2,group_0039,3,train
Adenium species/IMG_6241.JPG,Adenium species,2,group_0039,3,train
Adenium species/IMG_6242.JPG,Adenium species,2,group_0039,3,train
Adenium species/IMG_6243.JPG,Adenium species,2,group_0423,1,train
Adenium species/IMG_6244.JPG,Adenium species,2,group_0424,1,train
Adenium species/IMG_6245.JPG,Adenium species,2,group_0425,1,train
Adenium species/IMG_6246.JPG,Adenium species,2,group_0426,1,train
Adenium species/IMG_6247.JPG,Adenium species,2,group_0427,1,train
Adenium species/IMG_6248.JPG,Adenium species,2,group_0428,1,train
Adenium species/IMG_6249.JPG,Adenium species,2,group_0429,1,validation
Adenium species/IMG_6250.JPG,Adenium species,2,group_0076,2,train
Adenium species/IMG_6251.JPG,Adenium species,2,group_0076,2,train
Adenium species/IMG_6252.JPG,Adenium species,2,group_0430,1,validation
Adenium species/IMG_6253.JPG,Adenium species,2,group_0431,1,test
Adenium species/IMG_6254.JPG,Adenium species,2,group_0432,1,train
Adenium species/IMG_6255.JPG,Adenium species,2,group_0010,6,test
Adenium species/IMG_6256.JPG,Adenium species,2,group_0010,6,test
Adenium species/IMG_6257.JPG,Adenium species,2,group_0010,6,test
Adenium species/IMG_6258.JPG,Adenium species,2,group_0010,6,test
Adenium species/IMG_6259.JPG,Adenium species,2,group_0010,6,test
Adenium species/IMG_6260.JPG,Adenium species,2,group_0010,6,test
Adenium species/IMG_6261.JPG,Adenium species,2,group_0433,1,test
Adenium species/IMG_6262.JPG,Adenium species,2,group_0434,1,train
Adenium species/IMG_6263.JPG,Adenium species,2,group_0435,1,train
Adenium species/IMG_6264.JPG,Adenium species,2,group_0436,1,validation
Adenium species/IMG_6265.JPG,Adenium species,2,group_0437,1,train
Adenium species/IMG_6266.JPG,Adenium species,2,group_0438,1,validation
Adenium species/IMG_6267.JPG,Adenium species,2,group_0439,1,train
Adenium species/IMG_6268.JPG,Adenium species,2,group_0440,1,train
Adenium species/IMG_6269.JPG,Adenium species,2,group_0441,1,train
Adenium species/IMG_6270.JPG,Adenium species,2,group_0442,1,train
Adenium species/IMG_6271.JPG,Adenium species,2,group_0443,1,validation
Adenium species/IMG_6272.JPG,Adenium species,2,group_0444,1,train
Adenium species/IMG_6273.JPG,Adenium species,2,group_0077,2,train
Adenium species/IMG_6274.JPG,Adenium species,2,group_0077,2,train
Adenium species/IMG_6275.JPG,Adenium species,2,group_0018,5,train
Adenium species/IMG_6276.JPG,Adenium species,2,group_0018,5,train
Adenium species/IMG_6277.JPG,Adenium species,2,group_0018,5,train
Adenium species/IMG_6278.JPG,Adenium species,2,group_0018,5,train
Adenium species/IMG_6279.JPG,Adenium species,2,group_0018,5,train
Adenium species/IMG_6280.JPG,Adenium species,2,group_0445,1,train
Adenium species/IMG_6281.JPG,Adenium species,2,group_0446,1,test
Adenium species/IMG_6282.JPG,Adenium species,2,group_0447,1,train
Adenium species/IMG_6283.JPG,Adenium species,2,group_0021,4,train
Adenium species/IMG_6284.JPG,Adenium species,2,group_0021,4,train
Adenium species/IMG_6285.JPG,Adenium species,2,group_0021,4,train
Adenium species/IMG_6286.JPG,Adenium species,2,group_0021,4,train
Adenium species/IMG_6287.JPG,Adenium species,2,group_0448,1,validation
Adenium species/IMG_6288.JPG,Adenium species,2,group_0078,2,train
Adenium species/IMG_6289.JPG,Adenium species,2,group_0078,2,train
Adenium species/IMG_6290.JPG,Adenium species,2,group_0449,1,validation
Adenium species/IMG_6291.JPG,Adenium species,2,group_0450,1,test
Adenium species/IMG_6292.JPG,Adenium species,2,group_0451,1,validation
Adenium species/IMG_6293.JPG,Adenium species,2,group_0452,1,validation
Adenium species/IMG_6294.JPG,Adenium species,2,group_0022,4,train
Adenium species/IMG_6295.JPG,Adenium species,2,group_0022,4,train
Adenium species/IMG_6296.JPG,Adenium species,2,group_0022,4,train
Adenium species/IMG_6297.JPG,Adenium species,2,group_0022,4,train
Adenium species/IMG_6298.JPG,Adenium species,2,group_0453,1,test
Adenium species/IMG_6299.JPG,Adenium species,2,group_0023,4,train
Adenium species/IMG_6300.JPG,Adenium species,2,group_0023,4,train
Adenium species/IMG_6301.JPG,Adenium species,2,group_0023,4,train
Adenium species/IMG_6302.JPG,Adenium species,2,group_0023,4,train
Adenium species/IMG_6303.JPG,Adenium species,2,group_0454,1,train
Adenium species/IMG_6304.JPG,Adenium species,2,group_0011,6,validation
Adenium species/IMG_6305.JPG,Adenium species,2,group_0011,6,validation
Adenium species/IMG_6306.JPG,Adenium species,2,group_0011,6,validation
Adenium species/IMG_6307.JPG,Adenium species,2,group_0011,6,validation
Adenium species/IMG_6308.JPG,Adenium species,2,group_0011,6,validation
Adenium species/IMG_6309.JPG,Adenium species,2,group_0011,6,validation
Adenium species/IMG_6310.JPG,Adenium species,2,group_0455,1,train
Adenium species/IMG_6311.JPG,Adenium species,2,group_0456,1,train
Adenium species/IMG_6312.JPG,Adenium species,2,group_0457,1,train
Adenium species/IMG_6313.JPG,Adenium species,2,group_0458,1,test
Adenium species/IMG_6314.JPG,Adenium species,2,group_0459,1,validation
Anacardium occidentale/IMG_4782.JPG,Anacardium occidentale,3,group_0460,1,train
Anacardium occidentale/IMG_4783.JPG,Anacardium occidentale,3,group_0461,1,train
Anacardium occidentale/IMG_4784.JPG,Anacardium occidentale,3,group_0462,1,train
Anacardium occidentale/IMG_4785.JPG,Anacardium occidentale,3,group_0079,2,train
Anacardium occidentale/IMG_4786.JPG,Anacardium occidentale,3,group_0080,2,train
Anacardium occidentale/IMG_4787.JPG,Anacardium occidentale,3,group_0080,2,train
Anacardium occidentale/IMG_4788.JPG,Anacardium occidentale,3,group_0463,1,train
Anacardium occidentale/IMG_4789.JPG,Anacardium occidentale,3,group_0079,2,train
Anacardium occidentale/IMG_4790.JPG,Anacardium occidentale,3,group_0081,2,train
Anacardium occidentale/IMG_4791.JPG,Anacardium occidentale,3,group_0081,2,train
Anacardium occidentale/IMG_4792.JPG,Anacardium occidentale,3,group_0464,1,train
Anacardium occidentale/IMG_4793.JPG,Anacardium occidentale,3,group_0465,1,train
Anacardium occidentale/IMG_4794.JPG,Anacardium occidentale,3,group_0466,1,test
Anacardium occidentale/IMG_4795.JPG,Anacardium occidentale,3,group_0467,1,train
Anacardium occidentale/IMG_4796.JPG,Anacardium occidentale,3,group_0468,1,train
Anacardium occidentale/IMG_4797.JPG,Anacardium occidentale,3,group_0469,1,test
Anacardium occidentale/IMG_4798.JPG,Anacardium occidentale,3,group_0470,1,train
Anacardium occidentale/IMG_4799.JPG,Anacardium occidentale,3,group_0471,1,train
Anacardium occidentale/IMG_4800.JPG,Anacardium occidentale,3,group_0472,1,train
Anacardium occidentale/IMG_4801.JPG,Anacardium occidentale,3,group_0473,1,validation
Anacardium occidentale/IMG_4802.JPG,Anacardium occidentale,3,group_0474,1,train
Anacardium occidentale/IMG_4803.JPG,Anacardium occidentale,3,group_0475,1,train
Anacardium occidentale/IMG_4804.JPG,Anacardium occidentale,3,group_0476,1,validation
Anacardium occidentale/IMG_4805.JPG,Anacardium occidentale,3,group_0477,1,test
Anacardium occidentale/IMG_4806.JPG,Anacardium occidentale,3,group_0478,1,train
Anacardium occidentale/IMG_4807.JPG,Anacardium occidentale,3,group_0082,2,train
Anacardium occidentale/IMG_4808.JPG,Anacardium occidentale,3,group_0082,2,train
Anacardium occidentale/IMG_4809.JPG,Anacardium occidentale,3,group_0479,1,validation
Anacardium occidentale/IMG_4810.JPG,Anacardium occidentale,3,group_0480,1,train
Anacardium occidentale/IMG_4811.JPG,Anacardium occidentale,3,group_0481,1,train
Anacardium occidentale/IMG_4812.JPG,Anacardium occidentale,3,group_0482,1,validation
Anacardium occidentale/IMG_4813.JPG,Anacardium occidentale,3,group_0083,2,train
Anacardium occidentale/IMG_4814.JPG,Anacardium occidentale,3,group_0083,2,train
Anacardium occidentale/IMG_4815.JPG,Anacardium occidentale,3,group_0483,1,validation
Anacardium occidentale/IMG_4816.JPG,Anacardium occidentale,3,group_0484,1,train
Anacardium occidentale/IMG_4817.JPG,Anacardium occidentale,3,group_0084,2,train
Anacardium occidentale/IMG_4818.JPG,Anacardium occidentale,3,group_0084,2,train
Anacardium occidentale/IMG_4819.JPG,Anacardium occidentale,3,group_0485,1,train
Anacardium occidentale/IMG_4820.JPG,Anacardium occidentale,3,group_0085,2,train
Anacardium occidentale/IMG_4821.JPG,Anacardium occidentale,3,group_0085,2,train
Anacardium occidentale/IMG_4822.JPG,Anacardium occidentale,3,group_0486,1,validation
Anacardium occidentale/IMG_4823.JPG,Anacardium occidentale,3,group_0487,1,train
Anacardium occidentale/IMG_4824.JPG,Anacardium occidentale,3,group_0488,1,train
Anacardium occidentale/IMG_4825.JPG,Anacardium occidentale,3,group_0086,2,train
Anacardium occidentale/IMG_4826.JPG,Anacardium occidentale,3,group_0086,2,train
Anacardium occidentale/IMG_4827.JPG,Anacardium occidentale,3,group_0489,1,train
Anacardium occidentale/IMG_4828.JPG,Anacardium occidentale,3,group_0490,1,test
Anacardium occidentale/IMG_4829.JPG,Anacardium occidentale,3,group_0491,1,train
Anacardium occidentale/IMG_4830.JPG,Anacardium occidentale,3,group_0492,1,train
Anacardium occidentale/IMG_4831.JPG,Anacardium occidentale,3,group_0493,1,train
Anacardium occidentale/IMG_4832.JPG,Anacardium occidentale,3,group_0494,1,train
Anacardium occidentale/IMG_4833.JPG,Anacardium occidentale,3,group_0495,1,train
Anacardium occidentale/IMG_4834.JPG,Anacardium occidentale,3,group_0496,1,validation
Anacardium occidentale/IMG_4835.JPG,Anacardium occidentale,3,group_0497,1,train
Anacardium occidentale/IMG_4836.JPG,Anacardium occidentale,3,group_0087,2,train
Anacardium occidentale/IMG_4837.JPG,Anacardium occidentale,3,group_0087,2,train
Anacardium occidentale/IMG_4838.JPG,Anacardium occidentale,3,group_0498,1,test
Anacardium occidentale/IMG_4839.JPG,Anacardium occidentale,3,group_0499,1,train
Anacardium occidentale/IMG_4840.JPG,Anacardium occidentale,3,group_0088,2,train
Anacardium occidentale/IMG_4841.JPG,Anacardium occidentale,3,group_0088,2,train
Anacardium occidentale/IMG_4842.JPG,Anacardium occidentale,3,group_0040,3,train
Anacardium occidentale/IMG_4843.JPG,Anacardium occidentale,3,group_0040,3,train
Anacardium occidentale/IMG_4844.JPG,Anacardium occidentale,3,group_0040,3,train
Anacardium occidentale/IMG_4845.JPG,Anacardium occidentale,3,group_0500,1,train
Anacardium occidentale/IMG_4846.JPG,Anacardium occidentale,3,group_0501,1,test
Anacardium occidentale/IMG_4847.JPG,Anacardium occidentale,3,group_0502,1,validation
Anacardium occidentale/IMG_4848.JPG,Anacardium occidentale,3,group_0503,1,train
Anacardium occidentale/IMG_4849.JPG,Anacardium occidentale,3,group_0504,1,train
Anacardium occidentale/IMG_4850.JPG,Anacardium occidentale,3,group_0089,2,train
Anacardium occidentale/IMG_4851.JPG,Anacardium occidentale,3,group_0089,2,train
Anacardium occidentale/IMG_4852.JPG,Anacardium occidentale,3,group_0505,1,train
Anacardium occidentale/IMG_4853.JPG,Anacardium occidentale,3,group_0041,3,train
Anacardium occidentale/IMG_4854.JPG,Anacardium occidentale,3,group_0041,3,train
Anacardium occidentale/IMG_4855.JPG,Anacardium occidentale,3,group_0041,3,train
Anacardium occidentale/IMG_4856.JPG,Anacardium occidentale,3,group_0506,1,validation
Anacardium occidentale/IMG_4857.JPG,Anacardium occidentale,3,group_0001,16,train
Anacardium occidentale/IMG_4858.JPG,Anacardium occidentale,3,group_0001,16,train
Anacardium occidentale/IMG_4859.JPG,Anacardium occidentale,3,group_0001,16,train
Anacardium occidentale/IMG_4860.JPG,Anacardium occidentale,3,group_0001,16,train
Anacardium occidentale/IMG_4861.JPG,Anacardium occidentale,3,group_0001,16,train
Anacardium occidentale/IMG_4862.JPG,Anacardium occidentale,3,group_0001,16,train
Anacardium occidentale/IMG_4863.JPG,Anacardium occidentale,3,group_0001,16,train
Anacardium occidentale/IMG_4864.JPG,Anacardium occidentale,3,group_0001,16,train
Anacardium occidentale/IMG_4865.JPG,Anacardium occidentale,3,group_0001,16,train
Anacardium occidentale/IMG_4866.JPG,Anacardium occidentale,3,group_0001,16,train
Anacardium occidentale/IMG_4867.JPG,Anacardium occidentale,3,group_0001,16,train
Anacardium occidentale/IMG_4868.JPG,Anacardium occidentale,3,group_0001,16,train
Anacardium occidentale/IMG_4869.JPG,Anacardium occidentale,3,group_0001,16,train
Anacardium occidentale/IMG_4870.JPG,Anacardium occidentale,3,group_0001,16,train
Anacardium occidentale/IMG_4871.JPG,Anacardium occidentale,3,group_0001,16,train
Anacardium occidentale/IMG_4872.JPG,Anacardium occidentale,3,group_0001,16,train
Anacardium occidentale/IMG_4873.JPG,Anacardium occidentale,3,group_0507,1,train
Anacardium occidentale/IMG_4874.JPG,Anacardium occidentale,3,group_0508,1,test
Anacardium occidentale/IMG_4875.JPG,Anacardium occidentale,3,group_0090,2,train
Anacardium occidentale/IMG_4876.JPG,Anacardium occidentale,3,group_0090,2,train
Anacardium occidentale/IMG_4877.JPG,Anacardium occidentale,3,group_0509,1,validation
Anacardium occidentale/IMG_4878.JPG,Anacardium occidentale,3,group_0510,1,test
Anacardium occidentale/IMG_4879.JPG,Anacardium occidentale,3,group_0511,1,test
Anacardium occidentale/IMG_4880.JPG,Anacardium occidentale,3,group_0012,6,test
Anacardium occidentale/IMG_4881.JPG,Anacardium occidentale,3,group_0012,6,test
Anacardium occidentale/IMG_4882.JPG,Anacardium occidentale,3,group_0012,6,test
Anacardium occidentale/IMG_4883.JPG,Anacardium occidentale,3,group_0012,6,test
Anacardium occidentale/IMG_4884.JPG,Anacardium occidentale,3,group_0012,6,test
Anacardium occidentale/IMG_4885.JPG,Anacardium occidentale,3,group_0012,6,test
Anacardium occidentale/IMG_4886.JPG,Anacardium occidentale,3,group_0512,1,train
Anacardium occidentale/IMG_4887.JPG,Anacardium occidentale,3,group_0513,1,train
Anacardium occidentale/IMG_4888.JPG,Anacardium occidentale,3,group_0514,1,validation
Anacardium occidentale/IMG_4889.JPG,Anacardium occidentale,3,group_0515,1,train
Anacardium occidentale/IMG_4890.JPG,Anacardium occidentale,3,group_0516,1,train
Anacardium occidentale/IMG_4891.JPG,Anacardium occidentale,3,group_0517,1,test
Anacardium occidentale/IMG_4892.JPG,Anacardium occidentale,3,group_0518,1,validation
Anacardium occidentale/IMG_4893.JPG,Anacardium occidentale,3,group_0091,2,train
Anacardium occidentale/IMG_4894.JPG,Anacardium occidentale,3,group_0091,2,train
Anacardium occidentale/IMG_4895.JPG,Anacardium occidentale,3,group_0519,1,test
Anacardium occidentale/IMG_4896.JPG,Anacardium occidentale,3,group_0520,1,train
Anacardium occidentale/IMG_4897.JPG,Anacardium occidentale,3,group_0521,1,validation
Anacardium occidentale/IMG_4898.JPG,Anacardium occidentale,3,group_0522,1,train
Anacardium occidentale/IMG_4899.JPG,Anacardium occidentale,3,group_0024,4,train
Anacardium occidentale/IMG_4900.JPG,Anacardium occidentale,3,group_0024,4,train
Anacardium occidentale/IMG_4901.JPG,Anacardium occidentale,3,group_0024,4,train
Anacardium occidentale/IMG_4902.JPG,Anacardium occidentale,3,group_0024,4,train
Anacardium occidentale/IMG_4903.JPG,Anacardium occidentale,3,group_0523,1,train
Anacardium occidentale/IMG_4904.JPG,Anacardium occidentale,3,group_0524,1,validation
Anacardium occidentale/IMG_4905.JPG,Anacardium occidentale,3,group_0525,1,test
Anacardium occidentale/IMG_4906.JPG,Anacardium occidentale,3,group_0526,1,train
Anacardium occidentale/IMG_4907.JPG,Anacardium occidentale,3,group_0527,1,train
Anacardium occidentale/IMG_4908.JPG,Anacardium occidentale,3,group_0528,1,train
Anacardium occidentale/IMG_4909.JPG,Anacardium occidentale,3,group_0529,1,train
Anacardium occidentale/IMG_4910.JPG,Anacardium occidentale,3,group_0013,6,train
Anacardium occidentale/IMG_4911.JPG,Anacardium occidentale,3,group_0013,6,train
Anacardium occidentale/IMG_4912.JPG,Anacardium occidentale,3,group_0013,6,train
Anacardium occidentale/IMG_4913.JPG,Anacardium occidentale,3,group_0013,6,train
Anacardium occidentale/IMG_4914.JPG,Anacardium occidentale,3,group_0013,6,train
Anacardium occidentale/IMG_4915.JPG,Anacardium occidentale,3,group_0013,6,train
Anacardium occidentale/IMG_4916.JPG,Anacardium occidentale,3,group_0530,1,train
Anacardium occidentale/IMG_4917.JPG,Anacardium occidentale,3,group_0531,1,train
Anacardium occidentale/IMG_4918.JPG,Anacardium occidentale,3,group_0532,1,test
Anacardium occidentale/IMG_4919.JPG,Anacardium occidentale,3,group_0533,1,validation
Anacardium occidentale/IMG_4920.JPG,Anacardium occidentale,3,group_0534,1,test
Anacardium occidentale/IMG_4921.JPG,Anacardium occidentale,3,group_0535,1,train
Anacardium occidentale/IMG_4922.JPG,Anacardium occidentale,3,group_0536,1,train
Anacardium occidentale/IMG_4923.JPG,Anacardium occidentale,3,group_0537,1,validation
Anacardium occidentale/IMG_4924.JPG,Anacardium occidentale,3,group_0538,1,train
Anacardium occidentale/IMG_4925.JPG,Anacardium occidentale,3,group_0539,1,train
Anacardium occidentale/IMG_4926.JPG,Anacardium occidentale,3,group_0540,1,test
Anacardium occidentale/IMG_4927.JPG,Anacardium occidentale,3,group_0541,1,train
Anacardium occidentale/IMG_4928.JPG,Anacardium occidentale,3,group_0092,2,train
Anacardium occidentale/IMG_4929.JPG,Anacardium occidentale,3,group_0092,2,train
Anacardium occidentale/IMG_4930.JPG,Anacardium occidentale,3,group_0542,1,validation
Anacardium occidentale/IMG_4931.JPG,Anacardium occidentale,3,group_0543,1,train
Anacardium occidentale/IMG_4932.JPG,Anacardium occidentale,3,group_0544,1,train
Anacardium occidentale/IMG_4933.JPG,Anacardium occidentale,3,group_0014,6,train
Anacardium occidentale/IMG_4934.JPG,Anacardium occidentale,3,group_0014,6,train
Anacardium occidentale/IMG_4935.JPG,Anacardium occidentale,3,group_0014,6,train
Anacardium occidentale/IMG_4936.JPG,Anacardium occidentale,3,group_0014,6,train
Anacardium occidentale/IMG_4937.JPG,Anacardium occidentale,3,group_0014,6,train
Anacardium occidentale/IMG_4938.JPG,Anacardium occidentale,3,group_0014,6,train
Anacardium occidentale/IMG_4939.JPG,Anacardium occidentale,3,group_0545,1,test
Anacardium occidentale/IMG_4940.JPG,Anacardium occidentale,3,group_0546,1,train
Anacardium occidentale/IMG_4941.JPG,Anacardium occidentale,3,group_0547,1,train
Anacardium occidentale/IMG_4942.JPG,Anacardium occidentale,3,group_0548,1,train
Anacardium occidentale/IMG_4943.JPG,Anacardium occidentale,3,group_0549,1,test
Anacardium occidentale/IMG_4944.JPG,Anacardium occidentale,3,group_0550,1,validation
Anacardium occidentale/IMG_4945.JPG,Anacardium occidentale,3,group_0551,1,train
Anacardium occidentale/IMG_4946.JPG,Anacardium occidentale,3,group_0552,1,train
Anacardium occidentale/IMG_4947.JPG,Anacardium occidentale,3,group_0553,1,train
Anacardium occidentale/IMG_4948.JPG,Anacardium occidentale,3,group_0554,1,test
Anacardium occidentale/IMG_4949.JPG,Anacardium occidentale,3,group_0555,1,train
Anacardium occidentale/IMG_4950.JPG,Anacardium occidentale,3,group_0556,1,train
Anacardium occidentale/IMG_4951.JPG,Anacardium occidentale,3,group_0557,1,test
Anacardium occidentale/IMG_4952.JPG,Anacardium occidentale,3,group_0558,1,test
Anacardium occidentale/IMG_4953.JPG,Anacardium occidentale,3,group_0559,1,train
Anacardium occidentale/IMG_4954.JPG,Anacardium occidentale,3,group_0560,1,validation
Anacardium occidentale/IMG_4955.JPG,Anacardium occidentale,3,group_0561,1,train
Anacardium occidentale/IMG_4956.JPG,Anacardium occidentale,3,group_0562,1,train
Anacardium occidentale/IMG_4957.JPG,Anacardium occidentale,3,group_0563,1,test
Anacardium occidentale/IMG_4958.JPG,Anacardium occidentale,3,group_0564,1,train
Anacardium occidentale/IMG_4959.JPG,Anacardium occidentale,3,group_0093,2,train
Anacardium occidentale/IMG_4960.JPG,Anacardium occidentale,3,group_0093,2,train
Anacardium occidentale/IMG_4961.JPG,Anacardium occidentale,3,group_0565,1,train
Anacardium occidentale/IMG_4962.JPG,Anacardium occidentale,3,group_0566,1,train
Anacardium occidentale/IMG_4963.JPG,Anacardium occidentale,3,group_0567,1,train
Anacardium occidentale/IMG_4964.JPG,Anacardium occidentale,3,group_0094,2,train
Anacardium occidentale/IMG_4965.JPG,Anacardium occidentale,3,group_0094,2,train
Anacardium occidentale/IMG_4966.JPG,Anacardium occidentale,3,group_0568,1,validation
Anacardium occidentale/IMG_4967.JPG,Anacardium occidentale,3,group_0002,9,validation
Anacardium occidentale/IMG_4968.JPG,Anacardium occidentale,3,group_0002,9,validation
Anacardium occidentale/IMG_4969.JPG,Anacardium occidentale,3,group_0002,9,validation
Anacardium occidentale/IMG_4970.JPG,Anacardium occidentale,3,group_0002,9,validation
Anacardium occidentale/IMG_4971.JPG,Anacardium occidentale,3,group_0002,9,validation
Anacardium occidentale/IMG_4972.JPG,Anacardium occidentale,3,group_0002,9,validation
Anacardium occidentale/IMG_4973.JPG,Anacardium occidentale,3,group_0002,9,validation
Anacardium occidentale/IMG_4974.JPG,Anacardium occidentale,3,group_0002,9,validation
Anacardium occidentale/IMG_4975.JPG,Anacardium occidentale,3,group_0002,9,validation
Anacardium occidentale/IMG_4976.JPG,Anacardium occidentale,3,group_0569,1,validation
Anacardium occidentale/IMG_4977.JPG,Anacardium occidentale,3,group_0570,1,validation
Anacardium occidentale/IMG_4978.JPG,Anacardium occidentale,3,group_0095,2,train
Anacardium occidentale/IMG_4979.JPG,Anacardium occidentale,3,group_0095,2,train
Anacardium occidentale/IMG_4980.JPG,Anacardium occidentale,3,group_0571,1,test
Anacardium occidentale/IMG_4981.JPG,Anacardium occidentale,3,group_0572,1,test
Anacardium occidentale/IMG_4982.JPG,Anacardium occidentale,3,group_0573,1,train
Anacardium occidentale/IMG_4983.JPG,Anacardium occidentale,3,group_0574,1,test
Anacardium occidentale/IMG_4984.JPG,Anacardium occidentale,3,group_0575,1,train
Anacardium occidentale/IMG_4985.JPG,Anacardium occidentale,3,group_0576,1,train
Anacardium occidentale/IMG_4986.JPG,Anacardium occidentale,3,group_0577,1,validation
Anacardium occidentale/IMG_4987.JPG,Anacardium occidentale,3,group_0578,1,validation
Anacardium occidentale/IMG_4988.JPG,Anacardium occidentale,3,group_0579,1,train
Anacardium occidentale/IMG_4989.JPG,Anacardium occidentale,3,group_0580,1,train
Anacardium occidentale/IMG_4990.JPG,Anacardium occidentale,3,group_0581,1,train
Anacardium occidentale/IMG_4991.JPG,Anacardium occidentale,3,group_0582,1,train
Anacardium occidentale/IMG_4992.JPG,Anacardium occidentale,3,group_0583,1,test
Anacardium occidentale/IMG_4993.JPG,Anacardium occidentale,3,group_0584,1,train
Anacardium occidentale/IMG_4994.JPG,Anacardium occidentale,3,group_0585,1,train
Anacardium occidentale/IMG_4995.JPG,Anacardium occidentale,3,group_0586,1,validation
Anacardium occidentale/IMG_4996.JPG,Anacardium occidentale,3,group_0587,1,test
Anacardium occidentale/IMG_4997.JPG,Anacardium occidentale,3,group_0588,1,train
Anacardium occidentale/IMG_4998.JPG,Anacardium occidentale,3,group_0589,1,train
Anacardium occidentale/IMG_4999.JPG,Anacardium occidentale,3,group_0590,1,test
Anacardium occidentale/IMG_5001.JPG,Anacardium occidentale,3,group_0591,1,train
Anacardium occidentale/IMG_5002.JPG,Anacardium occidentale,3,group_0592,1,test
Anacardium occidentale/IMG_5003.JPG,Anacardium occidentale,3,group_0593,1,validation
Anacardium occidentale/IMG_5004.JPG,Anacardium occidentale,3,group_0594,1,test
Anacardium occidentale/IMG_5005.JPG,Anacardium occidentale,3,group_0595,1,train
Anacardium occidentale/IMG_5006.JPG,Anacardium occidentale,3,group_0596,1,train
Anacardium occidentale/IMG_5007.JPG,Anacardium occidentale,3,group_0597,1,train
Anacardium occidentale/IMG_5008.JPG,Anacardium occidentale,3,group_0096,2,train
Anacardium occidentale/IMG_5009.JPG,Anacardium occidentale,3,group_0096,2,train
Anacardium occidentale/IMG_5010.JPG,Anacardium occidentale,3,group_0598,1,train
Anacardium occidentale/IMG_5011.JPG,Anacardium occidentale,3,group_0599,1,train
Anacardium occidentale/IMG_5012.JPG,Anacardium occidentale,3,group_0600,1,train
Anacardium occidentale/IMG_5013.JPG,Anacardium occidentale,3,group_0601,1,train
Anacardium occidentale/IMG_5014.JPG,Anacardium occidentale,3,group_0602,1,train
Anacardium occidentale/IMG_5015.JPG,Anacardium occidentale,3,group_0603,1,train
Anacardium occidentale/IMG_5016.JPG,Anacardium occidentale,3,group_0604,1,validation
Anacardium occidentale/IMG_5017.JPG,Anacardium occidentale,3,group_0097,2,train
Anacardium occidentale/IMG_5018.JPG,Anacardium occidentale,3,group_0097,2,train
Anacardium occidentale/IMG_5019.JPG,Anacardium occidentale,3,group_0605,1,test
Anacardium occidentale/IMG_5020.JPG,Anacardium occidentale,3,group_0606,1,train
Anacardium occidentale/IMG_5021.JPG,Anacardium occidentale,3,group_0607,1,train
Annona squamosa/IMG_1326.JPG,Annona squamosa,4,group_0608,1,train
Annona squamosa/IMG_1327.JPG,Annona squamosa,4,group_0609,1,train
Annona squamosa/IMG_1328.JPG,Annona squamosa,4,group_0610,1,train
Annona squamosa/IMG_1329.JPG,Annona squamosa,4,group_0611,1,train
Annona squamosa/IMG_1330.JPG,Annona squamosa,4,group_0612,1,test
Annona squamosa/IMG_1331.JPG,Annona squamosa,4,group_0613,1,train
Annona squamosa/IMG_1332.JPG,Annona squamosa,4,group_0614,1,train
Annona squamosa/IMG_1333.JPG,Annona squamosa,4,group_0615,1,train
Annona squamosa/IMG_1334.JPG,Annona squamosa,4,group_0616,1,test
Annona squamosa/IMG_1335.JPG,Annona squamosa,4,group_0617,1,test
Annona squamosa/IMG_1336.JPG,Annona squamosa,4,group_0618,1,train
Annona squamosa/IMG_1337.JPG,Annona squamosa,4,group_0619,1,train
Annona squamosa/IMG_1338.JPG,Annona squamosa,4,group_0620,1,test
Annona squamosa/IMG_1340.JPG,Annona squamosa,4,group_0621,1,test
Annona squamosa/IMG_1341.JPG,Annona squamosa,4,group_0622,1,train
Annona squamosa/IMG_1342.JPG,Annona squamosa,4,group_0623,1,train
Annona squamosa/IMG_1343.JPG,Annona squamosa,4,group_0624,1,validation
Annona squamosa/IMG_1344.JPG,Annona squamosa,4,group_0625,1,test
Annona squamosa/IMG_1345.JPG,Annona squamosa,4,group_0626,1,train
Annona squamosa/IMG_1347.JPG,Annona squamosa,4,group_0627,1,validation
Annona squamosa/IMG_2914.JPG,Annona squamosa,4,group_0628,1,validation
Annona squamosa/IMG_2915.JPG,Annona squamosa,4,group_0629,1,train
Annona squamosa/IMG_2916.JPG,Annona squamosa,4,group_0098,2,train
Annona squamosa/IMG_2917.JPG,Annona squamosa,4,group_0098,2,train
Annona squamosa/IMG_2918.JPG,Annona squamosa,4,group_0630,1,train
Annona squamosa/IMG_2919.JPG,Annona squamosa,4,group_0099,2,validation
Annona squamosa/IMG_2920.JPG,Annona squamosa,4,group_0099,2,validation
Annona squamosa/IMG_2921.JPG,Annona squamosa,4,group_0100,2,train
Annona squamosa/IMG_2922.JPG,Annona squamosa,4,group_0100,2,train
Annona squamosa/IMG_2923.JPG,Annona squamosa,4,group_0631,1,train
Annona squamosa/IMG_2924.JPG,Annona squamosa,4,group_0632,1,train
Annona squamosa/IMG_2925.JPG,Annona squamosa,4,group_0633,1,test
Annona squamosa/IMG_2926.JPG,Annona squamosa,4,group_0634,1,train
Annona squamosa/IMG_2927.JPG,Annona squamosa,4,group_0635,1,validation
Annona squamosa/IMG_2928.JPG,Annona squamosa,4,group_0101,2,train
Annona squamosa/IMG_2929.JPG,Annona squamosa,4,group_0101,2,train
Annona squamosa/IMG_2930.JPG,Annona squamosa,4,group_0636,1,train
Annona squamosa/IMG_2931.JPG,Annona squamosa,4,group_0637,1,train
Annona squamosa/IMG_2932.JPG,Annona squamosa,4,group_0638,1,validation
Annona squamosa/IMG_2933.JPG,Annona squamosa,4,group_0639,1,train
Annona squamosa/IMG_2934.JPG,Annona squamosa,4,group_0640,1,train
Annona squamosa/IMG_2935.JPG,Annona squamosa,4,group_0641,1,train
Annona squamosa/IMG_2936.JPG,Annona squamosa,4,group_0642,1,train
Annona squamosa/IMG_2937.JPG,Annona squamosa,4,group_0643,1,train
Annona squamosa/IMG_2938.JPG,Annona squamosa,4,group_0644,1,train
Annona squamosa/IMG_2939.JPG,Annona squamosa,4,group_0645,1,validation
Annona squamosa/IMG_2940.JPG,Annona squamosa,4,group_0646,1,validation
Annona squamosa/IMG_2941.JPG,Annona squamosa,4,group_0647,1,train
Annona squamosa/IMG_2942.JPG,Annona squamosa,4,group_0648,1,train
Annona squamosa/IMG_2943.JPG,Annona squamosa,4,group_0649,1,test
Annona squamosa/IMG_2944.JPG,Annona squamosa,4,group_0650,1,train
Annona squamosa/IMG_2945.JPG,Annona squamosa,4,group_0651,1,test
Annona squamosa/IMG_2946.JPG,Annona squamosa,4,group_0652,1,train
Annona squamosa/IMG_2947.JPG,Annona squamosa,4,group_0653,1,train
Annona squamosa/IMG_2948.JPG,Annona squamosa,4,group_0654,1,train
Annona squamosa/IMG_2949.JPG,Annona squamosa,4,group_0655,1,train
Annona squamosa/IMG_2950.JPG,Annona squamosa,4,group_0656,1,train
Annona squamosa/IMG_2951.JPG,Annona squamosa,4,group_0657,1,test
Annona squamosa/IMG_2952.JPG,Annona squamosa,4,group_0658,1,train
Annona squamosa/IMG_2953.JPG,Annona squamosa,4,group_0659,1,train
Annona squamosa/IMG_2954.JPG,Annona squamosa,4,group_0102,2,train
Annona squamosa/IMG_2955.JPG,Annona squamosa,4,group_0102,2,train
Annona squamosa/IMG_2956.JPG,Annona squamosa,4,group_0660,1,validation
Annona squamosa/IMG_2957.JPG,Annona squamosa,4,group_0103,2,train
Annona squamosa/IMG_2958.JPG,Annona squamosa,4,group_0103,2,train
Annona squamosa/IMG_2959.JPG,Annona squamosa,4,group_0661,1,validation
Annona squamosa/IMG_2960.JPG,Annona squamosa,4,group_0104,2,test
Annona squamosa/IMG_2961.JPG,Annona squamosa,4,group_0104,2,test
Annona squamosa/IMG_2962.JPG,Annona squamosa,4,group_0105,2,train
Annona squamosa/IMG_2963.JPG,Annona squamosa,4,group_0105,2,train
Annona squamosa/IMG_2964.JPG,Annona squamosa,4,group_0662,1,train
Annona squamosa/IMG_2965.JPG,Annona squamosa,4,group_0663,1,validation
Annona squamosa/IMG_2966.JPG,Annona squamosa,4,group_0664,1,train
Annona squamosa/IMG_2967.JPG,Annona squamosa,4,group_0665,1,train
Annona squamosa/IMG_2968.JPG,Annona squamosa,4,group_0666,1,train
Annona squamosa/IMG_2969.JPG,Annona squamosa,4,group_0667,1,train
Annona squamosa/IMG_2970.JPG,Annona squamosa,4,group_0668,1,train
Annona squamosa/IMG_2971.JPG,Annona squamosa,4,group_0669,1,train
Annona squamosa/IMG_2972.JPG,Annona squamosa,4,group_0670,1,test
Annona squamosa/IMG_2973.JPG,Annona squamosa,4,group_0671,1,test
Annona squamosa/IMG_2974.JPG,Annona squamosa,4,group_0672,1,train
Annona squamosa/IMG_2975.JPG,Annona squamosa,4,group_0673,1,train
Annona squamosa/IMG_2976.JPG,Annona squamosa,4,group_0674,1,train
Annona squamosa/IMG_2977.JPG,Annona squamosa,4,group_0675,1,test
Annona squamosa/IMG_2978.JPG,Annona squamosa,4,group_0676,1,validation
Annona squamosa/IMG_2979.JPG,Annona squamosa,4,group_0042,3,train
Annona squamosa/IMG_2980.JPG,Annona squamosa,4,group_0042,3,train
Annona squamosa/IMG_2981.JPG,Annona squamosa,4,group_0042,3,train
Annona squamosa/IMG_2982.JPG,Annona squamosa,4,group_0677,1,validation
Annona squamosa/IMG_2983.JPG,Annona squamosa,4,group_0678,1,validation
Annona squamosa/IMG_2984.JPG,Annona squamosa,4,group_0679,1,train
Annona squamosa/IMG_2985.JPG,Annona squamosa,4,group_0106,2,train
Annona squamosa/IMG_2986.JPG,Annona squamosa,4,group_0106,2,train
Annona squamosa/IMG_2987.JPG,Annona squamosa,4,group_0680,1,test
Annona squamosa/IMG_2988.JPG,Annona squamosa,4,group_0681,1,train
Annona squamosa/IMG_2989.JPG,Annona squamosa,4,group_0682,1,train
Annona squamosa/IMG_2990.JPG,Annona squamosa,4,group_0683,1,train
Annona squamosa/IMG_2991.JPG,Annona squamosa,4,group_0684,1,validation
Annona squamosa/IMG_2992.JPG,Annona squamosa,4,group_0107,2,train
Annona squamosa/IMG_2993.JPG,Annona squamosa,4,group_0107,2,train
Annona squamosa/IMG_2994.JPG,Annona squamosa,4,group_0685,1,train
Annona squamosa/IMG_2995.JPG,Annona squamosa,4,group_0686,1,train
Annona squamosa/IMG_2996.JPG,Annona squamosa,4,group_0687,1,train
Annona squamosa/IMG_2997.JPG,Annona squamosa,4,group_0688,1,train
Annona squamosa/IMG_2998.JPG,Annona squamosa,4,group_0689,1,train
Artocarpus altilis/IMG_3230.JPG,Artocarpus altilis,5,group_0690,1,train
Artocarpus altilis/IMG_3231.JPG,Artocarpus altilis,5,group_0691,1,train
Artocarpus altilis/IMG_3232.JPG,Artocarpus altilis,5,group_0692,1,train
Artocarpus altilis/IMG_3233.JPG,Artocarpus altilis,5,group_0108,2,train
Artocarpus altilis/IMG_3234.JPG,Artocarpus altilis,5,group_0108,2,train
Artocarpus altilis/IMG_3235.JPG,Artocarpus altilis,5,group_0693,1,train
Artocarpus altilis/IMG_3236.JPG,Artocarpus altilis,5,group_0694,1,train
Artocarpus altilis/IMG_3237.JPG,Artocarpus altilis,5,group_0695,1,test
Artocarpus altilis/IMG_3238.JPG,Artocarpus altilis,5,group_0696,1,train
Artocarpus altilis/IMG_3239.JPG,Artocarpus altilis,5,group_0697,1,train
Artocarpus altilis/IMG_3240.JPG,Artocarpus altilis,5,group_0698,1,train
Artocarpus altilis/IMG_3241.JPG,Artocarpus altilis,5,group_0699,1,train
Artocarpus altilis/IMG_3242.JPG,Artocarpus altilis,5,group_0109,2,train
Artocarpus altilis/IMG_3243.JPG,Artocarpus altilis,5,group_0109,2,train
Artocarpus altilis/IMG_3244.JPG,Artocarpus altilis,5,group_0700,1,train
Artocarpus altilis/IMG_3245.JPG,Artocarpus altilis,5,group_0701,1,test
Artocarpus altilis/IMG_3246.JPG,Artocarpus altilis,5,group_0702,1,validation
Artocarpus altilis/IMG_3247.JPG,Artocarpus altilis,5,group_0703,1,test
Artocarpus altilis/IMG_3248.JPG,Artocarpus altilis,5,group_0704,1,test
Artocarpus altilis/IMG_3249.JPG,Artocarpus altilis,5,group_0705,1,train
Artocarpus altilis/IMG_3250.JPG,Artocarpus altilis,5,group_0706,1,validation
Artocarpus altilis/IMG_3251.JPG,Artocarpus altilis,5,group_0707,1,train
Artocarpus altilis/IMG_3252.JPG,Artocarpus altilis,5,group_0708,1,validation
Artocarpus altilis/IMG_3253.JPG,Artocarpus altilis,5,group_0709,1,train
Artocarpus altilis/IMG_3254.JPG,Artocarpus altilis,5,group_0710,1,train
Artocarpus altilis/IMG_3255.JPG,Artocarpus altilis,5,group_0711,1,train
Artocarpus altilis/IMG_3256.JPG,Artocarpus altilis,5,group_0110,2,train
Artocarpus altilis/IMG_3257.JPG,Artocarpus altilis,5,group_0110,2,train
Artocarpus altilis/IMG_3258.JPG,Artocarpus altilis,5,group_0111,2,train
Artocarpus altilis/IMG_3259.JPG,Artocarpus altilis,5,group_0111,2,train
Artocarpus altilis/IMG_3260.JPG,Artocarpus altilis,5,group_0004,8,train
Artocarpus altilis/IMG_3261.JPG,Artocarpus altilis,5,group_0004,8,train
Artocarpus altilis/IMG_3262.JPG,Artocarpus altilis,5,group_0004,8,train
Artocarpus altilis/IMG_3263.JPG,Artocarpus altilis,5,group_0004,8,train
Artocarpus altilis/IMG_3264.JPG,Artocarpus altilis,5,group_0004,8,train
Artocarpus altilis/IMG_3265.JPG,Artocarpus altilis,5,group_0004,8,train
Artocarpus altilis/IMG_3266.JPG,Artocarpus altilis,5,group_0004,8,train
Artocarpus altilis/IMG_3267.JPG,Artocarpus altilis,5,group_0004,8,train
Artocarpus altilis/IMG_3268.JPG,Artocarpus altilis,5,group_0712,1,train
Artocarpus altilis/IMG_3269.JPG,Artocarpus altilis,5,group_0713,1,train
Artocarpus altilis/IMG_3270.JPG,Artocarpus altilis,5,group_0112,2,train
Artocarpus altilis/IMG_3271.JPG,Artocarpus altilis,5,group_0112,2,train
Artocarpus altilis/IMG_3272.JPG,Artocarpus altilis,5,group_0714,1,test
Artocarpus altilis/IMG_3273.JPG,Artocarpus altilis,5,group_0715,1,test
Artocarpus altilis/IMG_3274.JPG,Artocarpus altilis,5,group_0716,1,train
Artocarpus altilis/IMG_3275.JPG,Artocarpus altilis,5,group_0717,1,test
Artocarpus altilis/IMG_3276.JPG,Artocarpus altilis,5,group_0025,4,train
Artocarpus altilis/IMG_3277.JPG,Artocarpus altilis,5,group_0025,4,train
Artocarpus altilis/IMG_3278.JPG,Artocarpus altilis,5,group_0025,4,train
Artocarpus altilis/IMG_3279.JPG,Artocarpus altilis,5,group_0025,4,train
Artocarpus altilis/IMG_3280.JPG,Artocarpus altilis,5,group_0718,1,train
Artocarpus altilis/IMG_3281.JPG,Artocarpus altilis,5,group_0719,1,train
Artocarpus altilis/IMG_3282.JPG,Artocarpus altilis,5,group_0720,1,train
Artocarpus altilis/IMG_3283.JPG,Artocarpus altilis,5,group_0721,1,test
Artocarpus altilis/IMG_3284.JPG,Artocarpus altilis,5,group_0722,1,train
Artocarpus altilis/IMG_3285.JPG,Artocarpus altilis,5,group_0723,1,validation
Artocarpus altilis/IMG_3286.JPG,Artocarpus altilis,5,group_0724,1,train
Artocarpus altilis/IMG_3287.JPG,Artocarpus altilis,5,group_0113,2,train
Artocarpus altilis/IMG_3288.JPG,Artocarpus altilis,5,group_0113,2,train
Artocarpus altilis/IMG_3289.JPG,Artocarpus altilis,5,group_0725,1,validation
Artocarpus altilis/IMG_3290.JPG,Artocarpus altilis,5,group_0726,1,train
Artocarpus altilis/IMG_3291.JPG,Artocarpus altilis,5,group_0727,1,train
Artocarpus altilis/IMG_3292.JPG,Artocarpus altilis,5,group_0728,1,train
Artocarpus altilis/IMG_3293.JPG,Artocarpus altilis,5,group_0729,1,validation
Artocarpus altilis/IMG_3294.JPG,Artocarpus altilis,5,group_0730,1,test
Artocarpus altilis/IMG_3295.JPG,Artocarpus altilis,5,group_0114,2,train
Artocarpus altilis/IMG_3296.JPG,Artocarpus altilis,5,group_0114,2,train
Artocarpus altilis/IMG_3297.JPG,Artocarpus altilis,5,group_0731,1,train
Artocarpus altilis/IMG_3298.JPG,Artocarpus altilis,5,group_0732,1,train
Artocarpus altilis/IMG_3299.JPG,Artocarpus altilis,5,group_0115,2,train
Artocarpus altilis/IMG_3300.JPG,Artocarpus altilis,5,group_0115,2,train
Artocarpus altilis/IMG_3301.JPG,Artocarpus altilis,5,group_0733,1,validation
Artocarpus altilis/IMG_3302.JPG,Artocarpus altilis,5,group_0043,3,train
Artocarpus altilis/IMG_3303.JPG,Artocarpus altilis,5,group_0043,3,train
Artocarpus altilis/IMG_3304.JPG,Artocarpus altilis,5,group_0043,3,train
Artocarpus altilis/IMG_3305.JPG,Artocarpus altilis,5,group_0734,1,train
Artocarpus altilis/IMG_3306.JPG,Artocarpus altilis,5,group_0026,4,validation
Artocarpus altilis/IMG_3307.JPG,Artocarpus altilis,5,group_0026,4,validation
Artocarpus altilis/IMG_3308.JPG,Artocarpus altilis,5,group_0026,4,validation
Artocarpus altilis/IMG_3309.JPG,Artocarpus altilis,5,group_0026,4,validation
Artocarpus altilis/IMG_3310.JPG,Artocarpus altilis,5,group_0735,1,train
Artocarpus altilis/IMG_3311.JPG,Artocarpus altilis,5,group_0736,1,train
Artocarpus altilis/IMG_3312.JPG,Artocarpus altilis,5,group_0737,1,train
Artocarpus altilis/IMG_3313.JPG,Artocarpus altilis,5,group_0738,1,train
Artocarpus altilis/IMG_3314.JPG,Artocarpus altilis,5,group_0739,1,train
Artocarpus altilis/IMG_3315.JPG,Artocarpus altilis,5,group_0740,1,train
Artocarpus altilis/IMG_3316.JPG,Artocarpus altilis,5,group_0741,1,validation
Artocarpus altilis/IMG_3317.JPG,Artocarpus altilis,5,group_0742,1,test
Artocarpus altilis/IMG_3318.JPG,Artocarpus altilis,5,group_0743,1,train
Artocarpus altilis/IMG_3319.JPG,Artocarpus altilis,5,group_0744,1,validation
Artocarpus altilis/IMG_3320.JPG,Artocarpus altilis,5,group_0745,1,train
Artocarpus altilis/IMG_3321.JPG,Artocarpus altilis,5,group_0116,2,train
Artocarpus altilis/IMG_3322.JPG,Artocarpus altilis,5,group_0116,2,train
Artocarpus altilis/IMG_3323.JPG,Artocarpus altilis,5,group_0746,1,test
Artocarpus altilis/IMG_3324.JPG,Artocarpus altilis,5,group_0027,4,test
Artocarpus altilis/IMG_3325.JPG,Artocarpus altilis,5,group_0027,4,test
Artocarpus altilis/IMG_3326.JPG,Artocarpus altilis,5,group_0027,4,test
Artocarpus altilis/IMG_3327.JPG,Artocarpus altilis,5,group_0027,4,test
Artocarpus altilis/IMG_3328.JPG,Artocarpus altilis,5,group_0747,1,train
Artocarpus altilis/IMG_3329.JPG,Artocarpus altilis,5,group_0748,1,train
Artocarpus altilis/IMG_3330.JPG,Artocarpus altilis,5,group_0749,1,train
Artocarpus altilis/IMG_3331.JPG,Artocarpus altilis,5,group_0750,1,validation
Artocarpus altilis/IMG_3332.JPG,Artocarpus altilis,5,group_0751,1,validation
Artocarpus altilis/IMG_3333.JPG,Artocarpus altilis,5,group_0752,1,validation
Artocarpus heterophyllus/IMG_5912.JPG,Artocarpus heterophyllus,6,group_0753,1,train
Artocarpus heterophyllus/IMG_5913.JPG,Artocarpus heterophyllus,6,group_0754,1,train
Artocarpus heterophyllus/IMG_5914.JPG,Artocarpus heterophyllus,6,group_0755,1,validation
Artocarpus heterophyllus/IMG_5915.JPG,Artocarpus heterophyllus,6,group_0117,2,train
Artocarpus heterophyllus/IMG_5916.JPG,Artocarpus heterophyllus,6,group_0117,2,train
Artocarpus heterophyllus/IMG_5917.JPG,Artocarpus heterophyllus,6,group_0044,3,validation
Artocarpus heterophyllus/IMG_5918.JPG,Artocarpus heterophyllus,6,group_0044,3,validation
Artocarpus heterophyllus/IMG_5919.JPG,Artocarpus heterophyllus,6,group_0044,3,validation
Artocarpus heterophyllus/IMG_5920.JPG,Artocarpus heterophyllus,6,group_0756,1,validation
Artocarpus heterophyllus/IMG_5921.JPG,Artocarpus heterophyllus,6,group_0757,1,test
Artocarpus heterophyllus/IMG_5922.JPG,Artocarpus heterophyllus,6,group_0758,1,test
Artocarpus heterophyllus/IMG_5923.JPG,Artocarpus heterophyllus,6,group_0759,1,train
Artocarpus heterophyllus/IMG_5924.JPG,Artocarpus heterophyllus,6,group_0760,1,validation
Artocarpus heterophyllus/IMG_5925.JPG,Artocarpus heterophyllus,6,group_0761,1,train
Artocarpus heterophyllus/IMG_5926.JPG,Artocarpus heterophyllus,6,group_0762,1,train
Artocarpus heterophyllus/IMG_5927.JPG,Artocarpus heterophyllus,6,group_0763,1,train
Artocarpus heterophyllus/IMG_5928.JPG,Artocarpus heterophyllus,6,group_0764,1,validation
Artocarpus heterophyllus/IMG_5929.JPG,Artocarpus heterophyllus,6,group_0765,1,validation
Artocarpus heterophyllus/IMG_5930.JPG,Artocarpus heterophyllus,6,group_0766,1,test
Artocarpus heterophyllus/IMG_5931.JPG,Artocarpus heterophyllus,6,group_0767,1,validation
Artocarpus heterophyllus/IMG_5932.JPG,Artocarpus heterophyllus,6,group_0768,1,train
Artocarpus heterophyllus/IMG_5933.JPG,Artocarpus heterophyllus,6,group_0769,1,validation
Artocarpus heterophyllus/IMG_5934.JPG,Artocarpus heterophyllus,6,group_0770,1,train
Artocarpus heterophyllus/IMG_5935.JPG,Artocarpus heterophyllus,6,group_0771,1,train
Artocarpus heterophyllus/IMG_5936.JPG,Artocarpus heterophyllus,6,group_0772,1,train
Artocarpus heterophyllus/IMG_5937.JPG,Artocarpus heterophyllus,6,group_0773,1,train
Artocarpus heterophyllus/IMG_5938.JPG,Artocarpus heterophyllus,6,group_0045,3,train
Artocarpus heterophyllus/IMG_5939.JPG,Artocarpus heterophyllus,6,group_0045,3,train
Artocarpus heterophyllus/IMG_5940.JPG,Artocarpus heterophyllus,6,group_0045,3,train
Artocarpus heterophyllus/IMG_5941.JPG,Artocarpus heterophyllus,6,group_0774,1,train
Artocarpus heterophyllus/IMG_5942.JPG,Artocarpus heterophyllus,6,group_0775,1,test
Artocarpus heterophyllus/IMG_5943.JPG,Artocarpus heterophyllus,6,group_0776,1,validation
Artocarpus heterophyllus/IMG_5944.JPG,Artocarpus heterophyllus,6,group_0777,1,train
Artocarpus heterophyllus/IMG_5945.JPG,Artocarpus heterophyllus,6,group_0778,1,validation
Artocarpus heterophyllus/IMG_5946.JPG,Artocarpus heterophyllus,6,group_0779,1,validation
Artocarpus heterophyllus/IMG_5947.JPG,Artocarpus heterophyllus,6,group_0780,1,train
Artocarpus heterophyllus/IMG_5948.JPG,Artocarpus heterophyllus,6,group_0046,3,train
Artocarpus heterophyllus/IMG_5949.JPG,Artocarpus heterophyllus,6,group_0781,1,train
Artocarpus heterophyllus/IMG_5950.JPG,Artocarpus heterophyllus,6,group_0782,1,train
Artocarpus heterophyllus/IMG_5951.JPG,Artocarpus heterophyllus,6,group_0783,1,train
Artocarpus heterophyllus/IMG_5952.JPG,Artocarpus heterophyllus,6,group_0784,1,test
Artocarpus heterophyllus/IMG_5953.JPG,Artocarpus heterophyllus,6,group_0785,1,validation
Artocarpus heterophyllus/IMG_5954.JPG,Artocarpus heterophyllus,6,group_0786,1,validation
Artocarpus heterophyllus/IMG_5955.JPG,Artocarpus heterophyllus,6,group_0787,1,validation
Artocarpus heterophyllus/IMG_5956.JPG,Artocarpus heterophyllus,6,group_0788,1,train
Artocarpus heterophyllus/IMG_5957.JPG,Artocarpus heterophyllus,6,group_0789,1,train
Artocarpus heterophyllus/IMG_5958.JPG,Artocarpus heterophyllus,6,group_0790,1,train
Artocarpus heterophyllus/IMG_5959.JPG,Artocarpus heterophyllus,6,group_0791,1,test
Artocarpus heterophyllus/IMG_5960.JPG,Artocarpus heterophyllus,6,group_0792,1,train
Artocarpus heterophyllus/IMG_5961.JPG,Artocarpus heterophyllus,6,group_0047,3,train
Artocarpus heterophyllus/IMG_5962.JPG,Artocarpus heterophyllus,6,group_0047,3,train
Artocarpus heterophyllus/IMG_5963.JPG,Artocarpus heterophyllus,6,group_0047,3,train
Artocarpus heterophyllus/IMG_5964.JPG,Artocarpus heterophyllus,6,group_0028,4,train
Artocarpus heterophyllus/IMG_5965.JPG,Artocarpus heterophyllus,6,group_0028,4,train
Artocarpus heterophyllus/IMG_5966.JPG,Artocarpus heterophyllus,6,group_0028,4,train
Artocarpus heterophyllus/IMG_5967.JPG,Artocarpus heterophyllus,6,group_0028,4,train
Artocarpus heterophyllus/IMG_5968.JPG,Artocarpus heterophyllus,6,group_0793,1,train
Artocarpus heterophyllus/IMG_5969.JPG,Artocarpus heterophyllus,6,group_0794,1,train
Artocarpus heterophyllus/IMG_5970.JPG,Artocarpus heterophyllus,6,group_0795,1,train
Artocarpus heterophyllus/IMG_5971.JPG,Artocarpus heterophyllus,6,group_0048,3,test
Artocarpus heterophyllus/IMG_5972.JPG,Artocarpus heterophyllus,6,group_0048,3,test
Artocarpus heterophyllus/IMG_5973.JPG,Artocarpus heterophyllus,6,group_0048,3,test
Artocarpus heterophyllus/IMG_5974.JPG,Artocarpus heterophyllus,6,group_0118,2,train
Artocarpus heterophyllus/IMG_5975.JPG,Artocarpus heterophyllus,6,group_0118,2,train
Artocarpus heterophyllus/IMG_5976.JPG,Artocarpus heterophyllus,6,group_0049,3,train
Artocarpus heterophyllus/IMG_5977.JPG,Artocarpus heterophyllus,6,group_0049,3,train
Artocarpus heterophyllus/IMG_5978.JPG,Artocarpus heterophyllus,6,group_0796,1,train
Artocarpus heterophyllus/IMG_5979.JPG,Artocarpus heterophyllus,6,group_0050,3,train
Artocarpus heterophyllus/IMG_5980.JPG,Artocarpus heterophyllus,6,group_0050,3,train
Artocarpus heterophyllus/IMG_5981.JPG,Artocarpus heterophyllus,6,group_0050,3,train
Artocarpus heterophyllus/IMG_5982.JPG,Artocarpus heterophyllus,6,group_0797,1,train
Artocarpus heterophyllus/IMG_5983.JPG,Artocarpus heterophyllus,6,group_0798,1,train
Artocarpus heterophyllus/IMG_5984.JPG,Artocarpus heterophyllus,6,group_0119,2,train
Artocarpus heterophyllus/IMG_5985.JPG,Artocarpus heterophyllus,6,group_0119,2,train
Artocarpus heterophyllus/IMG_5986.JPG,Artocarpus heterophyllus,6,group_0799,1,train
Artocarpus heterophyllus/IMG_5987.JPG,Artocarpus heterophyllus,6,group_0120,2,train
Artocarpus heterophyllus/IMG_5988.JPG,Artocarpus heterophyllus,6,group_0120,2,train
Artocarpus heterophyllus/IMG_5989.JPG,Artocarpus heterophyllus,6,group_0800,1,train
Artocarpus heterophyllus/IMG_5990.JPG,Artocarpus heterophyllus,6,group_0801,1,train
Artocarpus heterophyllus/IMG_5991.JPG,Artocarpus heterophyllus,6,group_0802,1,train
Artocarpus heterophyllus/IMG_5992.JPG,Artocarpus heterophyllus,6,group_0121,2,train
Artocarpus heterophyllus/IMG_5993.JPG,Artocarpus heterophyllus,6,group_0121,2,train
Artocarpus heterophyllus/IMG_5994.JPG,Artocarpus heterophyllus,6,group_0803,1,validation
Artocarpus heterophyllus/IMG_5995.JPG,Artocarpus heterophyllus,6,group_0051,3,train
Artocarpus heterophyllus/IMG_5996.JPG,Artocarpus heterophyllus,6,group_0051,3,train
Artocarpus heterophyllus/IMG_5997.JPG,Artocarpus heterophyllus,6,group_0051,3,train
Artocarpus heterophyllus/IMG_5998.JPG,Artocarpus heterophyllus,6,group_0804,1,train
Artocarpus heterophyllus/IMG_5999.JPG,Artocarpus heterophyllus,6,group_0805,1,train
Artocarpus heterophyllus/IMG_6001.JPG,Artocarpus heterophyllus,6,group_0806,1,train
Artocarpus heterophyllus/IMG_6002.JPG,Artocarpus heterophyllus,6,group_0807,1,train
Artocarpus heterophyllus/IMG_6003.JPG,Artocarpus heterophyllus,6,group_0808,1,train
Artocarpus heterophyllus/IMG_6004.JPG,Artocarpus heterophyllus,6,group_0809,1,test
Artocarpus heterophyllus/IMG_6005.JPG,Artocarpus heterophyllus,6,group_0810,1,test
Artocarpus heterophyllus/IMG_6006.JPG,Artocarpus heterophyllus,6,group_0811,1,test
Artocarpus heterophyllus/IMG_6007.JPG,Artocarpus heterophyllus,6,group_0812,1,test
Artocarpus heterophyllus/IMG_6008.JPG,Artocarpus heterophyllus,6,group_0049,3,train
Artocarpus heterophyllus/IMG_6009.JPG,Artocarpus heterophyllus,6,group_0813,1,validation
Artocarpus heterophyllus/IMG_6010.JPG,Artocarpus heterophyllus,6,group_0814,1,train
Artocarpus heterophyllus/IMG_6011.JPG,Artocarpus heterophyllus,6,group_0046,3,train
Artocarpus heterophyllus/IMG_6012.JPG,Artocarpus heterophyllus,6,group_0046,3,train
Artocarpus heterophyllus/IMG_6013.JPG,Artocarpus heterophyllus,6,group_0815,1,test
Artocarpus heterophyllus/IMG_6014.JPG,Artocarpus heterophyllus,6,group_0816,1,train
Artocarpus heterophyllus/IMG_6015.JPG,Artocarpus heterophyllus,6,group_0817,1,train
Artocarpus heterophyllus/IMG_6016.JPG,Artocarpus heterophyllus,6,group_0818,1,train
Artocarpus heterophyllus/IMG_6017.JPG,Artocarpus heterophyllus,6,group_0819,1,train
Artocarpus heterophyllus/IMG_6018.JPG,Artocarpus heterophyllus,6,group_0820,1,train
Artocarpus heterophyllus/IMG_6019.JPG,Artocarpus heterophyllus,6,group_0821,1,validation
Artocarpus heterophyllus/IMG_6020.JPG,Artocarpus heterophyllus,6,group_0822,1,train
Artocarpus heterophyllus/IMG_6021.JPG,Artocarpus heterophyllus,6,group_0823,1,train
Artocarpus heterophyllus/IMG_6022.JPG,Artocarpus heterophyllus,6,group_0824,1,train
Artocarpus heterophyllus/IMG_6023.JPG,Artocarpus heterophyllus,6,group_0122,2,train
Artocarpus heterophyllus/IMG_6024.JPG,Artocarpus heterophyllus,6,group_0122,2,train
Artocarpus heterophyllus/IMG_6025.JPG,Artocarpus heterophyllus,6,group_0825,1,train
Artocarpus heterophyllus/IMG_6026.JPG,Artocarpus heterophyllus,6,group_0826,1,test
Artocarpus heterophyllus/IMG_6027.JPG,Artocarpus heterophyllus,6,group_0827,1,validation
Artocarpus heterophyllus/IMG_6028.JPG,Artocarpus heterophyllus,6,group_0828,1,validation
Artocarpus heterophyllus/IMG_6029.JPG,Artocarpus heterophyllus,6,group_0829,1,train
Artocarpus heterophyllus/IMG_6030.JPG,Artocarpus heterophyllus,6,group_0830,1,train
Artocarpus heterophyllus/IMG_6031.JPG,Artocarpus heterophyllus,6,group_0831,1,test
Artocarpus heterophyllus/IMG_6032.JPG,Artocarpus heterophyllus,6,group_0832,1,train
Artocarpus heterophyllus/IMG_6033.JPG,Artocarpus heterophyllus,6,group_0833,1,train
Artocarpus heterophyllus/IMG_6034.JPG,Artocarpus heterophyllus,6,group_0834,1,train
Artocarpus heterophyllus/IMG_6035.JPG,Artocarpus heterophyllus,6,group_0835,1,test
Artocarpus heterophyllus/IMG_6036.JPG,Artocarpus heterophyllus,6,group_0836,1,test
Artocarpus heterophyllus/IMG_6037.JPG,Artocarpus heterophyllus,6,group_0052,3,train
Artocarpus heterophyllus/IMG_6038.JPG,Artocarpus heterophyllus,6,group_0052,3,train
Artocarpus heterophyllus/IMG_6039.JPG,Artocarpus heterophyllus,6,group_0052,3,train
Artocarpus heterophyllus/IMG_6040.JPG,Artocarpus heterophyllus,6,group_0837,1,test
Artocarpus heterophyllus/IMG_6041.JPG,Artocarpus heterophyllus,6,group_0838,1,test
Artocarpus heterophyllus/IMG_6042.JPG,Artocarpus heterophyllus,6,group_0839,1,train
Artocarpus heterophyllus/IMG_6043.JPG,Artocarpus heterophyllus,6,group_0840,1,train
Artocarpus heterophyllus/IMG_6044.JPG,Artocarpus heterophyllus,6,group_0123,2,train
Artocarpus heterophyllus/IMG_6045.JPG,Artocarpus heterophyllus,6,group_0123,2,train
Artocarpus heterophyllus/IMG_6046.JPG,Artocarpus heterophyllus,6,group_0841,1,train
Artocarpus heterophyllus/IMG_6047.JPG,Artocarpus heterophyllus,6,group_0842,1,train
Artocarpus heterophyllus/IMG_6048.JPG,Artocarpus heterophyllus,6,group_0843,1,test
Artocarpus heterophyllus/IMG_6049.JPG,Artocarpus heterophyllus,6,group_0844,1,train
Artocarpus heterophyllus/IMG_6050.JPG,Artocarpus heterophyllus,6,group_0845,1,train
Barringtonia acutangula/IMG_3124.JPG,Barringtonia acutangula,7,group_0846,1,validation
Barringtonia acutangula/IMG_3125.JPG,Barringtonia acutangula,7,group_0847,1,train
Barringtonia acutangula/IMG_3126.JPG,Barringtonia acutangula,7,group_0124,2,train
Barringtonia acutangula/IMG_3127.JPG,Barringtonia acutangula,7,group_0848,1,train
Barringtonia acutangula/IMG_3128.JPG,Barringtonia acutangula,7,group_0124,2,train
Barringtonia acutangula/IMG_3129.JPG,Barringtonia acutangula,7,group_0849,1,train
Barringtonia acutangula/IMG_3130.JPG,Barringtonia acutangula,7,group_0850,1,train
Barringtonia acutangula/IMG_3131.JPG,Barringtonia acutangula,7,group_0851,1,train
Barringtonia acutangula/IMG_3132.JPG,Barringtonia acutangula,7,group_0852,1,test
Barringtonia acutangula/IMG_3133.JPG,Barringtonia acutangula,7,group_0853,1,validation
Barringtonia acutangula/IMG_3134.JPG,Barringtonia acutangula,7,group_0854,1,train
Barringtonia acutangula/IMG_3135.JPG,Barringtonia acutangula,7,group_0855,1,validation
Barringtonia acutangula/IMG_3136.JPG,Barringtonia acutangula,7,group_0856,1,validation
Barringtonia acutangula/IMG_3137.JPG,Barringtonia acutangula,7,group_0857,1,train
Barringtonia acutangula/IMG_3138.JPG,Barringtonia acutangula,7,group_0858,1,validation
Barringtonia acutangula/IMG_3139.JPG,Barringtonia acutangula,7,group_0859,1,train
Barringtonia acutangula/IMG_3140.JPG,Barringtonia acutangula,7,group_0860,1,train
Barringtonia acutangula/IMG_3141.JPG,Barringtonia acutangula,7,group_0861,1,test
Barringtonia acutangula/IMG_3142.JPG,Barringtonia acutangula,7,group_0862,1,train
Barringtonia acutangula/IMG_3143.JPG,Barringtonia acutangula,7,group_0863,1,train
Barringtonia acutangula/IMG_3144.JPG,Barringtonia acutangula,7,group_0864,1,test
Barringtonia acutangula/IMG_3145.JPG,Barringtonia acutangula,7,group_0865,1,train
Barringtonia acutangula/IMG_3146.JPG,Barringtonia acutangula,7,group_0866,1,train
Barringtonia acutangula/IMG_3147.JPG,Barringtonia acutangula,7,group_0867,1,train
Barringtonia acutangula/IMG_3148.JPG,Barringtonia acutangula,7,group_0868,1,validation
Barringtonia acutangula/IMG_3149.JPG,Barringtonia acutangula,7,group_0869,1,test
Barringtonia acutangula/IMG_3150.JPG,Barringtonia acutangula,7,group_0870,1,train
Barringtonia acutangula/IMG_3151.JPG,Barringtonia acutangula,7,group_0871,1,train
Barringtonia acutangula/IMG_3152.JPG,Barringtonia acutangula,7,group_0125,2,train
Barringtonia acutangula/IMG_3153.JPG,Barringtonia acutangula,7,group_0125,2,train
Barringtonia acutangula/IMG_3154.JPG,Barringtonia acutangula,7,group_0872,1,test
Barringtonia acutangula/IMG_3155.JPG,Barringtonia acutangula,7,group_0873,1,test
Barringtonia acutangula/IMG_3156.JPG,Barringtonia acutangula,7,group_0874,1,train
Barringtonia acutangula/IMG_3157.JPG,Barringtonia acutangula,7,group_0875,1,train
Barringtonia acutangula/IMG_3158.JPG,Barringtonia acutangula,7,group_0876,1,train
Barringtonia acutangula/IMG_3159.JPG,Barringtonia acutangula,7,group_0126,2,train
Barringtonia acutangula/IMG_3160.JPG,Barringtonia acutangula,7,group_0126,2,train
Barringtonia acutangula/IMG_3161.JPG,Barringtonia acutangula,7,group_0877,1,test
Barringtonia acutangula/IMG_3162.JPG,Barringtonia acutangula,7,group_0053,3,train
Barringtonia acutangula/IMG_3163.JPG,Barringtonia acutangula,7,group_0053,3,train
Barringtonia acutangula/IMG_3164.JPG,Barringtonia acutangula,7,group_0053,3,train
Barringtonia acutangula/IMG_3165.JPG,Barringtonia acutangula,7,group_0054,3,test
Barringtonia acutangula/IMG_3166.JPG,Barringtonia acutangula,7,group_0878,1,train
Barringtonia acutangula/IMG_3167.JPG,Barringtonia acutangula,7,group_0054,3,test
Barringtonia acutangula/IMG_3168.JPG,Barringtonia acutangula,7,group_0054,3,test
Barringtonia acutangula/IMG_3169.JPG,Barringtonia acutangula,7,group_0879,1,train
Barringtonia acutangula/IMG_3170.JPG,Barringtonia acutangula,7,group_0880,1,train
Barringtonia acutangula/IMG_3171.JPG,Barringtonia acutangula,7,group_0881,1,test
Barringtonia acutangula/IMG_3172.JPG,Barringtonia acutangula,7,group_0882,1,train
Barringtonia acutangula/IMG_3173.JPG,Barringtonia acutangula,7,group_0883,1,train
Barringtonia acutangula/IMG_3174.JPG,Barringtonia acutangula,7,group_0884,1,train
Barringtonia acutangula/IMG_3175.JPG,Barringtonia acutangula,7,group_0885,1,train
Barringtonia acutangula/IMG_3176.JPG,Barringtonia acutangula,7,group_0886,1,train
Barringtonia acutangula/IMG_3177.JPG,Barringtonia acutangula,7,group_0887,1,train
Barringtonia acutangula/IMG_3178.JPG,Barringtonia acutangula,7,group_0055,3,train
Barringtonia acutangula/IMG_3179.JPG,Barringtonia acutangula,7,group_0055,3,train
Barringtonia acutangula/IMG_3180.JPG,Barringtonia acutangula,7,group_0055,3,train
Barringtonia acutangula/IMG_3181.JPG,Barringtonia acutangula,7,group_0127,2,train
Barringtonia acutangula/IMG_3182.JPG,Barringtonia acutangula,7,group_0888,1,train
Barringtonia acutangula/IMG_3183.JPG,Barringtonia acutangula,7,group_0127,2,train
Barringtonia acutangula/IMG_3184.JPG,Barringtonia acutangula,7,group_0007,7,train
Barringtonia acutangula/IMG_3185.JPG,Barringtonia acutangula,7,group_0007,7,train
Barringtonia acutangula/IMG_3186.JPG,Barringtonia acutangula,7,group_0007,7,train
Barringtonia acutangula/IMG_3187.JPG,Barringtonia acutangula,7,group_0007,7,train
Barringtonia acutangula/IMG_3188.JPG,Barringtonia acutangula,7,group_0007,7,train
Barringtonia acutangula/IMG_3189.JPG,Barringtonia acutangula,7,group_0007,7,train
Barringtonia acutangula/IMG_3190.JPG,Barringtonia acutangula,7,group_0007,7,train
Barringtonia acutangula/IMG_3191.JPG,Barringtonia acutangula,7,group_0889,1,train
Barringtonia acutangula/IMG_3192.JPG,Barringtonia acutangula,7,group_0029,4,validation
Barringtonia acutangula/IMG_3193.JPG,Barringtonia acutangula,7,group_0029,4,validation
Barringtonia acutangula/IMG_3194.JPG,Barringtonia acutangula,7,group_0890,1,train
Barringtonia acutangula/IMG_3195.JPG,Barringtonia acutangula,7,group_0029,4,validation
Barringtonia acutangula/IMG_3196.JPG,Barringtonia acutangula,7,group_0029,4,validation
Barringtonia acutangula/IMG_3197.JPG,Barringtonia acutangula,7,group_0891,1,train
Barringtonia acutangula/IMG_3198.JPG,Barringtonia acutangula,7,group_0892,1,validation
Barringtonia acutangula/IMG_3199.JPG,Barringtonia acutangula,7,group_0893,1,validation
Barringtonia acutangula/IMG_3200.JPG,Barringtonia acutangula,7,group_0894,1,test
Barringtonia acutangula/IMG_3201.JPG,Barringtonia acutangula,7,group_0895,1,validation
Barringtonia acutangula/IMG_3202.JPG,Barringtonia acutangula,7,group_0896,1,train
Barringtonia acutangula/IMG_3203.JPG,Barringtonia acutangula,7,group_0128,2,train
Barringtonia acutangula/IMG_3204.JPG,Barringtonia acutangula,7,group_0128,2,train
Barringtonia acutangula/IMG_3205.JPG,Barringtonia acutangula,7,group_0897,1,train
Barringtonia acutangula/IMG_3206.JPG,Barringtonia acutangula,7,group_0898,1,train
Barringtonia acutangula/IMG_3207.JPG,Barringtonia acutangula,7,group_0129,2,train
Barringtonia acutangula/IMG_3208.JPG,Barringtonia acutangula,7,group_0129,2,train
Barringtonia acutangula/IMG_3209.JPG,Barringtonia acutangula,7,group_0899,1,train
Barringtonia acutangula/IMG_3210.JPG,Barringtonia acutangula,7,group_0900,1,train
Barringtonia acutangula/IMG_3211.JPG,Barringtonia acutangula,7,group_0901,1,train
Barringtonia acutangula/IMG_3212.JPG,Barringtonia acutangula,7,group_0902,1,train
Barringtonia acutangula/IMG_3213.JPG,Barringtonia acutangula,7,group_0903,1,train
Barringtonia acutangula/IMG_3214.JPG,Barringtonia acutangula,7,group_0904,1,test
Barringtonia acutangula/IMG_3215.JPG,Barringtonia acutangula,7,group_0130,2,train
Barringtonia acutangula/IMG_3216.JPG,Barringtonia acutangula,7,group_0130,2,train
Barringtonia acutangula/IMG_3217.JPG,Barringtonia acutangula,7,group_0905,1,train
Barringtonia acutangula/IMG_3218.JPG,Barringtonia acutangula,7,group_0906,1,train
Barringtonia acutangula/IMG_3219.JPG,Barringtonia acutangula,7,group_0907,1,test
Barringtonia acutangula/IMG_3220.JPG,Barringtonia acutangula,7,group_0908,1,test
Barringtonia acutangula/IMG_3221.JPG,Barringtonia acutangula,7,group_0909,1,train
Barringtonia acutangula/IMG_3222.JPG,Barringtonia acutangula,7,group_0910,1,validation
Barringtonia acutangula/IMG_3223.JPG,Barringtonia acutangula,7,group_0911,1,train
Barringtonia acutangula/IMG_3224.JPG,Barringtonia acutangula,7,group_0912,1,train
Barringtonia acutangula/IMG_3225.JPG,Barringtonia acutangula,7,group_0913,1,validation
Cananga odorata/IMG_5483.JPG,Cananga odorata,8,group_0914,1,train
Cananga odorata/IMG_5484.JPG,Cananga odorata,8,group_0915,1,train
Cananga odorata/IMG_5485.JPG,Cananga odorata,8,group_0916,1,train
Cananga odorata/IMG_5486.JPG,Cananga odorata,8,group_0917,1,train
Cananga odorata/IMG_5487.JPG,Cananga odorata,8,group_0918,1,validation
Cananga odorata/IMG_5488.JPG,Cananga odorata,8,group_0919,1,train
Cananga odorata/IMG_5489.JPG,Cananga odorata,8,group_0920,1,test
Cananga odorata/IMG_5490.JPG,Cananga odorata,8,group_0921,1,validation
Cananga odorata/IMG_5491.JPG,Cananga odorata,8,group_0922,1,train
Cananga odorata/IMG_5492.JPG,Cananga odorata,8,group_0923,1,validation
Cananga odorata/IMG_5493.JPG,Cananga odorata,8,group_0924,1,train
Cananga odorata/IMG_5494.JPG,Cananga odorata,8,group_0925,1,train
Cananga odorata/IMG_5495.JPG,Cananga odorata,8,group_0926,1,train
Cananga odorata/IMG_5496.JPG,Cananga odorata,8,group_0927,1,test
Cananga odorata/IMG_5497.JPG,Cananga odorata,8,group_0928,1,train
Cananga odorata/IMG_5498.JPG,Cananga odorata,8,group_0929,1,train
Cananga odorata/IMG_5499.JPG,Cananga odorata,8,group_0930,1,train
Cananga odorata/IMG_5500.JPG,Cananga odorata,8,group_0931,1,train
Cananga odorata/IMG_5501.JPG,Cananga odorata,8,group_0932,1,validation
Cananga odorata/IMG_5502.JPG,Cananga odorata,8,group_0933,1,test
Cananga odorata/IMG_5503.JPG,Cananga odorata,8,group_0934,1,train
Cananga odorata/IMG_5504.JPG,Cananga odorata,8,group_0935,1,train
Cananga odorata/IMG_5505.JPG,Cananga odorata,8,group_0936,1,train
Cananga odorata/IMG_5506.JPG,Cananga odorata,8,group_0937,1,train
Cananga odorata/IMG_5507.JPG,Cananga odorata,8,group_0938,1,train
Cananga odorata/IMG_5508.JPG,Cananga odorata,8,group_0939,1,train
Cananga odorata/IMG_5509.JPG,Cananga odorata,8,group_0940,1,test
Cananga odorata/IMG_5510.JPG,Cananga odorata,8,group_0941,1,train
Cananga odorata/IMG_5511.JPG,Cananga odorata,8,group_0942,1,train
Cananga odorata/IMG_5512.JPG,Cananga odorata,8,group_0943,1,train
Cananga odorata/IMG_5513.JPG,Cananga odorata,8,group_0944,1,test
Cananga odorata/IMG_5514.JPG,Cananga odorata,8,group_0945,1,train
Cananga odorata/IMG_5515.JPG,Cananga odorata,8,group_0946,1,train
Cananga odorata/IMG_5516.JPG,Cananga odorata,8,group_0947,1,test
Cananga odorata/IMG_5517.JPG,Cananga odorata,8,group_0948,1,train
Cananga odorata/IMG_5518.JPG,Cananga odorata,8,group_0949,1,train
Cananga odorata/IMG_5519.JPG,Cananga odorata,8,group_0950,1,train
Cananga odorata/IMG_5520.JPG,Cananga odorata,8,group_0951,1,train
Cananga odorata/IMG_5521.JPG,Cananga odorata,8,group_0952,1,validation
Cananga odorata/IMG_5522.JPG,Cananga odorata,8,group_0953,1,train
Cananga odorata/IMG_5523.JPG,Cananga odorata,8,group_0954,1,test
Cananga odorata/IMG_5524.JPG,Cananga odorata,8,group_0955,1,validation
Cananga odorata/IMG_5525.JPG,Cananga odorata,8,group_0956,1,train
Cananga odorata/IMG_5526.JPG,Cananga odorata,8,group_0957,1,train
Cananga odorata/IMG_5527.JPG,Cananga odorata,8,group_0958,1,train
Cananga odorata/IMG_5528.JPG,Cananga odorata,8,group_0959,1,train
Cananga odorata/IMG_5529.JPG,Cananga odorata,8,group_0960,1,test
Cananga odorata/IMG_5530.JPG,Cananga odorata,8,group_0961,1,train
Cananga odorata/IMG_5531.JPG,Cananga odorata,8,group_0962,1,train
Cananga odorata/IMG_5532.JPG,Cananga odorata,8,group_0963,1,test
Cananga odorata/IMG_5533.JPG,Cananga odorata,8,group_0964,1,test
Cananga odorata/IMG_5534.JPG,Cananga odorata,8,group_0965,1,validation
Cananga odorata/IMG_5535.JPG,Cananga odorata,8,group_0966,1,train
Cananga odorata/IMG_5536.JPG,Cananga odorata,8,group_0967,1,train
Cananga odorata/IMG_5537.JPG,Cananga odorata,8,group_0968,1,validation
Cananga odorata/IMG_5538.JPG,Cananga odorata,8,group_0969,1,train
Cananga odorata/IMG_5539.JPG,Cananga odorata,8,group_0970,1,train
Cananga odorata/IMG_5540.JPG,Cananga odorata,8,group_0971,1,train
Cananga odorata/IMG_5541.JPG,Cananga odorata,8,group_0972,1,validation
Cananga odorata/IMG_5542.JPG,Cananga odorata,8,group_0973,1,train
Cananga odorata/IMG_5543.JPG,Cananga odorata,8,group_0974,1,train
Cananga odorata/IMG_5544.JPG,Cananga odorata,8,group_0975,1,train
Cananga odorata/IMG_5545.JPG,Cananga odorata,8,group_0976,1,train
Cananga odorata/IMG_5546.JPG,Cananga odorata,8,group_0977,1,train
Cananga odorata/IMG_5547.JPG,Cananga odorata,8,group_0978,1,validation
Cananga odorata/IMG_5548.JPG,Cananga odorata,8,group_0979,1,validation
Cananga odorata/IMG_5549.JPG,Cananga odorata,8,group_0980,1,train
Cananga odorata/IMG_5550.JPG,Cananga odorata,8,group_0981,1,train
Cananga odorata/IMG_5551.JPG,Cananga odorata,8,group_0982,1,train
Cananga odorata/IMG_5552.JPG,Cananga odorata,8,group_0983,1,train
Cananga odorata/IMG_5553.JPG,Cananga odorata,8,group_0984,1,train
Cananga odorata/IMG_5554.JPG,Cananga odorata,8,group_0985,1,test
Cananga odorata/IMG_5555.JPG,Cananga odorata,8,group_0986,1,validation
Cananga odorata/IMG_5556.JPG,Cananga odorata,8,group_0987,1,train
Cananga odorata/IMG_5557.JPG,Cananga odorata,8,group_0988,1,validation
Cananga odorata/IMG_5558.JPG,Cananga odorata,8,group_0989,1,train
Cananga odorata/IMG_5559.JPG,Cananga odorata,8,group_0990,1,test
Cananga odorata/IMG_5560.JPG,Cananga odorata,8,group_0991,1,train
Cananga odorata/IMG_5561.JPG,Cananga odorata,8,group_0992,1,validation
Cananga odorata/IMG_5562.JPG,Cananga odorata,8,group_0993,1,validation
Cananga odorata/IMG_5563.JPG,Cananga odorata,8,group_0994,1,test
Cananga odorata/IMG_5564.JPG,Cananga odorata,8,group_0995,1,train
Cananga odorata/IMG_5565.JPG,Cananga odorata,8,group_0996,1,train
Cananga odorata/IMG_5566.JPG,Cananga odorata,8,group_0997,1,train
Cananga odorata/IMG_5567.JPG,Cananga odorata,8,group_0998,1,train
Cananga odorata/IMG_5568.JPG,Cananga odorata,8,group_0999,1,train
Cananga odorata/IMG_5569.JPG,Cananga odorata,8,group_1000,1,train
Cananga odorata/IMG_5570.JPG,Cananga odorata,8,group_1001,1,train
Cananga odorata/IMG_5571.JPG,Cananga odorata,8,group_1002,1,train
Cananga odorata/IMG_5572.JPG,Cananga odorata,8,group_1003,1,test
Cananga odorata/IMG_5573.JPG,Cananga odorata,8,group_1004,1,test
Cananga odorata/IMG_5574.JPG,Cananga odorata,8,group_1005,1,train
Cananga odorata/IMG_5575.JPG,Cananga odorata,8,group_1006,1,train
Cananga odorata/IMG_5576.JPG,Cananga odorata,8,group_1007,1,train
Cananga odorata/IMG_5577.JPG,Cananga odorata,8,group_1008,1,train
Cananga odorata/IMG_5578.JPG,Cananga odorata,8,group_1009,1,train
Cananga odorata/IMG_5579.JPG,Cananga odorata,8,group_1010,1,train
Cananga odorata/IMG_5580.JPG,Cananga odorata,8,group_1011,1,train
Cananga odorata/IMG_5581.JPG,Cananga odorata,8,group_1012,1,train
Cananga odorata/IMG_5582.JPG,Cananga odorata,8,group_1013,1,train
Cananga odorata/IMG_5583.JPG,Cananga odorata,8,group_1014,1,train
Carica papaya/IMG_5189.JPG,Carica papaya,9,group_1015,1,train
Carica papaya/IMG_5190.JPG,Carica papaya,9,group_1016,1,validation
Carica papaya/IMG_5191.JPG,Carica papaya,9,group_1017,1,train
Carica papaya/IMG_5192.JPG,Carica papaya,9,group_1018,1,train
Carica papaya/IMG_5193.JPG,Carica papaya,9,group_1019,1,train
Carica papaya/IMG_5194.JPG,Carica papaya,9,group_1020,1,train
Carica papaya/IMG_5195.JPG,Carica papaya,9,group_1021,1,train
Carica papaya/IMG_5196.JPG,Carica papaya,9,group_1022,1,train
Carica papaya/IMG_5197.JPG,Carica papaya,9,group_1023,1,train
Carica papaya/IMG_5198.JPG,Carica papaya,9,group_1024,1,train
Carica papaya/IMG_5199.JPG,Carica papaya,9,group_1025,1,train
Carica papaya/IMG_5200.JPG,Carica papaya,9,group_1026,1,validation
Carica papaya/IMG_5201.JPG,Carica papaya,9,group_1027,1,train
Carica papaya/IMG_5202.JPG,Carica papaya,9,group_1028,1,train
Carica papaya/IMG_5203.JPG,Carica papaya,9,group_1029,1,train
Carica papaya/IMG_5204.JPG,Carica papaya,9,group_1030,1,train
Carica papaya/IMG_5205.JPG,Carica papaya,9,group_1031,1,validation
Carica papaya/IMG_5206.JPG,Carica papaya,9,group_1032,1,train
Carica papaya/IMG_5207.JPG,Carica papaya,9,group_1033,1,train
Carica papaya/IMG_5208.JPG,Carica papaya,9,group_1034,1,validation
Carica papaya/IMG_5209.JPG,Carica papaya,9,group_1035,1,validation
Carica papaya/IMG_5210.JPG,Carica papaya,9,group_0056,3,train
Carica papaya/IMG_5211.JPG,Carica papaya,9,group_0056,3,train
Carica papaya/IMG_5212.JPG,Carica papaya,9,group_1036,1,train
Carica papaya/IMG_5213.JPG,Carica papaya,9,group_0057,3,train
Carica papaya/IMG_5214.JPG,Carica papaya,9,group_0057,3,train
Carica papaya/IMG_5215.JPG,Carica papaya,9,group_0057,3,train
Carica papaya/IMG_5216.JPG,Carica papaya,9,group_1037,1,train
Carica papaya/IMG_5217.JPG,Carica papaya,9,group_0131,2,train
Carica papaya/IMG_5218.JPG,Carica papaya,9,group_0131,2,train
Carica papaya/IMG_5219.JPG,Carica papaya,9,group_1038,1,validation
Carica papaya/IMG_5220.JPG,Carica papaya,9,group_1039,1,train
Carica papaya/IMG_5221.JPG,Carica papaya,9,group_1040,1,train
Carica papaya/IMG_5222.JPG,Carica papaya,9,group_0056,3,train
Carica papaya/IMG_5223.JPG,Carica papaya,9,group_0132,2,train
Carica papaya/IMG_5224.JPG,Carica papaya,9,group_0132,2,train
Carica papaya/IMG_5225.JPG,Carica papaya,9,group_1041,1,train
Carica papaya/IMG_5226.JPG,Carica papaya,9,group_1042,1,validation
Carica papaya/IMG_5227.JPG,Carica papaya,9,group_1043,1,train
Carica papaya/IMG_5228.JPG,Carica papaya,9,group_1044,1,train
Carica papaya/IMG_5229.JPG,Carica papaya,9,group_1045,1,test
Carica papaya/IMG_5230.JPG,Carica papaya,9,group_1046,1,train
Carica papaya/IMG_5231.JPG,Carica papaya,9,group_0133,2,train
Carica papaya/IMG_5232.JPG,Carica papaya,9,group_0133,2,train
Carica papaya/IMG_5233.JPG,Carica papaya,9,group_0134,2,train
Carica papaya/IMG_5234.JPG,Carica papaya,9,group_0134,2,train
Carica papaya/IMG_5235.JPG,Carica papaya,9,group_1047,1,train
Carica papaya/IMG_5236.JPG,Carica papaya,9,group_1048,1,train
Carica papaya/IMG_5237.JPG,Carica papaya,9,group_0003,9,train
Carica papaya/IMG_5238.JPG,Carica papaya,9,group_0005,8,validation
Carica papaya/IMG_5239.JPG,Carica papaya,9,group_0005,8,validation
Carica papaya/IMG_5240.JPG,Carica papaya,9,group_0005,8,validation
Carica papaya/IMG_5241.JPG,Carica papaya,9,group_0005,8,validation
Carica papaya/IMG_5242.JPG,Carica papaya,9,group_0005,8,validation
Carica papaya/IMG_5243.JPG,Carica papaya,9,group_0005,8,validation
Carica papaya/IMG_5244.JPG,Carica papaya,9,group_0005,8,validation
Carica papaya/IMG_5245.JPG,Carica papaya,9,group_0005,8,validation
Carica papaya/IMG_5246.JPG,Carica papaya,9,group_0015,6,test
Carica papaya/IMG_5247.JPG,Carica papaya,9,group_0015,6,test
Carica papaya/IMG_5248.JPG,Carica papaya,9,group_0015,6,test
Carica papaya/IMG_5249.JPG,Carica papaya,9,group_0015,6,test
Carica papaya/IMG_5250.JPG,Carica papaya,9,group_0015,6,test
Carica papaya/IMG_5251.JPG,Carica papaya,9,group_0015,6,test
Carica papaya/IMG_5252.JPG,Carica papaya,9,group_1049,1,test
Carica papaya/IMG_5253.JPG,Carica papaya,9,group_0003,9,train
Carica papaya/IMG_5254.JPG,Carica papaya,9,group_1050,1,train
Carica papaya/IMG_5255.JPG,Carica papaya,9,group_0003,9,train
Carica papaya/IMG_5256.JPG,Carica papaya,9,group_0003,9,train
Carica papaya/IMG_5257.JPG,Carica papaya,9,group_0003,9,train
Carica papaya/IMG_5258.JPG,Carica papaya,9,group_0003,9,train
Carica papaya/IMG_5259.JPG,Carica papaya,9,group_1051,1,train
Carica papaya/IMG_5260.JPG,Carica papaya,9,group_1052,1,train
Carica papaya/IMG_5261.JPG,Carica papaya,9,group_0135,2,train
Carica papaya/IMG_5262.JPG,Carica papaya,9,group_0135,2,train
Carica papaya/IMG_5263.JPG,Carica papaya,9,group_0003,9,train
Carica papaya/IMG_5264.JPG,Carica papaya,9,group_0003,9,train
Carica papaya/IMG_5265.JPG,Carica papaya,9,group_0003,9,train
Carica papaya/IMG_5266.JPG,Carica papaya,9,group_1053,1,train
Carica papaya/IMG_5267.JPG,Carica papaya,9,group_1054,1,train
Carica papaya/IMG_5268.JPG,Carica papaya,9,group_1055,1,train
Carica papaya/IMG_5269.JPG,Carica papaya,9,group_1056,1,train
Carica papaya/IMG_5270.JPG,Carica papaya,9,group_1057,1,train
Carica papaya/IMG_5271.JPG,Carica papaya,9,group_1058,1,train
Carica papaya/IMG_5272.JPG,Carica papaya,9,group_1059,1,train
Carica papaya/IMG_5273.JPG,Carica papaya,9,group_1060,1,test
Carica papaya/IMG_5274.JPG,Carica papaya,9,group_1061,1,train
Carica papaya/IMG_5275.JPG,Carica papaya,9,group_1062,1,train
Carica papaya/IMG_5276.JPG,Carica papaya,9,group_1063,1,train
Carica papaya/IMG_5277.JPG,Carica papaya,9,group_1064,1,train
Carica papaya/IMG_5278.JPG,Carica papaya,9,group_1065,1,test
Carica papaya/IMG_5279.JPG,Carica papaya,9,group_1066,1,train
Carica papaya/IMG_5280.JPG,Carica papaya,9,group_1067,1,train
Carica papaya/IMG_5281.JPG,Carica papaya,9,group_1068,1,train
Carica papaya/IMG_5282.JPG,Carica papaya,9,group_1069,1,train
Carica papaya/IMG_5283.JPG,Carica papaya,9,group_1070,1,train
Carica papaya/IMG_5284.JPG,Carica papaya,9,group_1071,1,train
Carica papaya/IMG_5285.JPG,Carica papaya,9,group_1072,1,train
Carica papaya/IMG_5286.JPG,Carica papaya,9,group_1073,1,train
Carica papaya/IMG_5287.JPG,Carica papaya,9,group_1074,1,validation
Carica papaya/IMG_5288.JPG,Carica papaya,9,group_1075,1,test
Carica papaya/IMG_5289.JPG,Carica papaya,9,group_1076,1,validation
Carica papaya/IMG_5290.JPG,Carica papaya,9,group_1077,1,train
Carica papaya/IMG_5291.JPG,Carica papaya,9,group_1078,1,test
Carica papaya/IMG_5292.JPG,Carica papaya,9,group_1079,1,train
Carica papaya/IMG_5293.JPG,Carica papaya,9,group_1080,1,train
Carica papaya/IMG_5294.JPG,Carica papaya,9,group_1081,1,train
Carica papaya/IMG_5295.JPG,Carica papaya,9,group_1082,1,validation
Carica papaya/IMG_5296.JPG,Carica papaya,9,group_1083,1,validation
Carica papaya/IMG_5297.JPG,Carica papaya,9,group_1084,1,train
Carica papaya/IMG_5298.JPG,Carica papaya,9,group_1085,1,train
Carica papaya/IMG_5299.JPG,Carica papaya,9,group_1086,1,train
Carica papaya/IMG_5300.JPG,Carica papaya,9,group_0136,2,train
Carica papaya/IMG_5301.JPG,Carica papaya,9,group_0136,2,train
Carica papaya/IMG_5302.JPG,Carica papaya,9,group_1087,1,train
Carica papaya/IMG_5303.JPG,Carica papaya,9,group_1088,1,train
Carica papaya/IMG_5304.JPG,Carica papaya,9,group_1089,1,train
Carica papaya/IMG_5305.JPG,Carica papaya,9,group_1090,1,train
Carica papaya/IMG_5306.JPG,Carica papaya,9,group_1091,1,validation
Carica papaya/IMG_5307.JPG,Carica papaya,9,group_1092,1,train
Carica papaya/IMG_5308.JPG,Carica papaya,9,group_1093,1,train
Carica papaya/IMG_5309.JPG,Carica papaya,9,group_1094,1,train
Carica papaya/IMG_5310.JPG,Carica papaya,9,group_1095,1,train
Carica papaya/IMG_5311.JPG,Carica papaya,9,group_1096,1,train
Carica papaya/IMG_5312.JPG,Carica papaya,9,group_1097,1,validation
Carica papaya/IMG_5313.JPG,Carica papaya,9,group_1098,1,test
Carica papaya/IMG_5314.JPG,Carica papaya,9,group_1099,1,train
Carica papaya/IMG_5315.JPG,Carica papaya,9,group_1100,1,train
Carica papaya/IMG_5316.JPG,Carica papaya,9,group_1101,1,train
Carica papaya/IMG_5317.JPG,Carica papaya,9,group_1102,1,train
Carica papaya/IMG_5318.JPG,Carica papaya,9,group_1103,1,validation
Carica papaya/IMG_5319.JPG,Carica papaya,9,group_1104,1,test
Carica papaya/IMG_5320.JPG,Carica papaya,9,group_1105,1,validation
Carica papaya/IMG_5321.JPG,Carica papaya,9,group_1106,1,validation
Carica papaya/IMG_5322.JPG,Carica papaya,9,group_1107,1,test
Carica papaya/IMG_5323.JPG,Carica papaya,9,group_1108,1,train
Carica papaya/IMG_5324.JPG,Carica papaya,9,group_0137,2,train
Carica papaya/IMG_5325.JPG,Carica papaya,9,group_0137,2,train
Carica papaya/IMG_5326.JPG,Carica papaya,9,group_1109,1,train
Carica papaya/IMG_5327.JPG,Carica papaya,9,group_1110,1,train
Carica papaya/IMG_5328.JPG,Carica papaya,9,group_1111,1,test
Carica papaya/IMG_5329.JPG,Carica papaya,9,group_1112,1,train
Carica papaya/IMG_5330.JPG,Carica papaya,9,group_1113,1,train
Carica papaya/IMG_5331.JPG,Carica papaya,9,group_1114,1,train
Carica papaya/IMG_5332.JPG,Carica papaya,9,group_1115,1,train
Carica papaya/IMG_5333.JPG,Carica papaya,9,group_0138,2,train
Carica papaya/IMG_5334.JPG,Carica papaya,9,group_0138,2,train
Carica papaya/IMG_5335.JPG,Carica papaya,9,group_0139,2,train
Carica papaya/IMG_5336.JPG,Carica papaya,9,group_0139,2,train
Carica papaya/IMG_5337.JPG,Carica papaya,9,group_1116,1,validation
Carica papaya/IMG_5338.JPG,Carica papaya,9,group_1117,1,test
Carica papaya/IMG_5339.JPG,Carica papaya,9,group_1118,1,train
Carica papaya/IMG_5340.JPG,Carica papaya,9,group_1119,1,test
Carica papaya/IMG_5341.JPG,Carica papaya,9,group_1120,1,train
Carica papaya/IMG_5342.JPG,Carica papaya,9,group_1121,1,test
Carica papaya/IMG_5343.JPG,Carica papaya,9,group_1122,1,test
Carica papaya/IMG_5344.JPG,Carica papaya,9,group_1123,1,train
Carica papaya/IMG_5345.JPG,Carica papaya,9,group_1124,1,validation
Carica papaya/IMG_5346.JPG,Carica papaya,9,group_1125,1,validation
Carica papaya/IMG_5347.JPG,Carica papaya,9,group_1126,1,train
Carica papaya/IMG_5348.JPG,Carica papaya,9,group_1127,1,test
Carica papaya/IMG_5349.JPG,Carica papaya,9,group_1128,1,train
Carica papaya/IMG_5350.JPG,Carica papaya,9,group_1129,1,train
Carica papaya/IMG_5351.JPG,Carica papaya,9,group_1130,1,train
Carica papaya/IMG_5352.JPG,Carica papaya,9,group_1131,1,train
Carica papaya/IMG_5353.JPG,Carica papaya,9,group_1132,1,train
Carica papaya/IMG_5354.JPG,Carica papaya,9,group_1133,1,test
Carica papaya/IMG_5355.JPG,Carica papaya,9,group_1134,1,test
Carica papaya/IMG_5356.JPG,Carica papaya,9,group_1135,1,train
Carica papaya/IMG_5357.JPG,Carica papaya,9,group_1136,1,test
Carica papaya/IMG_5358.JPG,Carica papaya,9,group_1137,1,train
Carica papaya/IMG_5359.JPG,Carica papaya,9,group_1138,1,train
Carica papaya/IMG_5360.JPG,Carica papaya,9,group_1139,1,test
Carica papaya/IMG_5361.JPG,Carica papaya,9,group_1140,1,test
Carica papaya/IMG_5362.JPG,Carica papaya,9,group_1141,1,validation
Carica papaya/IMG_5363.JPG,Carica papaya,9,group_1142,1,train
Carica papaya/IMG_5364.JPG,Carica papaya,9,group_1143,1,train
Carica papaya/IMG_5365.JPG,Carica papaya,9,group_1144,1,train
Carica papaya/IMG_5366.JPG,Carica papaya,9,group_1145,1,train
Carica papaya/IMG_5367.JPG,Carica papaya,9,group_1146,1,validation
Carica papaya/IMG_5368.JPG,Carica papaya,9,group_1147,1,train
Carica papaya/IMG_5369.JPG,Carica papaya,9,group_1148,1,test
Carica papaya/IMG_5370.JPG,Carica papaya,9,group_1149,1,train
Carica papaya/IMG_5371.JPG,Carica papaya,9,group_1150,1,train
Carica papaya/IMG_5372.JPG,Carica papaya,9,group_1151,1,train
Carica papaya/IMG_5373.JPG,Carica papaya,9,group_1152,1,train
Carica papaya/IMG_5374.JPG,Carica papaya,9,group_1153,1,train
Carica papaya/IMG_5375.JPG,Carica papaya,9,group_1154,1,train
Carica papaya/IMG_5376.JPG,Carica papaya,9,group_1155,1,test
Carica papaya/IMG_5377.JPG,Carica papaya,9,group_1156,1,train
Carica papaya/IMG_5378.JPG,Carica papaya,9,group_1157,1,train
Carica papaya/IMG_5379.JPG,Carica papaya,9,group_1158,1,train
Carica papaya/IMG_5380.JPG,Carica papaya,9,group_1159,1,test
Carica papaya/IMG_5381.JPG,Carica papaya,9,group_1160,1,test
Carica papaya/IMG_5382.JPG,Carica papaya,9,group_1161,1,validation
Carica papaya/IMG_5383.JPG,Carica papaya,9,group_1162,1,train
Carica papaya/IMG_5384.JPG,Carica papaya,9,group_1163,1,train
Carica papaya/IMG_5385.JPG,Carica papaya,9,group_1164,1,train
Carica papaya/IMG_5386.JPG,Carica papaya,9,group_1165,1,train
Carica papaya/IMG_5387.JPG,Carica papaya,9,group_1166,1,train
Carica papaya/IMG_5388.JPG,Carica papaya,9,group_1167,1,train
Carica papaya/IMG_5389.JPG,Carica papaya,9,group_1168,1,train
Carica papaya/IMG_5390.JPG,Carica papaya,9,group_1169,1,train
Carica papaya/IMG_5391.JPG,Carica papaya,9,group_1170,1,train
Carica papaya/IMG_5392.JPG,Carica papaya,9,group_1171,1,train
Carica papaya/IMG_5393.JPG,Carica papaya,9,group_1172,1,validation
Carica papaya/IMG_5394.JPG,Carica papaya,9,group_1173,1,test
Carica papaya/IMG_5395.JPG,Carica papaya,9,group_1174,1,train
Casuarina equisetifolia/IMG_5386.JPG,Casuarina equisetifolia,10,group_1175,1,validation
Casuarina equisetifolia/IMG_5387.JPG,Casuarina equisetifolia,10,group_1176,1,validation
Casuarina equisetifolia/IMG_5388.JPG,Casuarina equisetifolia,10,group_1177,1,train
Casuarina equisetifolia/IMG_5389.JPG,Casuarina equisetifolia,10,group_1178,1,train
Casuarina equisetifolia/IMG_5390.JPG,Casuarina equisetifolia,10,group_1179,1,test
Casuarina equisetifolia/IMG_5391.JPG,Casuarina equisetifolia,10,group_1180,1,train
Casuarina equisetifolia/IMG_5392.JPG,Casuarina equisetifolia,10,group_1181,1,train
Casuarina equisetifolia/IMG_5393.JPG,Casuarina equisetifolia,10,group_1182,1,test
Casuarina equisetifolia/IMG_5394.JPG,Casuarina equisetifolia,10,group_1183,1,train
Casuarina equisetifolia/IMG_5395.JPG,Casuarina equisetifolia,10,group_1184,1,test
Casuarina equisetifolia/IMG_5396.JPG,Casuarina equisetifolia,10,group_1185,1,train
Casuarina equisetifolia/IMG_5397.JPG,Casuarina equisetifolia,10,group_1186,1,train
Casuarina equisetifolia/IMG_5398.JPG,Casuarina equisetifolia,10,group_1187,1,train
Casuarina equisetifolia/IMG_5399.JPG,Casuarina equisetifolia,10,group_1188,1,train
Casuarina equisetifolia/IMG_5400.JPG,Casuarina equisetifolia,10,group_1189,1,train
Casuarina equisetifolia/IMG_5401.JPG,Casuarina equisetifolia,10,group_1190,1,train
Casuarina equisetifolia/IMG_5402.JPG,Casuarina equisetifolia,10,group_1191,1,validation
Casuarina equisetifolia/IMG_5403.JPG,Casuarina equisetifolia,10,group_1192,1,train
Casuarina equisetifolia/IMG_5404.JPG,Casuarina equisetifolia,10,group_1193,1,train
Casuarina equisetifolia/IMG_5405.JPG,Casuarina equisetifolia,10,group_1194,1,train
Casuarina equisetifolia/IMG_5406.JPG,Casuarina equisetifolia,10,group_1195,1,train
Casuarina equisetifolia/IMG_5407.JPG,Casuarina equisetifolia,10,group_1196,1,test
Casuarina equisetifolia/IMG_5408.JPG,Casuarina equisetifolia,10,group_1197,1,train
Casuarina equisetifolia/IMG_5409.JPG,Casuarina equisetifolia,10,group_1198,1,train
Casuarina equisetifolia/IMG_5410.JPG,Casuarina equisetifolia,10,group_1199,1,train
Casuarina equisetifolia/IMG_5411.JPG,Casuarina equisetifolia,10,group_1200,1,train
Casuarina equisetifolia/IMG_5412.JPG,Casuarina equisetifolia,10,group_1201,1,train
Casuarina equisetifolia/IMG_5413.JPG,Casuarina equisetifolia,10,group_1202,1,train
Casuarina equisetifolia/IMG_5414.JPG,Casuarina equisetifolia,10,group_1203,1,train
Casuarina equisetifolia/IMG_5415.JPG,Casuarina equisetifolia,10,group_1204,1,train
Casuarina equisetifolia/IMG_5416.JPG,Casuarina equisetifolia,10,group_1205,1,train
Casuarina equisetifolia/IMG_5417.JPG,Casuarina equisetifolia,10,group_1206,1,train
Casuarina equisetifolia/IMG_5418.JPG,Casuarina equisetifolia,10,group_1207,1,train
Casuarina equisetifolia/IMG_5419.JPG,Casuarina equisetifolia,10,group_1208,1,test
Casuarina equisetifolia/IMG_5420.JPG,Casuarina equisetifolia,10,group_1209,1,train
Casuarina equisetifolia/IMG_5421.JPG,Casuarina equisetifolia,10,group_1210,1,validation
Casuarina equisetifolia/IMG_5422.JPG,Casuarina equisetifolia,10,group_1211,1,train
Casuarina equisetifolia/IMG_5423.JPG,Casuarina equisetifolia,10,group_1212,1,train
Casuarina equisetifolia/IMG_5424.JPG,Casuarina equisetifolia,10,group_1213,1,train
Casuarina equisetifolia/IMG_5425.JPG,Casuarina equisetifolia,10,group_1214,1,train
Casuarina equisetifolia/IMG_5426.JPG,Casuarina equisetifolia,10,group_1215,1,train
Casuarina equisetifolia/IMG_5427.JPG,Casuarina equisetifolia,10,group_1216,1,test
Casuarina equisetifolia/IMG_5428.JPG,Casuarina equisetifolia,10,group_1217,1,train
Casuarina equisetifolia/IMG_5429.JPG,Casuarina equisetifolia,10,group_1218,1,validation
Casuarina equisetifolia/IMG_5430.JPG,Casuarina equisetifolia,10,group_1219,1,validation
Casuarina equisetifolia/IMG_5431.JPG,Casuarina equisetifolia,10,group_1220,1,test
Casuarina equisetifolia/IMG_5432.JPG,Casuarina equisetifolia,10,group_1221,1,train
Casuarina equisetifolia/IMG_5433.JPG,Casuarina equisetifolia,10,group_1222,1,test
Casuarina equisetifolia/IMG_5434.JPG,Casuarina equisetifolia,10,group_1223,1,validation
Casuarina equisetifolia/IMG_5435.JPG,Casuarina equisetifolia,10,group_1224,1,train
Casuarina equisetifolia/IMG_5436.JPG,Casuarina equisetifolia,10,group_0140,2,train
Casuarina equisetifolia/IMG_5437.JPG,Casuarina equisetifolia,10,group_0140,2,train
Casuarina equisetifolia/IMG_5438.JPG,Casuarina equisetifolia,10,group_1225,1,validation
Casuarina equisetifolia/IMG_5439.JPG,Casuarina equisetifolia,10,group_1226,1,train
Casuarina equisetifolia/IMG_5440.JPG,Casuarina equisetifolia,10,group_1227,1,test
Casuarina equisetifolia/IMG_5441.JPG,Casuarina equisetifolia,10,group_1228,1,train
Casuarina equisetifolia/IMG_5442.JPG,Casuarina equisetifolia,10,group_1229,1,validation
Casuarina equisetifolia/IMG_5443.JPG,Casuarina equisetifolia,10,group_1230,1,validation
Casuarina equisetifolia/IMG_5444.JPG,Casuarina equisetifolia,10,group_1231,1,train
Casuarina equisetifolia/IMG_5445.JPG,Casuarina equisetifolia,10,group_1232,1,train
Casuarina equisetifolia/IMG_5446.JPG,Casuarina equisetifolia,10,group_1233,1,train
Casuarina equisetifolia/IMG_5447.JPG,Casuarina equisetifolia,10,group_1234,1,validation
Casuarina equisetifolia/IMG_5448.JPG,Casuarina equisetifolia,10,group_1235,1,train
Casuarina equisetifolia/IMG_5449.JPG,Casuarina equisetifolia,10,group_1236,1,train
Casuarina equisetifolia/IMG_5450.JPG,Casuarina equisetifolia,10,group_1237,1,train
Casuarina equisetifolia/IMG_5451.JPG,Casuarina equisetifolia,10,group_1238,1,validation
Casuarina equisetifolia/IMG_5452.JPG,Casuarina equisetifolia,10,group_1239,1,train
Casuarina equisetifolia/IMG_5453.JPG,Casuarina equisetifolia,10,group_1240,1,test
Casuarina equisetifolia/IMG_5454.JPG,Casuarina equisetifolia,10,group_1241,1,validation
Casuarina equisetifolia/IMG_5455.JPG,Casuarina equisetifolia,10,group_1242,1,train
Casuarina equisetifolia/IMG_5456.JPG,Casuarina equisetifolia,10,group_1243,1,train
Casuarina equisetifolia/IMG_5457.JPG,Casuarina equisetifolia,10,group_1244,1,validation
Casuarina equisetifolia/IMG_5458.JPG,Casuarina equisetifolia,10,group_1245,1,train
Casuarina equisetifolia/IMG_5459.JPG,Casuarina equisetifolia,10,group_1246,1,test
Casuarina equisetifolia/IMG_5460.JPG,Casuarina equisetifolia,10,group_1247,1,train
Casuarina equisetifolia/IMG_5461.JPG,Casuarina equisetifolia,10,group_1248,1,train
Casuarina equisetifolia/IMG_5462.JPG,Casuarina equisetifolia,10,group_1249,1,test
Casuarina equisetifolia/IMG_5463.JPG,Casuarina equisetifolia,10,group_1250,1,train
Casuarina equisetifolia/IMG_5464.JPG,Casuarina equisetifolia,10,group_1251,1,train
Casuarina equisetifolia/IMG_5465.JPG,Casuarina equisetifolia,10,group_1252,1,train
Casuarina equisetifolia/IMG_5466.JPG,Casuarina equisetifolia,10,group_1253,1,train
Casuarina equisetifolia/IMG_5467.JPG,Casuarina equisetifolia,10,group_1254,1,train
Casuarina equisetifolia/IMG_5468.JPG,Casuarina equisetifolia,10,group_1255,1,train
Casuarina equisetifolia/IMG_5469.JPG,Casuarina equisetifolia,10,group_1256,1,train
Casuarina equisetifolia/IMG_5470.JPG,Casuarina equisetifolia,10,group_1257,1,train
Casuarina equisetifolia/IMG_5471.JPG,Casuarina equisetifolia,10,group_1258,1,train
Casuarina equisetifolia/IMG_5472.JPG,Casuarina equisetifolia,10,group_1259,1,test
Casuarina equisetifolia/IMG_5473.JPG,Casuarina equisetifolia,10,group_1260,1,validation
Casuarina equisetifolia/IMG_5474.JPG,Casuarina equisetifolia,10,group_1261,1,train
Casuarina equisetifolia/IMG_5475.JPG,Casuarina equisetifolia,10,group_1262,1,train
Casuarina equisetifolia/IMG_5476.JPG,Casuarina equisetifolia,10,group_1263,1,train
Casuarina equisetifolia/IMG_5477.JPG,Casuarina equisetifolia,10,group_1264,1,train
Casuarina equisetifolia/IMG_5478.JPG,Casuarina equisetifolia,10,group_1265,1,train
Casuarina equisetifolia/IMG_5479.JPG,Casuarina equisetifolia,10,group_1266,1,train
Casuarina equisetifolia/IMG_5480.JPG,Casuarina equisetifolia,10,group_1267,1,train
Casuarina equisetifolia/IMG_5481.JPG,Casuarina equisetifolia,10,group_1268,1,test
Casuarina equisetifolia/IMG_5482.JPG,Casuarina equisetifolia,10,group_1269,1,train
Cedrus/IMG_6162.JPG,Cedrus,11,group_1270,1,validation
Cedrus/IMG_6163.JPG,Cedrus,11,group_1271,1,train
Cedrus/IMG_6164.JPG,Cedrus,11,group_1272,1,train
Cedrus/IMG_6165.JPG,Cedrus,11,group_1273,1,train
Cedrus/IMG_6166.JPG,Cedrus,11,group_1274,1,validation
Cedrus/IMG_6167.JPG,Cedrus,11,group_1275,1,train
Cedrus/IMG_6168.JPG,Cedrus,11,group_1276,1,validation
Cedrus/IMG_6169.JPG,Cedrus,11,group_1277,1,train
Cedrus/IMG_6170.JPG,Cedrus,11,group_1278,1,train
Cedrus/IMG_6171.JPG,Cedrus,11,group_1279,1,train
Cedrus/IMG_6172.JPG,Cedrus,11,group_1280,1,train
Cedrus/IMG_6173.JPG,Cedrus,11,group_1281,1,train
Cedrus/IMG_6174.JPG,Cedrus,11,group_1282,1,train
Cedrus/IMG_6175.JPG,Cedrus,11,group_1283,1,test
Cedrus/IMG_6176.JPG,Cedrus,11,group_1284,1,test
Cedrus/IMG_6177.JPG,Cedrus,11,group_1285,1,train
Cedrus/IMG_6178.JPG,Cedrus,11,group_1286,1,train
Cedrus/IMG_6179.JPG,Cedrus,11,group_1287,1,train
Cedrus/IMG_6180.JPG,Cedrus,11,group_1288,1,train
Cedrus/IMG_6181.JPG,Cedrus,11,group_1289,1,validation
Cedrus/IMG_6182.JPG,Cedrus,11,group_1290,1,test
Cedrus/IMG_6183.JPG,Cedrus,11,group_1291,1,train
Cedrus/IMG_6184.JPG,Cedrus,11,group_1292,1,train
Cedrus/IMG_6185.JPG,Cedrus,11,group_1293,1,train
Cedrus/IMG_6186.JPG,Cedrus,11,group_1294,1,train
Cedrus/IMG_6187.JPG,Cedrus,11,group_1295,1,validation
Cedrus/IMG_6188.JPG,Cedrus,11,group_1296,1,train
Cedrus/IMG_6189.JPG,Cedrus,11,group_1297,1,train
Cedrus/IMG_6190.JPG,Cedrus,11,group_1298,1,train
Cedrus/IMG_6191.JPG,Cedrus,11,group_1299,1,test
Cedrus/IMG_6192.JPG,Cedrus,11,group_1300,1,train
Cedrus/IMG_6193.JPG,Cedrus,11,group_1301,1,validation
Cedrus/IMG_6194.JPG,Cedrus,11,group_1302,1,train
Cedrus/IMG_6195.JPG,Cedrus,11,group_1303,1,train
Cedrus/IMG_6196.JPG,Cedrus,11,group_1304,1,test
Cedrus/IMG_6197.JPG,Cedrus,11,group_1305,1,train
Cedrus/IMG_6198.JPG,Cedrus,11,group_1306,1,train
Cedrus/IMG_6199.JPG,Cedrus,11,group_1307,1,train
Cedrus/IMG_6200.JPG,Cedrus,11,group_1308,1,train
Cedrus/IMG_6201.JPG,Cedrus,11,group_1309,1,train
Cedrus/IMG_6202.JPG,Cedrus,11,group_1310,1,train
Cedrus/IMG_6203.JPG,Cedrus,11,group_1311,1,train
Cedrus/IMG_6204.JPG,Cedrus,11,group_1312,1,train
Cedrus/IMG_6205.JPG,Cedrus,11,group_1313,1,train
Cedrus/IMG_6206.JPG,Cedrus,11,group_1314,1,test
Cedrus/IMG_6207.JPG,Cedrus,11,group_1315,1,train
Cedrus/IMG_6208.JPG,Cedrus,11,group_1316,1,train
Cedrus/IMG_6209.JPG,Cedrus,11,group_1317,1,validation
Cedrus/IMG_6210.JPG,Cedrus,11,group_1318,1,train
Cedrus/IMG_6211.JPG,Cedrus,11,group_1319,1,test
Cedrus/IMG_6212.JPG,Cedrus,11,group_1320,1,train
Cedrus/IMG_6213.JPG,Cedrus,11,group_1321,1,validation
Cedrus/IMG_6214.JPG,Cedrus,11,group_1322,1,train
Cedrus/IMG_6215.JPG,Cedrus,11,group_1323,1,train
Cedrus/IMG_6216.JPG,Cedrus,11,group_1324,1,train
Cedrus/IMG_6217.JPG,Cedrus,11,group_1325,1,train
Cedrus/IMG_6218.JPG,Cedrus,11,group_1326,1,validation
Cedrus/IMG_6219.JPG,Cedrus,11,group_1327,1,train
Cedrus/IMG_6220.JPG,Cedrus,11,group_1328,1,validation
Cedrus/IMG_6221.JPG,Cedrus,11,group_1329,1,train
Cedrus/IMG_6222.JPG,Cedrus,11,group_1330,1,train
Cedrus/IMG_6223.JPG,Cedrus,11,group_1331,1,train
Cedrus/IMG_6224.JPG,Cedrus,11,group_1332,1,train
Cedrus/IMG_6225.JPG,Cedrus,11,group_1333,1,train
Cedrus/IMG_6226.JPG,Cedrus,11,group_1334,1,test
Cedrus/IMG_6227.JPG,Cedrus,11,group_1335,1,train
Cedrus/IMG_6228.JPG,Cedrus,11,group_1336,1,train
Cedrus/IMG_6229.JPG,Cedrus,11,group_1337,1,test
Cedrus/IMG_6230.JPG,Cedrus,11,group_1338,1,train
Cedrus/IMG_6231.JPG,Cedrus,11,group_1339,1,train
Cedrus/IMG_6232.JPG,Cedrus,11,group_1340,1,train
Cedrus/IMG_6233.JPG,Cedrus,11,group_1341,1,validation
Cedrus/IMG_6234.JPG,Cedrus,11,group_1342,1,test
Cedrus/IMG_6235.JPG,Cedrus,11,group_1343,1,test
Cedrus/IMG_6236.JPG,Cedrus,11,group_1344,1,train
Cedrus/IMG_6237.JPG,Cedrus,11,group_1345,1,validation
Cedrus/IMG_6238.JPG,Cedrus,11,group_1346,1,train
Cedrus/IMG_6239.JPG,Cedrus,11,group_1347,1,train
Cedrus/IMG_6240.JPG,Cedrus,11,group_1348,1,test
Cedrus/IMG_6241.JPG,Cedrus,11,group_1349,1,validation
Cedrus/IMG_6242.JPG,Cedrus,11,group_1350,1,train
Cedrus/IMG_6243.JPG,Cedrus,11,group_1351,1,train
Cedrus/IMG_6244.JPG,Cedrus,11,group_1352,1,test
Cedrus/IMG_6245.JPG,Cedrus,11,group_1353,1,validation
Cedrus/IMG_6246.JPG,Cedrus,11,group_1354,1,train
Cedrus/IMG_6247.JPG,Cedrus,11,group_1355,1,train
Cedrus/IMG_6248.JPG,Cedrus,11,group_1356,1,train
Cedrus/IMG_6249.JPG,Cedrus,11,group_1357,1,train
Cedrus/IMG_6250.JPG,Cedrus,11,group_1358,1,train
Cedrus/IMG_6251.JPG,Cedrus,11,group_1359,1,test
Cedrus/IMG_6252.JPG,Cedrus,11,group_1360,1,train
Cedrus/IMG_6253.JPG,Cedrus,11,group_1361,1,train
Cedrus/IMG_6254.JPG,Cedrus,11,group_1362,1,train
Chrysophyllum cainino/IMG_5800.JPG,Chrysophyllum cainino,12,group_1363,1,train
Chrysophyllum cainino/IMG_5801.JPG,Chrysophyllum cainino,12,group_1364,1,train
Chrysophyllum cainino/IMG_5802.JPG,Chrysophyllum cainino,12,group_1365,1,train
Chrysophyllum cainino/IMG_5803.JPG,Chrysophyllum cainino,12,group_1366,1,train
Chrysophyllum cainino/IMG_5804.JPG,Chrysophyllum cainino,12,group_1367,1,train
Chrysophyllum cainino/IMG_5805.JPG,Chrysophyllum cainino,12,group_1368,1,train
Chrysophyllum cainino/IMG_5806.JPG,Chrysophyllum cainino,12,group_1369,1,train
Chrysophyllum cainino/IMG_5807.JPG,Chrysophyllum cainino,12,group_1370,1,train
Chrysophyllum cainino/IMG_5808.JPG,Chrysophyllum cainino,12,group_1371,1,train
Chrysophyllum cainino/IMG_5809.JPG,Chrysophyllum cainino,12,group_1372,1,test
Chrysophyllum cainino/IMG_5810.JPG,Chrysophyllum cainino,12,group_1373,1,validation
Chrysophyllum cainino/IMG_5811.JPG,Chrysophyllum cainino,12,group_1374,1,train
Chrysophyllum cainino/IMG_5812.JPG,Chrysophyllum cainino,12,group_1375,1,test
Chrysophyllum cainino/IMG_5813.JPG,Chrysophyllum cainino,12,group_1376,1,test
Chrysophyllum cainino/IMG_5814.JPG,Chrysophyllum cainino,12,group_1377,1,validation
Chrysophyllum cainino/IMG_5816.JPG,Chrysophyllum cainino,12,group_1378,1,train
Chrysophyllum cainino/IMG_5817.JPG,Chrysophyllum cainino,12,group_0141,2,train
Chrysophyllum cainino/IMG_5818.JPG,Chrysophyllum cainino,12,group_0141,2,train
Chrysophyllum cainino/IMG_5819.JPG,Chrysophyllum cainino,12,group_0142,2,validation
Chrysophyllum cainino/IMG_5820.JPG,Chrysophyllum cainino,12,group_0142,2,validation
Chrysophyllum cainino/IMG_5821.JPG,Chrysophyllum cainino,12,group_1379,1,validation
Chrysophyllum cainino/IMG_5822.JPG,Chrysophyllum cainino,12,group_1380,1,train
Chrysophyllum cainino/IMG_5823.JPG,Chrysophyllum cainino,12,group_1381,1,train
Chrysophyllum cainino/IMG_5824.JPG,Chrysophyllum cainino,12,group_1382,1,validation
Chrysophyllum cainino/IMG_5825.JPG,Chrysophyllum cainino,12,group_1383,1,train
Chrysophyllum cainino/IMG_5826.JPG,Chrysophyllum cainino,12,group_1384,1,train
Chrysophyllum cainino/IMG_5827.JPG,Chrysophyllum cainino,12,group_1385,1,train
Chrysophyllum cainino/IMG_5828.JPG,Chrysophyllum cainino,12,group_1386,1,validation
Chrysophyllum cainino/IMG_5829.JPG,Chrysophyllum cainino,12,group_1387,1,train
Chrysophyllum cainino/IMG_5830.JPG,Chrysophyllum cainino,12,group_1388,1,train
Chrysophyllum cainino/IMG_5831.JPG,Chrysophyllum cainino,12,group_1389,1,train
Chrysophyllum cainino/IMG_5832.JPG,Chrysophyllum cainino,12,group_1390,1,train
Chrysophyllum cainino/IMG_5833.JPG,Chrysophyllum cainino,12,group_1391,1,train
Chrysophyllum cainino/IMG_5834.JPG,Chrysophyllum cainino,12,group_0143,2,train
Chrysophyllum cainino/IMG_5835.JPG,Chrysophyllum cainino,12,group_0143,2,train
Chrysophyllum cainino/IMG_5836.JPG,Chrysophyllum cainino,12,group_1392,1,test
Chrysophyllum cainino/IMG_5837.JPG,Chrysophyllum cainino,12,group_1393,1,test
Chrysophyllum cainino/IMG_5838.JPG,Chrysophyllum cainino,12,group_1394,1,train
Chrysophyllum cainino/IMG_5839.JPG,Chrysophyllum cainino,12,group_1395,1,train
Chrysophyllum cainino/IMG_5840.JPG,Chrysophyllum cainino,12,group_1396,1,test
Chrysophyllum cainino/IMG_5841.JPG,Chrysophyllum cainino,12,group_1397,1,train
Chrysophyllum cainino/IMG_5842.JPG,Chrysophyllum cainino,12,group_1398,1,train
Chrysophyllum cainino/IMG_5843.JPG,Chrysophyllum cainino,12,group_0144,2,train
Chrysophyllum cainino/IMG_5844.JPG,Chrysophyllum cainino,12,group_0144,2,train
Chrysophyllum cainino/IMG_5845.JPG,Chrysophyllum cainino,12,group_1399,1,train
Chrysophyllum cainino/IMG_5846.JPG,Chrysophyllum cainino,12,group_0058,3,train
Chrysophyllum cainino/IMG_5847.JPG,Chrysophyllum cainino,12,group_0145,2,train
Chrysophyllum cainino/IMG_5848.JPG,Chrysophyllum cainino,12,group_0058,3,train
Chrysophyllum cainino/IMG_5849.JPG,Chrysophyllum cainino,12,group_0058,3,train
Chrysophyllum cainino/IMG_5850.JPG,Chrysophyllum cainino,12,group_1400,1,validation
Chrysophyllum cainino/IMG_5851.JPG,Chrysophyllum cainino,12,group_0146,2,train
Chrysophyllum cainino/IMG_5852.JPG,Chrysophyllum cainino,12,group_0146,2,train
Chrysophyllum cainino/IMG_5853.JPG,Chrysophyllum cainino,12,group_0145,2,train
Chrysophyllum cainino/IMG_5854.JPG,Chrysophyllum cainino,12,group_1401,1,train
Chrysophyllum cainino/IMG_5855.JPG,Chrysophyllum cainino,12,group_1402,1,validation
Chrysophyllum cainino/IMG_5856.JPG,Chrysophyllum cainino,12,group_1403,1,train
Chrysophyllum cainino/IMG_5857.JPG,Chrysophyllum cainino,12,group_1404,1,train
Chrysophyllum cainino/IMG_5858.JPG,Chrysophyllum cainino,12,group_1405,1,test
Chrysophyllum cainino/IMG_5859.JPG,Chrysophyllum cainino,12,group_1406,1,validation
Chrysophyllum cainino/IMG_5860.JPG,Chrysophyllum cainino,12,group_1407,1,train
Chrysophyllum cainino/IMG_5861.JPG,Chrysophyllum cainino,12,group_1408,1,validation
Chrysophyllum cainino/IMG_5862.JPG,Chrysophyllum cainino,12,group_1409,1,train
Chrysophyllum cainino/IMG_5863.JPG,Chrysophyllum cainino,12,group_1410,1,train
Chrysophyllum cainino/IMG_5864.JPG,Chrysophyllum cainino,12,group_1411,1,train
Chrysophyllum cainino/IMG_5865.JPG,Chrysophyllum cainino,12,group_1412,1,test
Chrysophyllum cainino/IMG_5866.JPG,Chrysophyllum cainino,12,group_1413,1,train
Chrysophyllum cainino/IMG_5867.JPG,Chrysophyllum cainino,12,group_1414,1,train
Chrysophyllum cainino/IMG_5868.JPG,Chrysophyllum cainino,12,group_1415,1,train
Chrysophyllum cainino/IMG_5869.JPG,Chrysophyllum cainino,12,group_1416,1,train
Chrysophyllum cainino/IMG_5870.JPG,Chrysophyllum cainino,12,group_1417,1,train
Chrysophyllum cainino/IMG_5871.JPG,Chrysophyllum cainino,12,group_1418,1,train
Chrysophyllum cainino/IMG_5872.JPG,Chrysophyllum cainino,12,group_1419,1,train
Chrysophyllum cainino/IMG_5873.JPG,Chrysophyllum cainino,12,group_1420,1,test
Chrysophyllum cainino/IMG_5874.JPG,Chrysophyllum cainino,12,group_1421,1,test
Chrysophyllum cainino/IMG_5875.JPG,Chrysophyllum cainino,12,group_1422,1,validation
Chrysophyllum cainino/IMG_5876.JPG,Chrysophyllum cainino,12,group_1423,1,train
Chrysophyllum cainino/IMG_5877.JPG,Chrysophyllum cainino,12,group_1424,1,test
Chrysophyllum cainino/IMG_5878.JPG,Chrysophyllum cainino,12,group_1425,1,validation
Chrysophyllum cainino/IMG_5879.JPG,Chrysophyllum cainino,12,group_1426,1,train
Chrysophyllum cainino/IMG_5880.JPG,Chrysophyllum cainino,12,group_1427,1,train
Chrysophyllum cainino/IMG_5881.JPG,Chrysophyllum cainino,12,group_0147,2,train
Chrysophyllum cainino/IMG_5882.JPG,Chrysophyllum cainino,12,group_0147,2,train
Chrysophyllum cainino/IMG_5883.JPG,Chrysophyllum cainino,12,group_1428,1,train
Chrysophyllum cainino/IMG_5884.JPG,Chrysophyllum cainino,12,group_1429,1,test
Chrysophyllum cainino/IMG_5885.JPG,Chrysophyllum cainino,12,group_1430,1,validation
Chrysophyllum cainino/IMG_5886.JPG,Chrysophyllum cainino,12,group_1431,1,validation
Chrysophyllum cainino/IMG_5887.JPG,Chrysophyllum cainino,12,group_1432,1,train
Chrysophyllum cainino/IMG_5888.JPG,Chrysophyllum cainino,12,group_1433,1,train
Chrysophyllum cainino/IMG_5889.JPG,Chrysophyllum cainino,12,group_0148,2,train
Chrysophyllum cainino/IMG_5890.JPG,Chrysophyllum cainino,12,group_0148,2,train
Chrysophyllum cainino/IMG_5891.JPG,Chrysophyllum cainino,12,group_1434,1,validation
Chrysophyllum cainino/IMG_5892.JPG,Chrysophyllum cainino,12,group_0149,2,test
Chrysophyllum cainino/IMG_5893.JPG,Chrysophyllum cainino,12,group_1435,1,train
Chrysophyllum cainino/IMG_5894.JPG,Chrysophyllum cainino,12,group_0149,2,test
Chrysophyllum cainino/IMG_5895.JPG,Chrysophyllum cainino,12,group_1436,1,train
Chrysophyllum cainino/IMG_5896.JPG,Chrysophyllum cainino,12,group_1437,1,train
Chrysophyllum cainino/IMG_5897.JPG,Chrysophyllum cainino,12,group_1438,1,train
Chrysophyllum cainino/IMG_5898.JPG,Chrysophyllum cainino,12,group_1439,1,train
Chrysophyllum cainino/IMG_5899.JPG,Chrysophyllum cainino,12,group_1440,1,train
Chrysophyllum cainino/IMG_5900.JPG,Chrysophyllum cainino,12,group_1441,1,train
Chrysophyllum cainino/IMG_5901.JPG,Chrysophyllum cainino,12,group_1442,1,validation
Chrysophyllum cainino/IMG_5902.JPG,Chrysophyllum cainino,12,group_1443,1,train
Chrysophyllum cainino/IMG_5903.JPG,Chrysophyllum cainino,12,group_1444,1,train
Chrysophyllum cainino/IMG_5904.JPG,Chrysophyllum cainino,12,group_1445,1,train
Chrysophyllum cainino/IMG_5905.JPG,Chrysophyllum cainino,12,group_1446,1,train
Chrysophyllum cainino/IMG_5906.JPG,Chrysophyllum cainino,12,group_1447,1,train
Chrysophyllum cainino/IMG_5907.JPG,Chrysophyllum cainino,12,group_1448,1,test
Chrysophyllum cainino/IMG_5908.JPG,Chrysophyllum cainino,12,group_1449,1,train
Chrysophyllum cainino/IMG_5909.JPG,Chrysophyllum cainino,12,group_1450,1,train
Chrysophyllum cainino/IMG_5910.JPG,Chrysophyllum cainino,12,group_1451,1,train
Chrysophyllum cainino/IMG_5911.JPG,Chrysophyllum cainino,12,group_1452,1,test
Citrus aurantiifolia/IMG_5668.JPG,Citrus aurantiifolia,13,group_1453,1,validation
Citrus aurantiifolia/IMG_5669.JPG,Citrus aurantiifolia,13,group_1454,1,train
Citrus aurantiifolia/IMG_5670.JPG,Citrus aurantiifolia,13,group_1455,1,train
Citrus aurantiifolia/IMG_5671.JPG,Citrus aurantiifolia,13,group_1456,1,train
Citrus aurantiifolia/IMG_5672.JPG,Citrus aurantiifolia,13,group_1457,1,train
Citrus aurantiifolia/IMG_5673.JPG,Citrus aurantiifolia,13,group_1458,1,test
Citrus aurantiifolia/IMG_5674.JPG,Citrus aurantiifolia,13,group_1459,1,validation
Citrus aurantiifolia/IMG_5675.JPG,Citrus aurantiifolia,13,group_1460,1,train
Citrus aurantiifolia/IMG_5676.JPG,Citrus aurantiifolia,13,group_1461,1,train
Citrus aurantiifolia/IMG_5677.JPG,Citrus aurantiifolia,13,group_1462,1,train
Citrus aurantiifolia/IMG_5678.JPG,Citrus aurantiifolia,13,group_1463,1,train
Citrus aurantiifolia/IMG_5679.JPG,Citrus aurantiifolia,13,group_1464,1,train
Citrus aurantiifolia/IMG_5680.JPG,Citrus aurantiifolia,13,group_1465,1,train
Citrus aurantiifolia/IMG_5681.JPG,Citrus aurantiifolia,13,group_0150,2,test
Citrus aurantiifolia/IMG_5682.JPG,Citrus aurantiifolia,13,group_0150,2,test
Citrus aurantiifolia/IMG_5683.JPG,Citrus aurantiifolia,13,group_1466,1,test
Citrus aurantiifolia/IMG_5684.JPG,Citrus aurantiifolia,13,group_1467,1,train
Citrus aurantiifolia/IMG_5685.JPG,Citrus aurantiifolia,13,group_1468,1,validation
Citrus aurantiifolia/IMG_5686.JPG,Citrus aurantiifolia,13,group_1469,1,train
Citrus aurantiifolia/IMG_5687.JPG,Citrus aurantiifolia,13,group_1470,1,test
Citrus aurantiifolia/IMG_5688.JPG,Citrus aurantiifolia,13,group_1471,1,validation
Citrus aurantiifolia/IMG_5689.JPG,Citrus aurantiifolia,13,group_1472,1,validation
Citrus aurantiifolia/IMG_5690.JPG,Citrus aurantiifolia,13,group_1473,1,validation
Citrus aurantiifolia/IMG_5691.JPG,Citrus aurantiifolia,13,group_1474,1,train
Citrus aurantiifolia/IMG_5692.JPG,Citrus aurantiifolia,13,group_1475,1,train
Citrus aurantiifolia/IMG_5693.JPG,Citrus aurantiifolia,13,group_0030,4,train
Citrus aurantiifolia/IMG_5694.JPG,Citrus aurantiifolia,13,group_1476,1,validation
Citrus aurantiifolia/IMG_5695.JPG,Citrus aurantiifolia,13,group_0030,4,train
Citrus aurantiifolia/IMG_5696.JPG,Citrus aurantiifolia,13,group_0030,4,train
Citrus aurantiifolia/IMG_5697.JPG,Citrus aurantiifolia,13,group_0030,4,train
Citrus aurantiifolia/IMG_5698.JPG,Citrus aurantiifolia,13,group_1477,1,train
Citrus aurantiifolia/IMG_5699.JPG,Citrus aurantiifolia,13,group_1478,1,train
Citrus aurantiifolia/IMG_5700.JPG,Citrus aurantiifolia,13,group_1479,1,test
Citrus aurantiifolia/IMG_5701.JPG,Citrus aurantiifolia,13,group_1480,1,train
Citrus aurantiifolia/IMG_5702.JPG,Citrus aurantiifolia,13,group_1481,1,train
Citrus aurantiifolia/IMG_5703.JPG,Citrus aurantiifolia,13,group_1482,1,train
Citrus aurantiifolia/IMG_5704.JPG,Citrus aurantiifolia,13,group_1483,1,train
Citrus aurantiifolia/IMG_5705.JPG,Citrus aurantiifolia,13,group_1484,1,test
Citrus aurantiifolia/IMG_5706.JPG,Citrus aurantiifolia,13,group_1485,1,test
Citrus aurantiifolia/IMG_5707.JPG,Citrus aurantiifolia,13,group_1486,1,train
Citrus aurantiifolia/IMG_5708.JPG,Citrus aurantiifolia,13,group_1487,1,train
Citrus aurantiifolia/IMG_5709.JPG,Citrus aurantiifolia,13,group_1488,1,train
Citrus aurantiifolia/IMG_5710.JPG,Citrus aurantiifolia,13,group_1489,1,validation
Citrus aurantiifolia/IMG_5711.JPG,Citrus aurantiifolia,13,group_1490,1,train
Citrus aurantiifolia/IMG_5712.JPG,Citrus aurantiifolia,13,group_1491,1,train
Citrus aurantiifolia/IMG_5713.JPG,Citrus aurantiifolia,13,group_1492,1,train
Citrus aurantiifolia/IMG_5714.JPG,Citrus aurantiifolia,13,group_1493,1,train
Citrus aurantiifolia/IMG_5715.JPG,Citrus aurantiifolia,13,group_1494,1,train
Citrus aurantiifolia/IMG_5716.JPG,Citrus aurantiifolia,13,group_1495,1,train
Citrus aurantiifolia/IMG_5717.JPG,Citrus aurantiifolia,13,group_1496,1,train
Citrus aurantiifolia/IMG_5718.JPG,Citrus aurantiifolia,13,group_1497,1,validation
Citrus aurantiifolia/IMG_5719.JPG,Citrus aurantiifolia,13,group_1498,1,train
Citrus aurantiifolia/IMG_5720.JPG,Citrus aurantiifolia,13,group_1499,1,train
Citrus aurantiifolia/IMG_5721.JPG,Citrus aurantiifolia,13,group_1500,1,train
Citrus aurantiifolia/IMG_5722.JPG,Citrus aurantiifolia,13,group_1501,1,train
Citrus aurantiifolia/IMG_5723.JPG,Citrus aurantiifolia,13,group_1502,1,train
Citrus aurantiifolia/IMG_5724.JPG,Citrus aurantiifolia,13,group_0151,2,validation
Citrus aurantiifolia/IMG_5725.JPG,Citrus aurantiifolia,13,group_0151,2,validation
Citrus aurantiifolia/IMG_5726.JPG,Citrus aurantiifolia,13,group_1503,1,train
Citrus aurantiifolia/IMG_5727.JPG,Citrus aurantiifolia,13,group_1504,1,test
Citrus aurantiifolia/IMG_5728.JPG,Citrus aurantiifolia,13,group_1505,1,train
Citrus aurantiifolia/IMG_5729.JPG,Citrus aurantiifolia,13,group_1506,1,train
Citrus aurantiifolia/IMG_5730.JPG,Citrus aurantiifolia,13,group_1507,1,train
Citrus aurantiifolia/IMG_5731.JPG,Citrus aurantiifolia,13,group_1508,1,validation
Citrus aurantiifolia/IMG_5732.JPG,Citrus aurantiifolia,13,group_1509,1,train
Citrus aurantiifolia/IMG_5733.JPG,Citrus aurantiifolia,13,group_1510,1,train
Citrus aurantiifolia/IMG_5734.JPG,Citrus aurantiifolia,13,group_1511,1,train
Citrus aurantiifolia/IMG_5735.JPG,Citrus aurantiifolia,13,group_1512,1,train
Citrus aurantiifolia/IMG_5736.JPG,Citrus aurantiifolia,13,group_1513,1,validation
Citrus aurantiifolia/IMG_5737.JPG,Citrus aurantiifolia,13,group_1514,1,train
Citrus aurantiifolia/IMG_5738.JPG,Citrus aurantiifolia,13,group_1515,1,test
Citrus aurantiifolia/IMG_5739.JPG,Citrus aurantiifolia,13,group_1516,1,train
Citrus aurantiifolia/IMG_5740.JPG,Citrus aurantiifolia,13,group_1517,1,train
Citrus aurantiifolia/IMG_5741.JPG,Citrus aurantiifolia,13,group_1518,1,train
Citrus aurantiifolia/IMG_5742.JPG,Citrus aurantiifolia,13,group_1519,1,test
Citrus aurantiifolia/IMG_5743.JPG,Citrus aurantiifolia,13,group_1520,1,validation
Citrus aurantiifolia/IMG_5744.JPG,Citrus aurantiifolia,13,group_1521,1,train
Citrus aurantiifolia/IMG_5745.JPG,Citrus aurantiifolia,13,group_1522,1,train
Citrus aurantiifolia/IMG_5746.JPG,Citrus aurantiifolia,13,group_1523,1,train
Citrus aurantiifolia/IMG_5747.JPG,Citrus aurantiifolia,13,group_1524,1,test
Citrus aurantiifolia/IMG_5748.JPG,Citrus aurantiifolia,13,group_1525,1,train
Citrus aurantiifolia/IMG_5749.JPG,Citrus aurantiifolia,13,group_1526,1,train
Citrus aurantiifolia/IMG_5750.JPG,Citrus aurantiifolia,13,group_1527,1,test
Citrus aurantiifolia/IMG_5751.JPG,Citrus aurantiifolia,13,group_1528,1,train
Citrus aurantiifolia/IMG_5752.JPG,Citrus aurantiifolia,13,group_1529,1,train
Citrus aurantiifolia/IMG_5753.JPG,Citrus aurantiifolia,13,group_1530,1,validation
Citrus aurantiifolia/IMG_5754.JPG,Citrus aurantiifolia,13,group_1531,1,train
Citrus aurantiifolia/IMG_5755.JPG,Citrus aurantiifolia,13,group_1532,1,train
Citrus aurantiifolia/IMG_5756.JPG,Citrus aurantiifolia,13,group_1533,1,train
Citrus aurantiifolia/IMG_5757.JPG,Citrus aurantiifolia,13,group_1534,1,train
Citrus aurantiifolia/IMG_5758.JPG,Citrus aurantiifolia,13,group_1535,1,test
Citrus aurantiifolia/IMG_5759.JPG,Citrus aurantiifolia,13,group_1536,1,train
Citrus aurantiifolia/IMG_5760.JPG,Citrus aurantiifolia,13,group_1537,1,train
Citrus aurantiifolia/IMG_5761.JPG,Citrus aurantiifolia,13,group_1538,1,test
Citrus aurantiifolia/IMG_5762.JPG,Citrus aurantiifolia,13,group_1539,1,train
Citrus aurantiifolia/IMG_5763.JPG,Citrus aurantiifolia,13,group_1540,1,train
Citrus aurantiifolia/IMG_5764.JPG,Citrus aurantiifolia,13,group_1541,1,train
Citrus aurantiifolia/IMG_5765.JPG,Citrus aurantiifolia,13,group_1542,1,train
Citrus aurantiifolia/IMG_5766.JPG,Citrus aurantiifolia,13,group_1543,1,train
Citrus aurantiifolia/IMG_5767.JPG,Citrus aurantiifolia,13,group_1544,1,train
Citrus aurantiifolia/IMG_5768.JPG,Citrus aurantiifolia,13,group_1545,1,test
Citrus aurantiifolia/IMG_5769.JPG,Citrus aurantiifolia,13,group_1546,1,train
Citrus aurantiifolia/IMG_5770.JPG,Citrus aurantiifolia,13,group_1547,1,train
Citrus aurantiifolia/IMG_5771.JPG,Citrus aurantiifolia,13,group_1548,1,train
Citrus aurantiifolia/IMG_5772.JPG,Citrus aurantiifolia,13,group_1549,1,train
Citrus aurantiifolia/IMG_5773.JPG,Citrus aurantiifolia,13,group_1550,1,validation
Citrus aurantiifolia/IMG_5774.JPG,Citrus aurantiifolia,13,group_1551,1,train
Citrus aurantiifolia/IMG_5775.JPG,Citrus aurantiifolia,13,group_1552,1,train
Citrus grandis/IMG_4041.JPG,Citrus grandis,14,group_1553,1,train
Citrus grandis/IMG_4042.JPG,Citrus grandis,14,group_1554,1,train
Citrus grandis/IMG_4043.JPG,Citrus grandis,14,group_1555,1,train
Citrus grandis/IMG_4044.JPG,Citrus grandis,14,group_1556,1,test
Citrus grandis/IMG_4045.JPG,Citrus grandis,14,group_1557,1,train
Citrus grandis/IMG_4046.JPG,Citrus grandis,14,group_1558,1,train
Citrus grandis/IMG_4047.JPG,Citrus grandis,14,group_1559,1,test
Citrus grandis/IMG_4048.JPG,Citrus grandis,14,group_1560,1,validation
Citrus grandis/IMG_4049.JPG,Citrus grandis,14,group_1561,1,train
Citrus grandis/IMG_4050.JPG,Citrus grandis,14,group_1562,1,train
Citrus grandis/IMG_4051.JPG,Citrus grandis,14,group_1563,1,train
Citrus grandis/IMG_4052.JPG,Citrus grandis,14,group_1564,1,train
Citrus grandis/IMG_4053.JPG,Citrus grandis,14,group_1565,1,train
Citrus grandis/IMG_4054.JPG,Citrus grandis,14,group_1566,1,train
Citrus grandis/IMG_4055.JPG,Citrus grandis,14,group_1567,1,train
Citrus grandis/IMG_4056.JPG,Citrus grandis,14,group_1568,1,train
Citrus grandis/IMG_4057.JPG,Citrus grandis,14,group_1569,1,test
Citrus grandis/IMG_4058.JPG,Citrus grandis,14,group_1570,1,train
Citrus grandis/IMG_4059.JPG,Citrus grandis,14,group_1571,1,train
Citrus grandis/IMG_4060.JPG,Citrus grandis,14,group_1572,1,train
Citrus grandis/IMG_4061.JPG,Citrus grandis,14,group_1573,1,train
Citrus grandis/IMG_4062.JPG,Citrus grandis,14,group_1574,1,train
Citrus grandis/IMG_4063.JPG,Citrus grandis,14,group_1575,1,train
Citrus grandis/IMG_4064.JPG,Citrus grandis,14,group_1576,1,train
Citrus grandis/IMG_4065.JPG,Citrus grandis,14,group_1577,1,train
Citrus grandis/IMG_4066.JPG,Citrus grandis,14,group_1578,1,validation
Citrus grandis/IMG_4067.JPG,Citrus grandis,14,group_1579,1,test
Citrus grandis/IMG_4068.JPG,Citrus grandis,14,group_1580,1,train
Citrus grandis/IMG_4069.JPG,Citrus grandis,14,group_1581,1,train
Citrus grandis/IMG_4070.JPG,Citrus grandis,14,group_1582,1,train
Citrus grandis/IMG_4071.JPG,Citrus grandis,14,group_1583,1,validation
Citrus grandis/IMG_4072.JPG,Citrus grandis,14,group_1584,1,train
Citrus grandis/IMG_4073.JPG,Citrus grandis,14,group_1585,1,train
Citrus grandis/IMG_4074.JPG,Citrus grandis,14,group_1586,1,train
Citrus grandis/IMG_4075.JPG,Citrus grandis,14,group_1587,1,test
Citrus grandis/IMG_4076.JPG,Citrus grandis,14,group_1588,1,train
Citrus grandis/IMG_4077.JPG,Citrus grandis,14,group_1589,1,test
Citrus grandis/IMG_4078.JPG,Citrus grandis,14,group_1590,1,train
Citrus grandis/IMG_4079.JPG,Citrus grandis,14,group_1591,1,train
Citrus grandis/IMG_4080.JPG,Citrus grandis,14,group_1592,1,test
Citrus grandis/IMG_4081.JPG,Citrus grandis,14,group_1593,1,train
Citrus grandis/IMG_4082.JPG,Citrus grandis,14,group_1594,1,train
Citrus grandis/IMG_4083.JPG,Citrus grandis,14,group_1595,1,test
Citrus grandis/IMG_4084.JPG,Citrus grandis,14,group_1596,1,train
Citrus grandis/IMG_4085.JPG,Citrus grandis,14,group_1597,1,validation
Citrus grandis/IMG_4086.JPG,Citrus grandis,14,group_1598,1,train
Citrus grandis/IMG_4087.JPG,Citrus grandis,14,group_1599,1,validation
Citrus grandis/IMG_4088.JPG,Citrus grandis,14,group_1600,1,test
Citrus grandis/IMG_4089.JPG,Citrus grandis,14,group_1601,1,train
Citrus grandis/IMG_4090.JPG,Citrus grandis,14,group_1602,1,train
Citrus grandis/IMG_4091.JPG,Citrus grandis,14,group_1603,1,train
Citrus grandis/IMG_4092.JPG,Citrus grandis,14,group_1604,1,train
Citrus grandis/IMG_4093.JPG,Citrus grandis,14,group_1605,1,train
Citrus grandis/IMG_4094.JPG,Citrus grandis,14,group_1606,1,train
Citrus grandis/IMG_4095.JPG,Citrus grandis,14,group_1607,1,train
Citrus grandis/IMG_4096.JPG,Citrus grandis,14,group_1608,1,train
Citrus grandis/IMG_4097.JPG,Citrus grandis,14,group_1609,1,train
Citrus grandis/IMG_4098.JPG,Citrus grandis,14,group_1610,1,train
Citrus grandis/IMG_4099.JPG,Citrus grandis,14,group_1611,1,train
Citrus grandis/IMG_4100.JPG,Citrus grandis,14,group_1612,1,test
Citrus grandis/IMG_4101.JPG,Citrus grandis,14,group_0152,2,train
Citrus grandis/IMG_4102.JPG,Citrus grandis,14,group_0152,2,train
Citrus grandis/IMG_4103.JPG,Citrus grandis,14,group_1613,1,validation
Citrus grandis/IMG_4104.JPG,Citrus grandis,14,group_1614,1,train
Citrus grandis/IMG_4105.JPG,Citrus grandis,14,group_1615,1,validation
Citrus grandis/IMG_4106.JPG,Citrus grandis,14,group_1616,1,validation
Citrus grandis/IMG_4107.JPG,Citrus grandis,14,group_1617,1,validation
Citrus grandis/IMG_4108.JPG,Citrus grandis,14,group_1618,1,test
Citrus grandis/IMG_4109.JPG,Citrus grandis,14,group_1619,1,validation
Citrus grandis/IMG_4110.JPG,Citrus grandis,14,group_1620,1,validation
Citrus grandis/IMG_4111.JPG,Citrus grandis,14,group_1621,1,validation
Citrus grandis/IMG_4112.JPG,Citrus grandis,14,group_1622,1,train
Citrus grandis/IMG_4113.JPG,Citrus grandis,14,group_1623,1,test
Citrus grandis/IMG_4114.JPG,Citrus grandis,14,group_1624,1,train
Citrus grandis/IMG_4115.JPG,Citrus grandis,14,group_1625,1,train
Citrus grandis/IMG_4116.JPG,Citrus grandis,14,group_1626,1,train
Citrus grandis/IMG_4117.JPG,Citrus grandis,14,group_1627,1,train
Citrus grandis/IMG_4118.JPG,Citrus grandis,14,group_1628,1,train
Citrus grandis/IMG_4119.JPG,Citrus grandis,14,group_1629,1,train
Citrus grandis/IMG_4120.JPG,Citrus grandis,14,group_1630,1,train
Citrus grandis/IMG_4121.JPG,Citrus grandis,14,group_1631,1,train
Citrus grandis/IMG_4122.JPG,Citrus grandis,14,group_1632,1,validation
Citrus grandis/IMG_4123.JPG,Citrus grandis,14,group_1633,1,train
Citrus grandis/IMG_4124.JPG,Citrus grandis,14,group_1634,1,train
Cocos nucifera/IMG_3469.JPG,Cocos nucifera,15,group_1635,1,test
Cocos nucifera/IMG_3470.JPG,Cocos nucifera,15,group_1636,1,validation
Cocos nucifera/IMG_3471.JPG,Cocos nucifera,15,group_1637,1,train
Cocos nucifera/IMG_3472.JPG,Cocos nucifera,15,group_1638,1,train
Cocos nucifera/IMG_3473.JPG,Cocos nucifera,15,group_1639,1,train
Cocos nucifera/IMG_3474.JPG,Cocos nucifera,15,group_1640,1,train
Cocos nucifera/IMG_3475.JPG,Cocos nucifera,15,group_1641,1,train
Cocos nucifera/IMG_3476.JPG,Cocos nucifera,15,group_1642,1,train
Cocos nucifera/IMG_3477.JPG,Cocos nucifera,15,group_1643,1,train
Cocos nucifera/IMG_3478.JPG,Cocos nucifera,15,group_1644,1,train
Cocos nucifera/IMG_3479.JPG,Cocos nucifera,15,group_1645,1,train
Cocos nucifera/IMG_3480.JPG,Cocos nucifera,15,group_1646,1,train
Cocos nucifera/IMG_3481.JPG,Cocos nucifera,15,group_1647,1,test
Cocos nucifera/IMG_3482.JPG,Cocos nucifera,15,group_1648,1,train
Cocos nucifera/IMG_3483.JPG,Cocos nucifera,15,group_1649,1,train
Cocos nucifera/IMG_3484.JPG,Cocos nucifera,15,group_1650,1,train
Cocos nucifera/IMG_3485.JPG,Cocos nucifera,15,group_1651,1,train
Cocos nucifera/IMG_3486.JPG,Cocos nucifera,15,group_1652,1,validation
Cocos nucifera/IMG_3487.JPG,Cocos nucifera,15,group_1653,1,train
Cocos nucifera/IMG_3488.JPG,Cocos nucifera,15,group_1654,1,validation
Cocos nucifera/IMG_3489.JPG,Cocos nucifera,15,group_1655,1,train
Cocos nucifera/IMG_3490.JPG,Cocos nucifera,15,group_1656,1,train
Cocos nucifera/IMG_3491.JPG,Cocos nucifera,15,group_1657,1,validation
Cocos nucifera/IMG_3492.JPG,Cocos nucifera,15,group_1658,1,train
Cocos nucifera/IMG_3493.JPG,Cocos nucifera,15,group_1659,1,train
Cocos nucifera/IMG_3494.JPG,Cocos nucifera,15,group_1660,1,test
Cocos nucifera/IMG_3495.JPG,Cocos nucifera,15,group_1661,1,validation
Cocos nucifera/IMG_3496.JPG,Cocos nucifera,15,group_1662,1,train
Cocos nucifera/IMG_3497.JPG,Cocos nucifera,15,group_1663,1,train
Cocos nucifera/IMG_3498.JPG,Cocos nucifera,15,group_1664,1,validation
Cocos nucifera/IMG_3499.JPG,Cocos nucifera,15,group_1665,1,validation
Cocos nucifera/IMG_3500.JPG,Cocos nucifera,15,group_1666,1,train
Cocos nucifera/IMG_3501.JPG,Cocos nucifera,15,group_1667,1,validation
Cocos nucifera/IMG_3502.JPG,Cocos nucifera,15,group_1668,1,train
Cocos nucifera/IMG_3503.JPG,Cocos nucifera,15,group_1669,1,train
Cocos nucifera/IMG_3504.JPG,Cocos nucifera,15,group_1670,1,train
Cocos nucifera/IMG_3505.JPG,Cocos nucifera,15,group_1671,1,test
Cocos nucifera/IMG_3506.JPG,Cocos nucifera,15,group_1672,1,train
Cocos nucifera/IMG_3507.JPG,Cocos nucifera,15,group_1673,1,train
Cocos nucifera/IMG_3508.JPG,Cocos nucifera,15,group_1674,1,test
Cocos nucifera/IMG_3509.JPG,Cocos nucifera,15,group_0153,2,train
Cocos nucifera/IMG_3510.JPG,Cocos nucifera,15,group_0153,2,train
Cocos nucifera/IMG_3511.JPG,Cocos nucifera,15,group_1675,1,train
Cocos nucifera/IMG_3512.JPG,Cocos nucifera,15,group_1676,1,validation
Cocos nucifera/IMG_3513.JPG,Cocos nucifera,15,group_1677,1,train
Cocos nucifera/IMG_3514.JPG,Cocos nucifera,15,group_1678,1,train
Cocos nucifera/IMG_3515.JPG,Cocos nucifera,15,group_1679,1,test
Cocos nucifera/IMG_3516.JPG,Cocos nucifera,15,group_1680,1,test
Cocos nucifera/IMG_3517.JPG,Cocos nucifera,15,group_1681,1,train
Cocos nucifera/IMG_3518.JPG,Cocos nucifera,15,group_1682,1,train
Cocos nucifera/IMG_3519.JPG,Cocos nucifera,15,group_1683,1,train
Cocos nucifera/IMG_3520.JPG,Cocos nucifera,15,group_1684,1,validation
Cocos nucifera/IMG_3521.JPG,Cocos nucifera,15,group_1685,1,train
Cocos nucifera/IMG_3522.JPG,Cocos nucifera,15,group_1686,1,train
Cocos nucifera/IMG_3523.JPG,Cocos nucifera,15,group_1687,1,test
Cocos nucifera/IMG_3524.JPG,Cocos nucifera,15,group_1688,1,validation
Cocos nucifera/IMG_3525.JPG,Cocos nucifera,15,group_1689,1,train
Cocos nucifera/IMG_3526.JPG,Cocos nucifera,15,group_1690,1,train
Cocos nucifera/IMG_3527.JPG,Cocos nucifera,15,group_1691,1,test
Cocos nucifera/IMG_3528.JPG,Cocos nucifera,15,group_1692,1,train
Cocos nucifera/IMG_3529.JPG,Cocos nucifera,15,group_1693,1,train
Cocos nucifera/IMG_3530.JPG,Cocos nucifera,15,group_1694,1,train
Cocos nucifera/IMG_3531.JPG,Cocos nucifera,15,group_1695,1,train
Cocos nucifera/IMG_3532.JPG,Cocos nucifera,15,group_1696,1,train
Cocos nucifera/IMG_3533.JPG,Cocos nucifera,15,group_1697,1,validation
Cocos nucifera/IMG_3534.JPG,Cocos nucifera,15,group_1698,1,test
Cocos nucifera/IMG_3535.JPG,Cocos nucifera,15,group_1699,1,train
Cocos nucifera/IMG_3536.JPG,Cocos nucifera,15,group_1700,1,train
Cocos nucifera/IMG_3537.JPG,Cocos nucifera,15,group_1701,1,test
Cocos nucifera/IMG_3538.JPG,Cocos nucifera,15,group_1702,1,train
Cocos nucifera/IMG_3539.JPG,Cocos nucifera,15,group_1703,1,test
Cocos nucifera/IMG_3540.JPG,Cocos nucifera,15,group_1704,1,train
Cocos nucifera/IMG_3541.JPG,Cocos nucifera,15,group_1705,1,train
Cocos nucifera/IMG_3542.JPG,Cocos nucifera,15,group_1706,1,train
Cocos nucifera/IMG_3543.JPG,Cocos nucifera,15,group_1707,1,train
Cocos nucifera/IMG_3544.JPG,Cocos nucifera,15,group_1708,1,train
Cocos nucifera/IMG_3545.JPG,Cocos nucifera,15,group_1709,1,validation
Cocos nucifera/IMG_3546.JPG,Cocos nucifera,15,group_1710,1,train
Cocos nucifera/IMG_3547.JPG,Cocos nucifera,15,group_1711,1,test
Cocos nucifera/IMG_3548.JPG,Cocos nucifera,15,group_1712,1,validation
Cocos nucifera/IMG_3549.JPG,Cocos nucifera,15,group_1713,1,validation
Cocos nucifera/IMG_3550.JPG,Cocos nucifera,15,group_1714,1,validation
Cocos nucifera/IMG_3551.JPG,Cocos nucifera,15,group_1715,1,train
Cocos nucifera/IMG_3552.JPG,Cocos nucifera,15,group_1716,1,train
Cocos nucifera/IMG_3553.JPG,Cocos nucifera,15,group_1717,1,train
Cocos nucifera/IMG_3554.JPG,Cocos nucifera,15,group_1718,1,train
Cocos nucifera/IMG_3555.JPG,Cocos nucifera,15,group_1719,1,train
Cocos nucifera/IMG_3556.JPG,Cocos nucifera,15,group_1720,1,train
Cocos nucifera/IMG_3557.JPG,Cocos nucifera,15,group_1721,1,train
Cocos nucifera/IMG_3558.JPG,Cocos nucifera,15,group_1722,1,test
Cocos nucifera/IMG_3559.JPG,Cocos nucifera,15,group_1723,1,test
Cocos nucifera/IMG_3560.JPG,Cocos nucifera,15,group_1724,1,train
Cocos nucifera/IMG_3561.JPG,Cocos nucifera,15,group_1725,1,validation
Cocos nucifera/IMG_3562.JPG,Cocos nucifera,15,group_1726,1,train
Cocos nucifera/IMG_3563.JPG,Cocos nucifera,15,group_1727,1,train
Cocos nucifera/IMG_3564.JPG,Cocos nucifera,15,group_1728,1,train
Cocos nucifera/IMG_3565.JPG,Cocos nucifera,15,group_1729,1,train
Cocos nucifera/IMG_3566.JPG,Cocos nucifera,15,group_1730,1,train
Cocos nucifera/IMG_3567.JPG,Cocos nucifera,15,group_1731,1,train
Cocos nucifera/IMG_3568.JPG,Cocos nucifera,15,group_1732,1,train
Cocos nucifera/IMG_3569.JPG,Cocos nucifera,15,group_1733,1,train
Cocos nucifera/IMG_3570.JPG,Cocos nucifera,15,group_1734,1,test
Cocos nucifera/IMG_3571.JPG,Cocos nucifera,15,group_1735,1,train
Cocos nucifera/IMG_3572.JPG,Cocos nucifera,15,group_1736,1,train
Cocos nucifera/IMG_3573.JPG,Cocos nucifera,15,group_1737,1,train
Cocos nucifera/IMG_3574.JPG,Cocos nucifera,15,group_1738,1,train
Cocos nucifera/IMG_3575.JPG,Cocos nucifera,15,group_1739,1,train
Cocos nucifera/IMG_3576.JPG,Cocos nucifera,15,group_1740,1,train
Cocos nucifera/IMG_3577.JPG,Cocos nucifera,15,group_1741,1,train
Cocos nucifera/IMG_3578.JPG,Cocos nucifera,15,group_1742,1,train
Dalbergia oliveri/IMG_4695.JPG,Dalbergia oliveri,16,group_1743,1,test
Dalbergia oliveri/IMG_4696.JPG,Dalbergia oliveri,16,group_1744,1,validation
Dalbergia oliveri/IMG_4697.JPG,Dalbergia oliveri,16,group_1745,1,train
Dalbergia oliveri/IMG_4698.JPG,Dalbergia oliveri,16,group_1746,1,train
Dalbergia oliveri/IMG_4699.JPG,Dalbergia oliveri,16,group_1747,1,validation
Dalbergia oliveri/IMG_4700.JPG,Dalbergia oliveri,16,group_1748,1,train
Dalbergia oliveri/IMG_4701.JPG,Dalbergia oliveri,16,group_1749,1,train
Dalbergia oliveri/IMG_4702.JPG,Dalbergia oliveri,16,group_1750,1,test
Dalbergia oliveri/IMG_4703.JPG,Dalbergia oliveri,16,group_1751,1,test
Dalbergia oliveri/IMG_4704.JPG,Dalbergia oliveri,16,group_1752,1,test
Dalbergia oliveri/IMG_4705.JPG,Dalbergia oliveri,16,group_1753,1,train
Dalbergia oliveri/IMG_4706.JPG,Dalbergia oliveri,16,group_1754,1,train
Dalbergia oliveri/IMG_4707.JPG,Dalbergia oliveri,16,group_1755,1,train
Dalbergia oliveri/IMG_4708.JPG,Dalbergia oliveri,16,group_1756,1,train
Dalbergia oliveri/IMG_4709.JPG,Dalbergia oliveri,16,group_1757,1,validation
Dalbergia oliveri/IMG_4710.JPG,Dalbergia oliveri,16,group_1758,1,train
Dalbergia oliveri/IMG_4711.JPG,Dalbergia oliveri,16,group_1759,1,train
Dalbergia oliveri/IMG_4712.JPG,Dalbergia oliveri,16,group_1760,1,train
Dalbergia oliveri/IMG_4713.JPG,Dalbergia oliveri,16,group_1761,1,train
Dalbergia oliveri/IMG_4714.JPG,Dalbergia oliveri,16,group_1762,1,test
Dalbergia oliveri/IMG_4715.JPG,Dalbergia oliveri,16,group_1763,1,test
Dalbergia oliveri/IMG_4716.JPG,Dalbergia oliveri,16,group_1764,1,train
Dalbergia oliveri/IMG_4717.JPG,Dalbergia oliveri,16,group_1765,1,test
Dalbergia oliveri/IMG_4718.JPG,Dalbergia oliveri,16,group_1766,1,validation
Dalbergia oliveri/IMG_4719.JPG,Dalbergia oliveri,16,group_1767,1,validation
Dalbergia oliveri/IMG_4720.JPG,Dalbergia oliveri,16,group_1768,1,test
Dalbergia oliveri/IMG_4721.JPG,Dalbergia oliveri,16,group_1769,1,validation
Dalbergia oliveri/IMG_4722.JPG,Dalbergia oliveri,16,group_1770,1,train
Dalbergia oliveri/IMG_4723.JPG,Dalbergia oliveri,16,group_1771,1,train
Dalbergia oliveri/IMG_4724.JPG,Dalbergia oliveri,16,group_1772,1,test
Dalbergia oliveri/IMG_4725.JPG,Dalbergia oliveri,16,group_1773,1,train
Dalbergia oliveri/IMG_4726.JPG,Dalbergia oliveri,16,group_1774,1,train
Dalbergia oliveri/IMG_4727.JPG,Dalbergia oliveri,16,group_1775,1,train
Dalbergia oliveri/IMG_4728.JPG,Dalbergia oliveri,16,group_1776,1,validation
Dalbergia oliveri/IMG_4729.JPG,Dalbergia oliveri,16,group_1777,1,train
Dalbergia oliveri/IMG_4730.JPG,Dalbergia oliveri,16,group_1778,1,train
Dalbergia oliveri/IMG_4731.JPG,Dalbergia oliveri,16,group_1779,1,train
Dalbergia oliveri/IMG_4732.JPG,Dalbergia oliveri,16,group_1780,1,train
Dalbergia oliveri/IMG_4733.JPG,Dalbergia oliveri,16,group_1781,1,train
Dalbergia oliveri/IMG_4734.JPG,Dalbergia oliveri,16,group_1782,1,train
Dalbergia oliveri/IMG_4735.JPG,Dalbergia oliveri,16,group_1783,1,train
Dalbergia oliveri/IMG_4736.JPG,Dalbergia oliveri,16,group_1784,1,train
Dalbergia oliveri/IMG_4737.JPG,Dalbergia oliveri,16,group_1785,1,train
Dalbergia oliveri/IMG_4738.JPG,Dalbergia oliveri,16,group_1786,1,test
Dalbergia oliveri/IMG_4739.JPG,Dalbergia oliveri,16,group_1787,1,train
Dalbergia oliveri/IMG_4740.JPG,Dalbergia oliveri,16,group_1788,1,train
Dalbergia oliveri/IMG_4741.JPG,Dalbergia oliveri,16,group_1789,1,train
Dalbergia oliveri/IMG_4742.JPG,Dalbergia oliveri,16,group_1790,1,train
Dalbergia oliveri/IMG_4743.JPG,Dalbergia oliveri,16,group_1791,1,train
Dalbergia oliveri/IMG_4744.JPG,Dalbergia oliveri,16,group_1792,1,train
Dalbergia oliveri/IMG_4745.JPG,Dalbergia oliveri,16,group_1793,1,train
Dalbergia oliveri/IMG_4746.JPG,Dalbergia oliveri,16,group_1794,1,train
Dalbergia oliveri/IMG_4747.JPG,Dalbergia oliveri,16,group_1795,1,train
Dalbergia oliveri/IMG_4748.JPG,Dalbergia oliveri,16,group_1796,1,validation
Dalbergia oliveri/IMG_4749.JPG,Dalbergia oliveri,16,group_1797,1,train
Dalbergia oliveri/IMG_4750.JPG,Dalbergia oliveri,16,group_1798,1,test
Dalbergia oliveri/IMG_4751.JPG,Dalbergia oliveri,16,group_1799,1,train
Dalbergia oliveri/IMG_4752.JPG,Dalbergia oliveri,16,group_1800,1,train
Dalbergia oliveri/IMG_4753.JPG,Dalbergia oliveri,16,group_1801,1,train
Dalbergia oliveri/IMG_4754.JPG,Dalbergia oliveri,16,group_1802,1,validation
Dalbergia oliveri/IMG_4755.JPG,Dalbergia oliveri,16,group_1803,1,train
Dalbergia oliveri/IMG_4756.JPG,Dalbergia oliveri,16,group_1804,1,test
Dalbergia oliveri/IMG_4757.JPG,Dalbergia oliveri,16,group_1805,1,train
Dalbergia oliveri/IMG_4758.JPG,Dalbergia oliveri,16,group_1806,1,test
Dalbergia oliveri/IMG_4759.JPG,Dalbergia oliveri,16,group_1807,1,train
Dalbergia oliveri/IMG_4760.JPG,Dalbergia oliveri,16,group_1808,1,train
Dalbergia oliveri/IMG_4761.JPG,Dalbergia oliveri,16,group_1809,1,train
Dalbergia oliveri/IMG_4762.JPG,Dalbergia oliveri,16,group_1810,1,train
Dalbergia oliveri/IMG_4763.JPG,Dalbergia oliveri,16,group_1811,1,train
Dalbergia oliveri/IMG_4764.JPG,Dalbergia oliveri,16,group_1812,1,train
Dalbergia oliveri/IMG_4765.JPG,Dalbergia oliveri,16,group_1813,1,train
Dalbergia oliveri/IMG_4766.JPG,Dalbergia oliveri,16,group_1814,1,train
Dalbergia oliveri/IMG_4767.JPG,Dalbergia oliveri,16,group_1815,1,train
Dalbergia oliveri/IMG_4768.JPG,Dalbergia oliveri,16,group_1816,1,train
Dalbergia oliveri/IMG_4769.JPG,Dalbergia oliveri,16,group_1817,1,train
Dalbergia oliveri/IMG_4770.JPG,Dalbergia oliveri,16,group_1818,1,validation
Dalbergia oliveri/IMG_4771.JPG,Dalbergia oliveri,16,group_1819,1,train
Dalbergia oliveri/IMG_4772.JPG,Dalbergia oliveri,16,group_1820,1,train
Dalbergia oliveri/IMG_4773.JPG,Dalbergia oliveri,16,group_1821,1,train
Dalbergia oliveri/IMG_4774.JPG,Dalbergia oliveri,16,group_1822,1,validation
Dalbergia oliveri/IMG_4775.JPG,Dalbergia oliveri,16,group_1823,1,validation
Dalbergia oliveri/IMG_4776.JPG,Dalbergia oliveri,16,group_1824,1,validation
Dalbergia oliveri/IMG_4777.JPG,Dalbergia oliveri,16,group_1825,1,train
Dalbergia oliveri/IMG_4778.JPG,Dalbergia oliveri,16,group_1826,1,train
Dalbergia oliveri/IMG_4779.JPG,Dalbergia oliveri,16,group_1827,1,train
Dalbergia oliveri/IMG_4780.JPG,Dalbergia oliveri,16,group_1828,1,validation
Dalbergia oliveri/IMG_4781.JPG,Dalbergia oliveri,16,group_1829,1,train
Dalbergia oliveri/IMG_4782.JPG,Dalbergia oliveri,16,group_1830,1,train
Dalbergia oliveri/IMG_4783.JPG,Dalbergia oliveri,16,group_1831,1,train
Delonix regia/IMG_4489.JPG,Delonix regia,17,group_1832,1,train
Delonix regia/IMG_4490.JPG,Delonix regia,17,group_1833,1,test
Delonix regia/IMG_4491.JPG,Delonix regia,17,group_1834,1,validation
Delonix regia/IMG_4492.JPG,Delonix regia,17,group_1835,1,validation
Delonix regia/IMG_4493.JPG,Delonix regia,17,group_1836,1,train
Delonix regia/IMG_4494.JPG,Delonix regia,17,group_1837,1,train
Delonix regia/IMG_4495.JPG,Delonix regia,17,group_1838,1,train
Delonix regia/IMG_4496.JPG,Delonix regia,17,group_1839,1,test
Delonix regia/IMG_4497.JPG,Delonix regia,17,group_1840,1,validation
Delonix regia/IMG_4498.JPG,Delonix regia,17,group_1841,1,train
Delonix regia/IMG_4499.JPG,Delonix regia,17,group_1842,1,train
Delonix regia/IMG_4500.JPG,Delonix regia,17,group_1843,1,train
Delonix regia/IMG_4501.JPG,Delonix regia,17,group_1844,1,validation
Delonix regia/IMG_4502.JPG,Delonix regia,17,group_1845,1,train
Delonix regia/IMG_4503.JPG,Delonix regia,17,group_1846,1,test
Delonix regia/IMG_4504.JPG,Delonix regia,17,group_1847,1,train
Delonix regia/IMG_4505.JPG,Delonix regia,17,group_1848,1,train
Delonix regia/IMG_4506.JPG,Delonix regia,17,group_1849,1,train
Delonix regia/IMG_4507.JPG,Delonix regia,17,group_1850,1,train
Delonix regia/IMG_4508.JPG,Delonix regia,17,group_1851,1,validation
Delonix regia/IMG_4509.JPG,Delonix regia,17,group_1852,1,train
Delonix regia/IMG_4510.JPG,Delonix regia,17,group_1853,1,train
Delonix regia/IMG_4511.JPG,Delonix regia,17,group_1854,1,train
Delonix regia/IMG_4512.JPG,Delonix regia,17,group_1855,1,train
Delonix regia/IMG_4513.JPG,Delonix regia,17,group_1856,1,train
Delonix regia/IMG_4514.JPG,Delonix regia,17,group_1857,1,train
Delonix regia/IMG_4515.JPG,Delonix regia,17,group_1858,1,train
Delonix regia/IMG_4516.JPG,Delonix regia,17,group_1859,1,test
Delonix regia/IMG_4517.JPG,Delonix regia,17,group_1860,1,train
Delonix regia/IMG_4518.JPG,Delonix regia,17,group_1861,1,train
Delonix regia/IMG_4519.JPG,Delonix regia,17,group_1862,1,validation
Delonix regia/IMG_4520.JPG,Delonix regia,17,group_1863,1,train
Delonix regia/IMG_4521.JPG,Delonix regia,17,group_1864,1,train
Delonix regia/IMG_4522.JPG,Delonix regia,17,group_1865,1,train
Delonix regia/IMG_4523.JPG,Delonix regia,17,group_1866,1,test
Delonix regia/IMG_4524.JPG,Delonix regia,17,group_1867,1,train
Delonix regia/IMG_4525.JPG,Delonix regia,17,group_1868,1,train
Delonix regia/IMG_4526.JPG,Delonix regia,17,group_1869,1,train
Delonix regia/IMG_4527.JPG,Delonix regia,17,group_1870,1,train
Delonix regia/IMG_4528.JPG,Delonix regia,17,group_1871,1,train
Delonix regia/IMG_4529.JPG,Delonix regia,17,group_1872,1,train
Delonix regia/IMG_4530.JPG,Delonix regia,17,group_1873,1,train
Delonix regia/IMG_4531.JPG,Delonix regia,17,group_1874,1,test
Delonix regia/IMG_4532.JPG,Delonix regia,17,group_1875,1,train
Delonix regia/IMG_4533.JPG,Delonix regia,17,group_1876,1,test
Delonix regia/IMG_4534.JPG,Delonix regia,17,group_1877,1,train
Delonix regia/IMG_4535.JPG,Delonix regia,17,group_1878,1,train
Delonix regia/IMG_4536.JPG,Delonix regia,17,group_1879,1,test
Delonix regia/IMG_4537.JPG,Delonix regia,17,group_1880,1,train
Delonix regia/IMG_4538.JPG,Delonix regia,17,group_1881,1,test
Delonix regia/IMG_4539.JPG,Delonix regia,17,group_1882,1,train
Delonix regia/IMG_4540.JPG,Delonix regia,17,group_1883,1,train
Delonix regia/IMG_4541.JPG,Delonix regia,17,group_1884,1,validation
Delonix regia/IMG_4542.JPG,Delonix regia,17,group_1885,1,train
Delonix regia/IMG_4543.JPG,Delonix regia,17,group_1886,1,train
Delonix regia/IMG_4544.JPG,Delonix regia,17,group_1887,1,train
Delonix regia/IMG_4545.JPG,Delonix regia,17,group_1888,1,validation
Delonix regia/IMG_4546.JPG,Delonix regia,17,group_1889,1,train
Delonix regia/IMG_4547.JPG,Delonix regia,17,group_1890,1,validation
Delonix regia/IMG_4548.JPG,Delonix regia,17,group_1891,1,train
Delonix regia/IMG_4549.JPG,Delonix regia,17,group_1892,1,train
Delonix regia/IMG_4550.JPG,Delonix regia,17,group_1893,1,train
Delonix regia/IMG_4551.JPG,Delonix regia,17,group_1894,1,train
Delonix regia/IMG_4552.JPG,Delonix regia,17,group_1895,1,train
Delonix regia/IMG_4553.JPG,Delonix regia,17,group_1896,1,validation
Delonix regia/IMG_4554.JPG,Delonix regia,17,group_1897,1,train
Delonix regia/IMG_4555.JPG,Delonix regia,17,group_1898,1,train
Delonix regia/IMG_4556.JPG,Delonix regia,17,group_1899,1,train
Delonix regia/IMG_4557.JPG,Delonix regia,17,group_1900,1,validation
Delonix regia/IMG_4558.JPG,Delonix regia,17,group_1901,1,train
Delonix regia/IMG_4559.JPG,Delonix regia,17,group_1902,1,train
Delonix regia/IMG_4560.JPG,Delonix regia,17,group_1903,1,test
Delonix regia/IMG_4561.JPG,Delonix regia,17,group_1904,1,train
Delonix regia/IMG_4562.JPG,Delonix regia,17,group_1905,1,train
Delonix regia/IMG_4563.JPG,Delonix regia,17,group_1906,1,validation
Delonix regia/IMG_4564.JPG,Delonix regia,17,group_1907,1,train
Delonix regia/IMG_4565.JPG,Delonix regia,17,group_1908,1,validation
Delonix regia/IMG_4566.JPG,Delonix regia,17,group_1909,1,train
Delonix regia/IMG_4567.JPG,Delonix regia,17,group_1910,1,test
Delonix regia/IMG_4568.JPG,Delonix regia,17,group_1911,1,validation
Delonix regia/IMG_4569.JPG,Delonix regia,17,group_1912,1,train
Delonix regia/IMG_4570.JPG,Delonix regia,17,group_1913,1,train
Delonix regia/IMG_4571.JPG,Delonix regia,17,group_1914,1,train
Delonix regia/IMG_4572.JPG,Delonix regia,17,group_1915,1,train
Delonix regia/IMG_4573.JPG,Delonix regia,17,group_1916,1,train
Delonix regia/IMG_4574.JPG,Delonix regia,17,group_1917,1,test
Delonix regia/IMG_4575.JPG,Delonix regia,17,group_1918,1,test
Delonix regia/IMG_4576.JPG,Delonix regia,17,group_1919,1,train
Delonix regia/IMG_4577.JPG,Delonix regia,17,group_1920,1,test
Delonix regia/IMG_4578.JPG,Delonix regia,17,group_1921,1,train
Delonix regia/IMG_4579.JPG,Delonix regia,17,group_1922,1,train
Delonix regia/IMG_4580.JPG,Delonix regia,17,group_1923,1,train
Delonix regia/IMG_4581.JPG,Delonix regia,17,group_1924,1,train
Dipterocarpus alatus/IMG_4784.JPG,Dipterocarpus alatus,18,group_1925,1,train
Dipterocarpus alatus/IMG_4785.JPG,Dipterocarpus alatus,18,group_1926,1,train
Dipterocarpus alatus/IMG_4786.JPG,Dipterocarpus alatus,18,group_1927,1,train
Dipterocarpus alatus/IMG_4787.JPG,Dipterocarpus alatus,18,group_0154,2,train
Dipterocarpus alatus/IMG_4788.JPG,Dipterocarpus alatus,18,group_0154,2,train
Dipterocarpus alatus/IMG_4789.JPG,Dipterocarpus alatus,18,group_1928,1,train
Dipterocarpus alatus/IMG_4790.JPG,Dipterocarpus alatus,18,group_1929,1,validation
Dipterocarpus alatus/IMG_4791.JPG,Dipterocarpus alatus,18,group_1930,1,train
Dipterocarpus alatus/IMG_4792.JPG,Dipterocarpus alatus,18,group_1931,1,train
Dipterocarpus alatus/IMG_4793.JPG,Dipterocarpus alatus,18,group_1932,1,train
Dipterocarpus alatus/IMG_4794.JPG,Dipterocarpus alatus,18,group_1933,1,test
Dipterocarpus alatus/IMG_4795.JPG,Dipterocarpus alatus,18,group_1934,1,train
Dipterocarpus alatus/IMG_4796.JPG,Dipterocarpus alatus,18,group_1935,1,train
Dipterocarpus alatus/IMG_4797.JPG,Dipterocarpus alatus,18,group_1936,1,train
Dipterocarpus alatus/IMG_4798.JPG,Dipterocarpus alatus,18,group_1937,1,validation
Dipterocarpus alatus/IMG_4799.JPG,Dipterocarpus alatus,18,group_1938,1,train
Dipterocarpus alatus/IMG_4800.JPG,Dipterocarpus alatus,18,group_1939,1,train
Dipterocarpus alatus/IMG_4801.JPG,Dipterocarpus alatus,18,group_1940,1,train
Dipterocarpus alatus/IMG_4802.JPG,Dipterocarpus alatus,18,group_1941,1,train
Dipterocarpus alatus/IMG_4803.JPG,Dipterocarpus alatus,18,group_1942,1,train
Dipterocarpus alatus/IMG_4804.JPG,Dipterocarpus alatus,18,group_1943,1,test
Dipterocarpus alatus/IMG_4805.JPG,Dipterocarpus alatus,18,group_1944,1,train
Dipterocarpus alatus/IMG_4806.JPG,Dipterocarpus alatus,18,group_1945,1,train
Dipterocarpus alatus/IMG_4807.JPG,Dipterocarpus alatus,18,group_1946,1,train
Dipterocarpus alatus/IMG_4808.JPG,Dipterocarpus alatus,18,group_1947,1,train
Dipterocarpus alatus/IMG_4809.JPG,Dipterocarpus alatus,18,group_1948,1,train
Dipterocarpus alatus/IMG_4810.JPG,Dipterocarpus alatus,18,group_1949,1,validation
Dipterocarpus alatus/IMG_4811.JPG,Dipterocarpus alatus,18,group_1950,1,train
Dipterocarpus alatus/IMG_4812.JPG,Dipterocarpus alatus,18,group_1951,1,train
Dipterocarpus alatus/IMG_4813.JPG,Dipterocarpus alatus,18,group_1952,1,train
Dipterocarpus alatus/IMG_4814.JPG,Dipterocarpus alatus,18,group_1953,1,test
Dipterocarpus alatus/IMG_4815.JPG,Dipterocarpus alatus,18,group_1954,1,train
Dipterocarpus alatus/IMG_4816.JPG,Dipterocarpus alatus,18,group_1955,1,train
Dipterocarpus alatus/IMG_4817.JPG,Dipterocarpus alatus,18,group_1956,1,validation
Dipterocarpus alatus/IMG_4818.JPG,Dipterocarpus alatus,18,group_1957,1,train
Dipterocarpus alatus/IMG_4819.JPG,Dipterocarpus alatus,18,group_1958,1,train
Dipterocarpus alatus/IMG_4820.JPG,Dipterocarpus alatus,18,group_1959,1,validation
Dipterocarpus alatus/IMG_4821.JPG,Dipterocarpus alatus,18,group_1960,1,train
Dipterocarpus alatus/IMG_4822.JPG,Dipterocarpus alatus,18,group_1961,1,validation
Dipterocarpus alatus/IMG_4823.JPG,Dipterocarpus alatus,18,group_1962,1,test
Dipterocarpus alatus/IMG_4824.JPG,Dipterocarpus alatus,18,group_1963,1,train
Dipterocarpus alatus/IMG_4825.JPG,Dipterocarpus alatus,18,group_1964,1,validation
Dipterocarpus alatus/IMG_4826.JPG,Dipterocarpus alatus,18,group_1965,1,test
Dipterocarpus alatus/IMG_4827.JPG,Dipterocarpus alatus,18,group_1966,1,train
Dipterocarpus alatus/IMG_4828.JPG,Dipterocarpus alatus,18,group_1967,1,validation
Dipterocarpus alatus/IMG_4829.JPG,Dipterocarpus alatus,18,group_1968,1,train
Dipterocarpus alatus/IMG_4830.JPG,Dipterocarpus alatus,18,group_1969,1,train
Dipterocarpus alatus/IMG_4831.JPG,Dipterocarpus alatus,18,group_1970,1,train
Dipterocarpus alatus/IMG_4832.JPG,Dipterocarpus alatus,18,group_1971,1,train
Dipterocarpus alatus/IMG_4833.JPG,Dipterocarpus alatus,18,group_1972,1,train
Dipterocarpus alatus/IMG_4834.JPG,Dipterocarpus alatus,18,group_1973,1,validation
Dipterocarpus alatus/IMG_4835.JPG,Dipterocarpus alatus,18,group_1974,1,train
Dipterocarpus alatus/IMG_4836.JPG,Dipterocarpus alatus,18,group_1975,1,train
Dipterocarpus alatus/IMG_4837.JPG,Dipterocarpus alatus,18,group_1976,1,train
Dipterocarpus alatus/IMG_4838.JPG,Dipterocarpus alatus,18,group_1977,1,test
Dipterocarpus alatus/IMG_4839.JPG,Dipterocarpus alatus,18,group_1978,1,test
Dipterocarpus alatus/IMG_4840.JPG,Dipterocarpus alatus,18,group_1979,1,train
Dipterocarpus alatus/IMG_4841.JPG,Dipterocarpus alatus,18,group_1980,1,train
Dipterocarpus alatus/IMG_4842.JPG,Dipterocarpus alatus,18,group_1981,1,train
Dipterocarpus alatus/IMG_4843.JPG,Dipterocarpus alatus,18,group_1982,1,train
Dipterocarpus alatus/IMG_4844.JPG,Dipterocarpus alatus,18,group_1983,1,train
Dipterocarpus alatus/IMG_4845.JPG,Dipterocarpus alatus,18,group_1984,1,train
Dipterocarpus alatus/IMG_4846.JPG,Dipterocarpus alatus,18,group_1985,1,train
Dipterocarpus alatus/IMG_4847.JPG,Dipterocarpus alatus,18,group_1986,1,validation
Dipterocarpus alatus/IMG_4848.JPG,Dipterocarpus alatus,18,group_1987,1,train
Dipterocarpus alatus/IMG_4849.JPG,Dipterocarpus alatus,18,group_1988,1,train
Dipterocarpus alatus/IMG_4850.JPG,Dipterocarpus alatus,18,group_1989,1,train
Dipterocarpus alatus/IMG_4851.JPG,Dipterocarpus alatus,18,group_1990,1,validation
Dipterocarpus alatus/IMG_4852.JPG,Dipterocarpus alatus,18,group_1991,1,train
Dipterocarpus alatus/IMG_4853.JPG,Dipterocarpus alatus,18,group_1992,1,validation
Dipterocarpus alatus/IMG_4854.JPG,Dipterocarpus alatus,18,group_1993,1,train
Dipterocarpus alatus/IMG_4855.JPG,Dipterocarpus alatus,18,group_1994,1,test
Dipterocarpus alatus/IMG_4856.JPG,Dipterocarpus alatus,18,group_1995,1,train
Dipterocarpus alatus/IMG_4857.JPG,Dipterocarpus alatus,18,group_1996,1,test
Dipterocarpus alatus/IMG_4858.JPG,Dipterocarpus alatus,18,group_1997,1,train
Dipterocarpus alatus/IMG_4859.JPG,Dipterocarpus alatus,18,group_1998,1,train
Dipterocarpus alatus/IMG_4860.JPG,Dipterocarpus alatus,18,group_1999,1,train
Dipterocarpus alatus/IMG_4861.JPG,Dipterocarpus alatus,18,group_2000,1,train
Dipterocarpus alatus/IMG_4862.JPG,Dipterocarpus alatus,18,group_2001,1,test
Dipterocarpus alatus/IMG_4863.JPG,Dipterocarpus alatus,18,group_2002,1,test
Dipterocarpus alatus/IMG_4864.JPG,Dipterocarpus alatus,18,group_2003,1,validation
Dipterocarpus alatus/IMG_4865.JPG,Dipterocarpus alatus,18,group_2004,1,train
Dipterocarpus alatus/IMG_4866.JPG,Dipterocarpus alatus,18,group_2005,1,test
Dipterocarpus alatus/IMG_4867.JPG,Dipterocarpus alatus,18,group_2006,1,train
Dipterocarpus alatus/IMG_4868.JPG,Dipterocarpus alatus,18,group_2007,1,validation
Dipterocarpus alatus/IMG_4869.JPG,Dipterocarpus alatus,18,group_2008,1,train
Dipterocarpus alatus/IMG_4870.JPG,Dipterocarpus alatus,18,group_2009,1,test
Dipterocarpus alatus/IMG_4871.JPG,Dipterocarpus alatus,18,group_2010,1,train
Dipterocarpus alatus/IMG_4872.JPG,Dipterocarpus alatus,18,group_2011,1,validation
Dipterocarpus alatus/IMG_4873.JPG,Dipterocarpus alatus,18,group_2012,1,train
Dipterocarpus alatus/IMG_4874.JPG,Dipterocarpus alatus,18,group_2013,1,train
Dipterocarpus alatus/IMG_4875.JPG,Dipterocarpus alatus,18,group_2014,1,test
Dipterocarpus alatus/IMG_4876.JPG,Dipterocarpus alatus,18,group_2015,1,test
Dipterocarpus alatus/IMG_4877.JPG,Dipterocarpus alatus,18,group_2016,1,test
Dipterocarpus alatus/IMG_4878.JPG,Dipterocarpus alatus,18,group_2017,1,train
Dipterocarpus alatus/IMG_4879.JPG,Dipterocarpus alatus,18,group_2018,1,train
Dipterocarpus alatus/IMG_4880.JPG,Dipterocarpus alatus,18,group_2019,1,train
Dipterocarpus alatus/IMG_4881.JPG,Dipterocarpus alatus,18,group_2020,1,train
Dipterocarpus alatus/IMG_4882.JPG,Dipterocarpus alatus,18,group_2021,1,train
Dipterocarpus alatus/IMG_4883.JPG,Dipterocarpus alatus,18,group_2022,1,train
Dipterocarpus alatus/IMG_4884.JPG,Dipterocarpus alatus,18,group_2023,1,test
Dipterocarpus alatus/IMG_4885.JPG,Dipterocarpus alatus,18,group_2024,1,train
Dipterocarpus alatus/IMG_4886.JPG,Dipterocarpus alatus,18,group_2025,1,train
Dipterocarpus alatus/IMG_4887.JPG,Dipterocarpus alatus,18,group_2026,1,train
Dipterocarpus alatus/IMG_4888.JPG,Dipterocarpus alatus,18,group_2027,1,test
Dipterocarpus alatus/IMG_4889.JPG,Dipterocarpus alatus,18,group_2028,1,train
Dipterocarpus alatus/IMG_4890.JPG,Dipterocarpus alatus,18,group_2029,1,test
Dipterocarpus alatus/IMG_4891.JPG,Dipterocarpus alatus,18,group_2030,1,train
Dipterocarpus alatus/IMG_4892.JPG,Dipterocarpus alatus,18,group_2031,1,validation
Dipterocarpus alatus/IMG_4893.JPG,Dipterocarpus alatus,18,group_2032,1,train
Dipterocarpus alatus/IMG_4894.JPG,Dipterocarpus alatus,18,group_2033,1,test
Dipterocarpus alatus/IMG_4895.JPG,Dipterocarpus alatus,18,group_2034,1,train
Dipterocarpus alatus/IMG_4896.JPG,Dipterocarpus alatus,18,group_2035,1,train
Dipterocarpus alatus/IMG_4897.JPG,Dipterocarpus alatus,18,group_2036,1,train
Dipterocarpus alatus/IMG_4898.JPG,Dipterocarpus alatus,18,group_2037,1,test
Dipterocarpus alatus/IMG_4899.JPG,Dipterocarpus alatus,18,group_2038,1,train
Dipterocarpus alatus/IMG_4900.JPG,Dipterocarpus alatus,18,group_2039,1,train
Dipterocarpus alatus/IMG_4901.JPG,Dipterocarpus alatus,18,group_2040,1,train
Dipterocarpus alatus/IMG_4902.JPG,Dipterocarpus alatus,18,group_2041,1,train
Dipterocarpus alatus/IMG_4903.JPG,Dipterocarpus alatus,18,group_2042,1,train
Dipterocarpus alatus/IMG_4904.JPG,Dipterocarpus alatus,18,group_2043,1,train
Dipterocarpus alatus/IMG_4905.JPG,Dipterocarpus alatus,18,group_2044,1,test
Dipterocarpus alatus/IMG_4906.JPG,Dipterocarpus alatus,18,group_2045,1,test
Dipterocarpus alatus/IMG_4907.JPG,Dipterocarpus alatus,18,group_2046,1,validation
Dipterocarpus alatus/IMG_4908.JPG,Dipterocarpus alatus,18,group_2047,1,train
Dipterocarpus alatus/IMG_4909.JPG,Dipterocarpus alatus,18,group_2048,1,train
Dipterocarpus alatus/IMG_4910.JPG,Dipterocarpus alatus,18,group_2049,1,train
Dipterocarpus alatus/IMG_4911.JPG,Dipterocarpus alatus,18,group_2050,1,train
Dipterocarpus alatus/IMG_4912.JPG,Dipterocarpus alatus,18,group_2051,1,train
Dipterocarpus alatus/IMG_4913.JPG,Dipterocarpus alatus,18,group_2052,1,validation
Dipterocarpus alatus/IMG_4914.JPG,Dipterocarpus alatus,18,group_2053,1,train
Dipterocarpus alatus/IMG_4915.JPG,Dipterocarpus alatus,18,group_2054,1,train
Dipterocarpus alatus/IMG_4916.JPG,Dipterocarpus alatus,18,group_2055,1,train
Dipterocarpus alatus/IMG_4917.JPG,Dipterocarpus alatus,18,group_2056,1,train
Dipterocarpus alatus/IMG_4918.JPG,Dipterocarpus alatus,18,group_2057,1,train
Dipterocarpus alatus/IMG_4919.JPG,Dipterocarpus alatus,18,group_2058,1,train
Dipterocarpus alatus/IMG_4920.JPG,Dipterocarpus alatus,18,group_2059,1,train
Dipterocarpus alatus/IMG_4921.JPG,Dipterocarpus alatus,18,group_2060,1,train
Dipterocarpus alatus/IMG_4922.JPG,Dipterocarpus alatus,18,group_2061,1,validation
Dipterocarpus alatus/IMG_4923.JPG,Dipterocarpus alatus,18,group_2062,1,validation
Dipterocarpus alatus/IMG_4924.JPG,Dipterocarpus alatus,18,group_2063,1,train
Dipterocarpus alatus/IMG_4925.JPG,Dipterocarpus alatus,18,group_2064,1,train
Dipterocarpus alatus/IMG_4926.JPG,Dipterocarpus alatus,18,group_2065,1,train
Dipterocarpus alatus/IMG_4927.JPG,Dipterocarpus alatus,18,group_2066,1,train
Dipterocarpus alatus/IMG_4928.JPG,Dipterocarpus alatus,18,group_2067,1,test
Dipterocarpus alatus/IMG_4929.JPG,Dipterocarpus alatus,18,group_2068,1,validation
Dipterocarpus alatus/IMG_4930.JPG,Dipterocarpus alatus,18,group_2069,1,train
Dipterocarpus alatus/IMG_4931.JPG,Dipterocarpus alatus,18,group_2070,1,train
Dipterocarpus alatus/IMG_4932.JPG,Dipterocarpus alatus,18,group_2071,1,train
Dipterocarpus alatus/IMG_4933.JPG,Dipterocarpus alatus,18,group_2072,1,train
Dipterocarpus alatus/IMG_4934.JPG,Dipterocarpus alatus,18,group_2073,1,train
Dipterocarpus alatus/IMG_4935.JPG,Dipterocarpus alatus,18,group_2074,1,train
Dipterocarpus alatus/IMG_4936.JPG,Dipterocarpus alatus,18,group_2075,1,train
Dipterocarpus alatus/IMG_4937.JPG,Dipterocarpus alatus,18,group_2076,1,validation
Dipterocarpus alatus/IMG_4938.JPG,Dipterocarpus alatus,18,group_2077,1,validation
Dipterocarpus alatus/IMG_4939.JPG,Dipterocarpus alatus,18,group_2078,1,train
Dipterocarpus alatus/IMG_4940.JPG,Dipterocarpus alatus,18,group_2079,1,train
Dipterocarpus alatus/IMG_4941.JPG,Dipterocarpus alatus,18,group_2080,1,validation
Erythrina fusca/IMG_4944.JPG,Erythrina fusca,19,group_2081,1,train
Erythrina fusca/IMG_4945.JPG,Erythrina fusca,19,group_2082,1,validation
Erythrina fusca/IMG_4946.JPG,Erythrina fusca,19,group_2083,1,train
Erythrina fusca/IMG_4947.JPG,Erythrina fusca,19,group_2084,1,test
Erythrina fusca/IMG_4948.JPG,Erythrina fusca,19,group_2085,1,train
Erythrina fusca/IMG_4949.JPG,Erythrina fusca,19,group_2086,1,train
Erythrina fusca/IMG_4950.JPG,Erythrina fusca,19,group_2087,1,train
Erythrina fusca/IMG_4951.JPG,Erythrina fusca,19,group_2088,1,train
Erythrina fusca/IMG_4952.JPG,Erythrina fusca,19,group_2089,1,train
Erythrina fusca/IMG_4953.JPG,Erythrina fusca,19,group_2090,1,train
Erythrina fusca/IMG_4954.JPG,Erythrina fusca,19,group_2091,1,train
Erythrina fusca/IMG_4955.JPG,Erythrina fusca,19,group_2092,1,test
Erythrina fusca/IMG_4956.JPG,Erythrina fusca,19,group_2093,1,train
Erythrina fusca/IMG_4957.JPG,Erythrina fusca,19,group_2094,1,train
Erythrina fusca/IMG_4958.JPG,Erythrina fusca,19,group_2095,1,train
Erythrina fusca/IMG_4959.JPG,Erythrina fusca,19,group_2096,1,train
Erythrina fusca/IMG_4960.JPG,Erythrina fusca,19,group_2097,1,train
Erythrina fusca/IMG_4961.JPG,Erythrina fusca,19,group_2098,1,validation
Erythrina fusca/IMG_4962.JPG,Erythrina fusca,19,group_2099,1,train
Erythrina fusca/IMG_4963.JPG,Erythrina fusca,19,group_2100,1,train
Erythrina fusca/IMG_4964.JPG,Erythrina fusca,19,group_2101,1,train
Erythrina fusca/IMG_4965.JPG,Erythrina fusca,19,group_2102,1,train
Erythrina fusca/IMG_4966.JPG,Erythrina fusca,19,group_2103,1,train
Erythrina fusca/IMG_4967.JPG,Erythrina fusca,19,group_2104,1,validation
Erythrina fusca/IMG_4968.JPG,Erythrina fusca,19,group_2105,1,test
Erythrina fusca/IMG_4969.JPG,Erythrina fusca,19,group_2106,1,train
Erythrina fusca/IMG_4970.JPG,Erythrina fusca,19,group_2107,1,train
Erythrina fusca/IMG_4971.JPG,Erythrina fusca,19,group_2108,1,train
Erythrina fusca/IMG_4972.JPG,Erythrina fusca,19,group_2109,1,train
Erythrina fusca/IMG_4973.JPG,Erythrina fusca,19,group_2110,1,train
Erythrina fusca/IMG_4974.JPG,Erythrina fusca,19,group_2111,1,train
Erythrina fusca/IMG_4975.JPG,Erythrina fusca,19,group_2112,1,train
Erythrina fusca/IMG_4976.JPG,Erythrina fusca,19,group_2113,1,train
Erythrina fusca/IMG_4977.JPG,Erythrina fusca,19,group_2114,1,train
Erythrina fusca/IMG_4978.JPG,Erythrina fusca,19,group_2115,1,test
Erythrina fusca/IMG_4979.JPG,Erythrina fusca,19,group_2116,1,train
Erythrina fusca/IMG_4980.JPG,Erythrina fusca,19,group_2117,1,train
Erythrina fusca/IMG_4981.JPG,Erythrina fusca,19,group_2118,1,validation
Erythrina fusca/IMG_4982.JPG,Erythrina fusca,19,group_2119,1,train
Erythrina fusca/IMG_4983.JPG,Erythrina fusca,19,group_2120,1,train
Erythrina fusca/IMG_4984.JPG,Erythrina fusca,19,group_2121,1,train
Erythrina fusca/IMG_4985.JPG,Erythrina fusca,19,group_2122,1,train
Erythrina fusca/IMG_4986.JPG,Erythrina fusca,19,group_2123,1,train
Erythrina fusca/IMG_4987.JPG,Erythrina fusca,19,group_2124,1,train
Erythrina fusca/IMG_4988.JPG,Erythrina fusca,19,group_2125,1,test
Erythrina fusca/IMG_4989.JPG,Erythrina fusca,19,group_2126,1,train
Erythrina fusca/IMG_4990.JPG,Erythrina fusca,19,group_2127,1,validation
Erythrina fusca/IMG_4991.JPG,Erythrina fusca,19,group_2128,1,train
Erythrina fusca/IMG_4992.JPG,Erythrina fusca,19,group_2129,1,train
Erythrina fusca/IMG_4993.JPG,Erythrina fusca,19,group_2130,1,train
Erythrina fusca/IMG_4994.JPG,Erythrina fusca,19,group_2131,1,validation
Erythrina fusca/IMG_4995.JPG,Erythrina fusca,19,group_2132,1,train
Erythrina fusca/IMG_4996.JPG,Erythrina fusca,19,group_2133,1,test
Erythrina fusca/IMG_4997.JPG,Erythrina fusca,19,group_2134,1,test
Erythrina fusca/IMG_4998.JPG,Erythrina fusca,19,group_2135,1,test
Erythrina fusca/IMG_4999.JPG,Erythrina fusca,19,group_2136,1,test
Erythrina fusca/IMG_5001.JPG,Erythrina fusca,19,group_2137,1,train
Erythrina fusca/IMG_5002.JPG,Erythrina fusca,19,group_2138,1,test
Erythrina fusca/IMG_5003.JPG,Erythrina fusca,19,group_2139,1,train
Erythrina fusca/IMG_5004.JPG,Erythrina fusca,19,group_2140,1,train
Erythrina fusca/IMG_5005.JPG,Erythrina fusca,19,group_2141,1,train
Erythrina fusca/IMG_5006.JPG,Erythrina fusca,19,group_2142,1,train
Erythrina fusca/IMG_5007.JPG,Erythrina fusca,19,group_2143,1,train
Erythrina fusca/IMG_5008.JPG,Erythrina fusca,19,group_2144,1,validation
Erythrina fusca/IMG_5009.JPG,Erythrina fusca,19,group_2145,1,train
Erythrina fusca/IMG_5010.JPG,Erythrina fusca,19,group_2146,1,train
Erythrina fusca/IMG_5011.JPG,Erythrina fusca,19,group_2147,1,train
Erythrina fusca/IMG_5012.JPG,Erythrina fusca,19,group_2148,1,train
Erythrina fusca/IMG_5013.JPG,Erythrina fusca,19,group_2149,1,train
Erythrina fusca/IMG_5014.JPG,Erythrina fusca,19,group_2150,1,train
Erythrina fusca/IMG_5015.JPG,Erythrina fusca,19,group_2151,1,validation
Erythrina fusca/IMG_5016.JPG,Erythrina fusca,19,group_2152,1,train
Erythrina fusca/IMG_5017.JPG,Erythrina fusca,19,group_2153,1,validation
Erythrina fusca/IMG_5018.JPG,Erythrina fusca,19,group_2154,1,train
Erythrina fusca/IMG_5019.JPG,Erythrina fusca,19,group_2155,1,test
Erythrina fusca/IMG_5020.JPG,Erythrina fusca,19,group_2156,1,train
Erythrina fusca/IMG_5021.JPG,Erythrina fusca,19,group_2157,1,train
Erythrina fusca/IMG_5022.JPG,Erythrina fusca,19,group_2158,1,train
Erythrina fusca/IMG_5023.JPG,Erythrina fusca,19,group_2159,1,validation
Erythrina fusca/IMG_5024.JPG,Erythrina fusca,19,group_2160,1,validation
Erythrina fusca/IMG_5025.JPG,Erythrina fusca,19,group_2161,1,test
Erythrina fusca/IMG_5026.JPG,Erythrina fusca,19,group_2162,1,validation
Erythrina fusca/IMG_5027.JPG,Erythrina fusca,19,group_2163,1,train
Erythrina fusca/IMG_5028.JPG,Erythrina fusca,19,group_2164,1,train
Erythrina fusca/IMG_5029.JPG,Erythrina fusca,19,group_2165,1,train
Erythrina fusca/IMG_5030.JPG,Erythrina fusca,19,group_2166,1,validation
Erythrina fusca/IMG_5031.JPG,Erythrina fusca,19,group_2167,1,train
Erythrina fusca/IMG_5032.JPG,Erythrina fusca,19,group_2168,1,train
Erythrina fusca/IMG_5033.JPG,Erythrina fusca,19,group_2169,1,test
Erythrina fusca/IMG_5034.JPG,Erythrina fusca,19,group_2170,1,train
Erythrina fusca/IMG_5035.JPG,Erythrina fusca,19,group_2171,1,train
Erythrina fusca/IMG_5036.JPG,Erythrina fusca,19,group_2172,1,train
Erythrina fusca/IMG_5037.JPG,Erythrina fusca,19,group_2173,1,train
Erythrina fusca/IMG_5038.JPG,Erythrina fusca,19,group_2174,1,train
Erythrina fusca/IMG_5039.JPG,Erythrina fusca,19,group_2175,1,test
Erythrina fusca/IMG_5040.JPG,Erythrina fusca,19,group_2176,1,train
Erythrina fusca/IMG_5041.JPG,Erythrina fusca,19,group_2177,1,validation
Erythrina fusca/IMG_5042.JPG,Erythrina fusca,19,group_2178,1,validation
Erythrina fusca/IMG_5043.JPG,Erythrina fusca,19,group_2179,1,validation
Erythrina fusca/IMG_5044.JPG,Erythrina fusca,19,group_2180,1,train
Erythrina fusca/IMG_5045.JPG,Erythrina fusca,19,group_2181,1,train
Erythrina fusca/IMG_5046.JPG,Erythrina fusca,19,group_2182,1,train
Erythrina fusca/IMG_5047.JPG,Erythrina fusca,19,group_2183,1,train
Erythrina fusca/IMG_5048.JPG,Erythrina fusca,19,group_2184,1,test
Eucalyptus/IMG_4253.JPG,Eucalyptus,20,group_2185,1,test
Eucalyptus/IMG_4254.JPG,Eucalyptus,20,group_2186,1,train
Eucalyptus/IMG_4255.JPG,Eucalyptus,20,group_2187,1,train
Eucalyptus/IMG_4256.JPG,Eucalyptus,20,group_2188,1,train
Eucalyptus/IMG_4257.JPG,Eucalyptus,20,group_2189,1,train
Eucalyptus/IMG_4258.JPG,Eucalyptus,20,group_2190,1,test
Eucalyptus/IMG_4259.JPG,Eucalyptus,20,group_2191,1,train
Eucalyptus/IMG_4260.JPG,Eucalyptus,20,group_2192,1,train
Eucalyptus/IMG_4261.JPG,Eucalyptus,20,group_2193,1,train
Eucalyptus/IMG_4262.JPG,Eucalyptus,20,group_2194,1,test
Eucalyptus/IMG_4263.JPG,Eucalyptus,20,group_2195,1,train
Eucalyptus/IMG_4264.JPG,Eucalyptus,20,group_2196,1,test
Eucalyptus/IMG_4265.JPG,Eucalyptus,20,group_2197,1,train
Eucalyptus/IMG_4266.JPG,Eucalyptus,20,group_2198,1,train
Eucalyptus/IMG_4267.JPG,Eucalyptus,20,group_2199,1,train
Eucalyptus/IMG_4268.JPG,Eucalyptus,20,group_2200,1,train
Eucalyptus/IMG_4269.JPG,Eucalyptus,20,group_2201,1,validation
Eucalyptus/IMG_4270.JPG,Eucalyptus,20,group_2202,1,train
Eucalyptus/IMG_4271.JPG,Eucalyptus,20,group_2203,1,train
Eucalyptus/IMG_4272.JPG,Eucalyptus,20,group_2204,1,test
Eucalyptus/IMG_4273.JPG,Eucalyptus,20,group_2205,1,train
Eucalyptus/IMG_4274.JPG,Eucalyptus,20,group_2206,1,train
Eucalyptus/IMG_4275.JPG,Eucalyptus,20,group_2207,1,train
Eucalyptus/IMG_4276.JPG,Eucalyptus,20,group_2208,1,train
Eucalyptus/IMG_4277.JPG,Eucalyptus,20,group_2209,1,train
Eucalyptus/IMG_4278.JPG,Eucalyptus,20,group_2210,1,validation
Eucalyptus/IMG_4279.JPG,Eucalyptus,20,group_2211,1,train
Eucalyptus/IMG_4280.JPG,Eucalyptus,20,group_2212,1,train
Eucalyptus/IMG_4281.JPG,Eucalyptus,20,group_2213,1,validation
Eucalyptus/IMG_4282.JPG,Eucalyptus,20,group_2214,1,train
Eucalyptus/IMG_4283.JPG,Eucalyptus,20,group_2215,1,train
Eucalyptus/IMG_4284.JPG,Eucalyptus,20,group_2216,1,train
Eucalyptus/IMG_4285.JPG,Eucalyptus,20,group_2217,1,train
Eucalyptus/IMG_4286.JPG,Eucalyptus,20,group_2218,1,train
Eucalyptus/IMG_4287.JPG,Eucalyptus,20,group_2219,1,validation
Eucalyptus/IMG_4288.JPG,Eucalyptus,20,group_2220,1,train
Eucalyptus/IMG_4289.JPG,Eucalyptus,20,group_2221,1,train
Eucalyptus/IMG_4290.JPG,Eucalyptus,20,group_2222,1,validation
Eucalyptus/IMG_4291.JPG,Eucalyptus,20,group_2223,1,validation
Eucalyptus/IMG_4292.JPG,Eucalyptus,20,group_2224,1,train
Eucalyptus/IMG_4293.JPG,Eucalyptus,20,group_2225,1,train
Eucalyptus/IMG_4294.JPG,Eucalyptus,20,group_2226,1,train
Eucalyptus/IMG_4295.JPG,Eucalyptus,20,group_2227,1,train
Eucalyptus/IMG_4296.JPG,Eucalyptus,20,group_2228,1,train
Eucalyptus/IMG_4297.JPG,Eucalyptus,20,group_2229,1,validation
Eucalyptus/IMG_4298.JPG,Eucalyptus,20,group_2230,1,test
Eucalyptus/IMG_4299.JPG,Eucalyptus,20,group_2231,1,train
Eucalyptus/IMG_4300.JPG,Eucalyptus,20,group_2232,1,train
Eucalyptus/IMG_4301.JPG,Eucalyptus,20,group_2233,1,validation
Eucalyptus/IMG_4302.JPG,Eucalyptus,20,group_2234,1,train
Eucalyptus/IMG_4303.JPG,Eucalyptus,20,group_2235,1,train
Eucalyptus/IMG_4304.JPG,Eucalyptus,20,group_2236,1,train
Eucalyptus/IMG_4305.JPG,Eucalyptus,20,group_2237,1,train
Eucalyptus/IMG_4306.JPG,Eucalyptus,20,group_2238,1,test
Eucalyptus/IMG_4307.JPG,Eucalyptus,20,group_2239,1,test
Eucalyptus/IMG_4308.JPG,Eucalyptus,20,group_2240,1,validation
Eucalyptus/IMG_4309.JPG,Eucalyptus,20,group_2241,1,train
Eucalyptus/IMG_4310.JPG,Eucalyptus,20,group_2242,1,test
Eucalyptus/IMG_4311.JPG,Eucalyptus,20,group_2243,1,train
Eucalyptus/IMG_4312.JPG,Eucalyptus,20,group_2244,1,train
Eucalyptus/IMG_4313.JPG,Eucalyptus,20,group_2245,1,train
Eucalyptus/IMG_4314.JPG,Eucalyptus,20,group_2246,1,validation
Eucalyptus/IMG_4315.JPG,Eucalyptus,20,group_2247,1,train
Eucalyptus/IMG_4316.JPG,Eucalyptus,20,group_2248,1,train
Eucalyptus/IMG_4317.JPG,Eucalyptus,20,group_2249,1,train
Eucalyptus/IMG_4318.JPG,Eucalyptus,20,group_2250,1,train
Eucalyptus/IMG_4319.JPG,Eucalyptus,20,group_2251,1,validation
Eucalyptus/IMG_4320.JPG,Eucalyptus,20,group_2252,1,test
Eucalyptus/IMG_4321.JPG,Eucalyptus,20,group_2253,1,train
Eucalyptus/IMG_4322.JPG,Eucalyptus,20,group_2254,1,train
Eucalyptus/IMG_4323.JPG,Eucalyptus,20,group_2255,1,validation
Eucalyptus/IMG_4324.JPG,Eucalyptus,20,group_2256,1,train
Eucalyptus/IMG_4325.JPG,Eucalyptus,20,group_2257,1,train
Eucalyptus/IMG_4326.JPG,Eucalyptus,20,group_2258,1,train
Eucalyptus/IMG_4327.JPG,Eucalyptus,20,group_2259,1,test
Eucalyptus/IMG_4328.JPG,Eucalyptus,20,group_2260,1,train
Eucalyptus/IMG_4329.JPG,Eucalyptus,20,group_2261,1,train
Eucalyptus/IMG_4330.JPG,Eucalyptus,20,group_2262,1,test
Eucalyptus/IMG_4331.JPG,Eucalyptus,20,group_2263,1,train
Eucalyptus/IMG_4332.JPG,Eucalyptus,20,group_2264,1,validation
Eucalyptus/IMG_4333.JPG,Eucalyptus,20,group_2265,1,train
Eucalyptus/IMG_4334.JPG,Eucalyptus,20,group_2266,1,train
Eucalyptus/IMG_4335.JPG,Eucalyptus,20,group_2267,1,train
Eucalyptus/IMG_4336.JPG,Eucalyptus,20,group_2268,1,train
Eucalyptus/IMG_4337.JPG,Eucalyptus,20,group_2269,1,train
Eucalyptus/IMG_4338.JPG,Eucalyptus,20,group_2270,1,train
Eucalyptus/IMG_4339.JPG,Eucalyptus,20,group_2271,1,train
Eucalyptus/IMG_4340.JPG,Eucalyptus,20,group_2272,1,test
Eucalyptus/IMG_4341.JPG,Eucalyptus,20,group_2273,1,test
Eucalyptus/IMG_4342.JPG,Eucalyptus,20,group_2274,1,train
Eucalyptus/IMG_4343.JPG,Eucalyptus,20,group_2275,1,train
Eucalyptus/IMG_4344.JPG,Eucalyptus,20,group_2276,1,train
Eucalyptus/IMG_4345.JPG,Eucalyptus,20,group_2277,1,train
Eucalyptus/IMG_4346.JPG,Eucalyptus,20,group_2278,1,train
Eucalyptus/IMG_4347.JPG,Eucalyptus,20,group_2279,1,train
Eucalyptus/IMG_4348.JPG,Eucalyptus,20,group_2280,1,train
Eucalyptus/IMG_4349.JPG,Eucalyptus,20,group_2281,1,train
Eucalyptus/IMG_4350.JPG,Eucalyptus,20,group_2282,1,validation
Eucalyptus/IMG_4351.JPG,Eucalyptus,20,group_2283,1,train
Eucalyptus/IMG_4352.JPG,Eucalyptus,20,group_2284,1,train
Eucalyptus/IMG_4353.JPG,Eucalyptus,20,group_2285,1,validation
Eucalyptus/IMG_4354.JPG,Eucalyptus,20,group_2286,1,train
Eucalyptus/IMG_4355.JPG,Eucalyptus,20,group_2287,1,train
Eucalyptus/IMG_4356.JPG,Eucalyptus,20,group_2288,1,train
Eucalyptus/IMG_4357.JPG,Eucalyptus,20,group_2289,1,validation
Eucalyptus/IMG_4358.JPG,Eucalyptus,20,group_2290,1,train
Eucalyptus/IMG_4359.JPG,Eucalyptus,20,group_2291,1,train
Eucalyptus/IMG_4360.JPG,Eucalyptus,20,group_2292,1,train
Eucalyptus/IMG_4361.JPG,Eucalyptus,20,group_2293,1,train
Eucalyptus/IMG_4362.JPG,Eucalyptus,20,group_2294,1,train
Eucalyptus/IMG_4363.JPG,Eucalyptus,20,group_2295,1,validation
Eucalyptus/IMG_4364.JPG,Eucalyptus,20,group_2296,1,train
Eucalyptus/IMG_4365.JPG,Eucalyptus,20,group_2297,1,test
Eucalyptus/IMG_4366.JPG,Eucalyptus,20,group_2298,1,train
Eucalyptus/IMG_4367.JPG,Eucalyptus,20,group_2299,1,validation
Eucalyptus/IMG_4368.JPG,Eucalyptus,20,group_2300,1,train
Eucalyptus/IMG_4369.JPG,Eucalyptus,20,group_2301,1,train
Eucalyptus/IMG_4370.JPG,Eucalyptus,20,group_2302,1,train
Eucalyptus/IMG_4371.JPG,Eucalyptus,20,group_2303,1,train
Eucalyptus/IMG_4372.JPG,Eucalyptus,20,group_2304,1,train
Eucalyptus/IMG_4373.JPG,Eucalyptus,20,group_2305,1,test
Eucalyptus/IMG_4374.JPG,Eucalyptus,20,group_2306,1,train
Eucalyptus/IMG_4375.JPG,Eucalyptus,20,group_2307,1,test
Eucalyptus/IMG_4376.JPG,Eucalyptus,20,group_2308,1,test
Eucalyptus/IMG_4377.JPG,Eucalyptus,20,group_2309,1,test
Eucalyptus/IMG_4378.JPG,Eucalyptus,20,group_2310,1,train
Eucalyptus/IMG_4379.JPG,Eucalyptus,20,group_2311,1,validation
Ficus microcarpa/IMG_2760.JPG,Ficus microcarpa,21,group_2312,1,train
Ficus microcarpa/IMG_2761.JPG,Ficus microcarpa,21,group_2313,1,train
Ficus microcarpa/IMG_2762.JPG,Ficus microcarpa,21,group_2314,1,test
Ficus microcarpa/IMG_2763.JPG,Ficus microcarpa,21,group_2315,1,train
Ficus microcarpa/IMG_2764.JPG,Ficus microcarpa,21,group_2316,1,train
Ficus microcarpa/IMG_2765.JPG,Ficus microcarpa,21,group_2317,1,test
Ficus microcarpa/IMG_2766.JPG,Ficus microcarpa,21,group_2318,1,train
Ficus microcarpa/IMG_2767.JPG,Ficus microcarpa,21,group_2319,1,validation
Ficus microcarpa/IMG_2768.JPG,Ficus microcarpa,21,group_2320,1,validation
Ficus microcarpa/IMG_2769.JPG,Ficus microcarpa,21,group_2321,1,validation
Ficus microcarpa/IMG_2770.JPG,Ficus microcarpa,21,group_2322,1,train
Ficus microcarpa/IMG_2771.JPG,Ficus microcarpa,21,group_2323,1,train
Ficus microcarpa/IMG_2772.JPG,Ficus microcarpa,21,group_2324,1,validation
Ficus microcarpa/IMG_2773.JPG,Ficus microcarpa,21,group_2325,1,train
Ficus microcarpa/IMG_2774.JPG,Ficus microcarpa,21,group_2326,1,train
Ficus microcarpa/IMG_2775.JPG,Ficus microcarpa,21,group_2327,1,train
Ficus microcarpa/IMG_2776.JPG,Ficus microcarpa,21,group_2328,1,validation
Ficus microcarpa/IMG_2777.JPG,Ficus microcarpa,21,group_2329,1,test
Ficus microcarpa/IMG_2778.JPG,Ficus microcarpa,21,group_2330,1,validation
Ficus microcarpa/IMG_2779.JPG,Ficus microcarpa,21,group_0155,2,train
Ficus microcarpa/IMG_2780.JPG,Ficus microcarpa,21,group_0155,2,train
Ficus microcarpa/IMG_2781.JPG,Ficus microcarpa,21,group_2331,1,validation
Ficus microcarpa/IMG_2782.JPG,Ficus microcarpa,21,group_2332,1,train
Ficus microcarpa/IMG_2783.JPG,Ficus microcarpa,21,group_2333,1,train
Ficus microcarpa/IMG_2784.JPG,Ficus microcarpa,21,group_0156,2,train
Ficus microcarpa/IMG_2785.JPG,Ficus microcarpa,21,group_0156,2,train
Ficus microcarpa/IMG_2786.JPG,Ficus microcarpa,21,group_2334,1,train
Ficus microcarpa/IMG_2787.JPG,Ficus microcarpa,21,group_2335,1,test
Ficus microcarpa/IMG_2788.JPG,Ficus microcarpa,21,group_2336,1,train
Ficus microcarpa/IMG_2789.JPG,Ficus microcarpa,21,group_2337,1,train
Ficus microcarpa/IMG_2790.JPG,Ficus microcarpa,21,group_2338,1,train
Ficus microcarpa/IMG_2791.JPG,Ficus microcarpa,21,group_2339,1,train
Ficus microcarpa/IMG_2792.JPG,Ficus microcarpa,21,group_2340,1,train
Ficus microcarpa/IMG_2793.JPG,Ficus microcarpa,21,group_2341,1,train
Ficus microcarpa/IMG_2794.JPG,Ficus microcarpa,21,group_2342,1,train
Ficus microcarpa/IMG_2795.JPG,Ficus microcarpa,21,group_2343,1,train
Ficus microcarpa/IMG_2796.JPG,Ficus microcarpa,21,group_2344,1,train
Ficus microcarpa/IMG_2797.JPG,Ficus microcarpa,21,group_2345,1,train
Ficus microcarpa/IMG_2798.JPG,Ficus microcarpa,21,group_2346,1,train
Ficus microcarpa/IMG_2799.JPG,Ficus microcarpa,21,group_2347,1,test
Ficus microcarpa/IMG_2800.JPG,Ficus microcarpa,21,group_0059,3,train
Ficus microcarpa/IMG_2801.JPG,Ficus microcarpa,21,group_0059,3,train
Ficus microcarpa/IMG_2802.JPG,Ficus microcarpa,21,group_0059,3,train
Ficus microcarpa/IMG_2803.JPG,Ficus microcarpa,21,group_2348,1,train
Ficus microcarpa/IMG_2804.JPG,Ficus microcarpa,21,group_2349,1,train
Ficus microcarpa/IMG_2805.JPG,Ficus microcarpa,21,group_0060,3,test
Ficus microcarpa/IMG_2806.JPG,Ficus microcarpa,21,group_0060,3,test
Ficus microcarpa/IMG_2807.JPG,Ficus microcarpa,21,group_0060,3,test
Ficus microcarpa/IMG_2808.JPG,Ficus microcarpa,21,group_2350,1,train
Ficus microcarpa/IMG_2809.JPG,Ficus microcarpa,21,group_0061,3,validation
Ficus microcarpa/IMG_2810.JPG,Ficus microcarpa,21,group_0061,3,validation
Ficus microcarpa/IMG_2811.JPG,Ficus microcarpa,21,group_0061,3,validation
Ficus microcarpa/IMG_2812.JPG,Ficus microcarpa,21,group_2351,1,train
Ficus microcarpa/IMG_2813.JPG,Ficus microcarpa,21,group_2352,1,train
Ficus microcarpa/IMG_2814.JPG,Ficus microcarpa,21,group_2353,1,train
Ficus microcarpa/IMG_2815.JPG,Ficus microcarpa,21,group_2354,1,train
Ficus microcarpa/IMG_2816.JPG,Ficus microcarpa,21,group_2355,1,train
Ficus microcarpa/IMG_2817.JPG,Ficus microcarpa,21,group_2356,1,test
Ficus microcarpa/IMG_2818.JPG,Ficus microcarpa,21,group_2357,1,train
Ficus microcarpa/IMG_2821.JPG,Ficus microcarpa,21,group_2358,1,train
Ficus microcarpa/IMG_2823.JPG,Ficus microcarpa,21,group_2359,1,test
Ficus microcarpa/IMG_2824.JPG,Ficus microcarpa,21,group_2360,1,test
Ficus microcarpa/IMG_2825.JPG,Ficus microcarpa,21,group_2361,1,train
Ficus microcarpa/IMG_2826.JPG,Ficus microcarpa,21,group_2362,1,validation
Ficus microcarpa/IMG_2827.JPG,Ficus microcarpa,21,group_2363,1,train
Ficus microcarpa/IMG_2828.JPG,Ficus microcarpa,21,group_2364,1,train
Ficus microcarpa/IMG_2829.JPG,Ficus microcarpa,21,group_2365,1,train
Ficus microcarpa/IMG_2830.JPG,Ficus microcarpa,21,group_2366,1,train
Ficus microcarpa/IMG_2831.JPG,Ficus microcarpa,21,group_2367,1,train
Ficus microcarpa/IMG_2832.JPG,Ficus microcarpa,21,group_2368,1,train
Ficus microcarpa/IMG_2833.JPG,Ficus microcarpa,21,group_2369,1,train
Ficus microcarpa/IMG_2834.JPG,Ficus microcarpa,21,group_2370,1,validation
Ficus microcarpa/IMG_2835.JPG,Ficus microcarpa,21,group_2371,1,train
Ficus microcarpa/IMG_2836.JPG,Ficus microcarpa,21,group_2372,1,train
Ficus microcarpa/IMG_2837.JPG,Ficus microcarpa,21,group_2373,1,validation
Ficus microcarpa/IMG_2838.JPG,Ficus microcarpa,21,group_2374,1,test
Ficus microcarpa/IMG_2839.JPG,Ficus microcarpa,21,group_2375,1,train
Ficus microcarpa/IMG_2840.JPG,Ficus microcarpa,21,group_2376,1,train
Ficus microcarpa/IMG_2841.JPG,Ficus microcarpa,21,group_2377,1,train
Ficus microcarpa/IMG_2842.JPG,Ficus microcarpa,21,group_2378,1,train
Ficus microcarpa/IMG_2843.JPG,Ficus microcarpa,21,group_2379,1,train
Ficus microcarpa/IMG_2844.JPG,Ficus microcarpa,21,group_2380,1,validation
Ficus microcarpa/IMG_2845.JPG,Ficus microcarpa,21,group_2381,1,test
Ficus microcarpa/IMG_2846.JPG,Ficus microcarpa,21,group_2382,1,train
Ficus microcarpa/IMG_2847.JPG,Ficus microcarpa,21,group_2383,1,train
Ficus microcarpa/IMG_2848.JPG,Ficus microcarpa,21,group_2384,1,train
Ficus microcarpa/IMG_2849.JPG,Ficus microcarpa,21,group_2385,1,train
Ficus microcarpa/IMG_2850.JPG,Ficus microcarpa,21,group_2386,1,train
Ficus microcarpa/IMG_2851.JPG,Ficus microcarpa,21,group_2387,1,train
Ficus microcarpa/IMG_2852.JPG,Ficus microcarpa,21,group_2388,1,train
Ficus microcarpa/IMG_2853.JPG,Ficus microcarpa,21,group_2389,1,train
Ficus microcarpa/IMG_2854.JPG,Ficus microcarpa,21,group_2390,1,test
Ficus microcarpa/IMG_2855.JPG,Ficus microcarpa,21,group_2391,1,validation
Ficus microcarpa/IMG_2856.JPG,Ficus microcarpa,21,group_2392,1,validation
Ficus microcarpa/IMG_2857.JPG,Ficus microcarpa,21,group_2393,1,test
Ficus microcarpa/IMG_2858.JPG,Ficus microcarpa,21,group_2394,1,train
Ficus microcarpa/IMG_2859.JPG,Ficus microcarpa,21,group_2395,1,train
Ficus microcarpa/IMG_2860.JPG,Ficus microcarpa,21,group_2396,1,train
Ficus microcarpa/IMG_2861.JPG,Ficus microcarpa,21,group_2397,1,train
Ficus microcarpa/IMG_2862.JPG,Ficus microcarpa,21,group_2398,1,train
Ficus microcarpa/IMG_2863.JPG,Ficus microcarpa,21,group_2399,1,train
Ficus microcarpa/IMG_2864.JPG,Ficus microcarpa,21,group_2400,1,validation
Ficus microcarpa/IMG_2865.JPG,Ficus microcarpa,21,group_2401,1,train
Ficus microcarpa/IMG_2866.JPG,Ficus microcarpa,21,group_2402,1,train
Ficus microcarpa/IMG_2867.JPG,Ficus microcarpa,21,group_2403,1,validation
Ficus microcarpa/IMG_2868.JPG,Ficus microcarpa,21,group_2404,1,train
Ficus microcarpa/IMG_2869.JPG,Ficus microcarpa,21,group_2405,1,train
Ficus microcarpa/IMG_2870.JPG,Ficus microcarpa,21,group_2406,1,validation
Ficus microcarpa/IMG_2871.JPG,Ficus microcarpa,21,group_2407,1,train
Ficus microcarpa/IMG_2872.JPG,Ficus microcarpa,21,group_2408,1,train
Ficus microcarpa/IMG_2873.JPG,Ficus microcarpa,21,group_2409,1,train
Ficus microcarpa/IMG_2874.JPG,Ficus microcarpa,21,group_2410,1,train
Ficus microcarpa/IMG_2875.JPG,Ficus microcarpa,21,group_2411,1,train
Ficus microcarpa/IMG_2876.JPG,Ficus microcarpa,21,group_2412,1,test
Ficus microcarpa/IMG_2877.JPG,Ficus microcarpa,21,group_2413,1,train
Ficus microcarpa/IMG_2878.JPG,Ficus microcarpa,21,group_2414,1,train
Ficus microcarpa/IMG_2879.JPG,Ficus microcarpa,21,group_2415,1,train
Ficus microcarpa/IMG_2880.JPG,Ficus microcarpa,21,group_2416,1,train
Ficus microcarpa/IMG_2881.JPG,Ficus microcarpa,21,group_2417,1,train
Ficus microcarpa/IMG_2882.JPG,Ficus microcarpa,21,group_2418,1,test
Ficus microcarpa/IMG_2883.JPG,Ficus microcarpa,21,group_2419,1,train
Ficus microcarpa/IMG_2884.JPG,Ficus microcarpa,21,group_2420,1,train
Ficus microcarpa/IMG_2885.JPG,Ficus microcarpa,21,group_2421,1,validation
Ficus microcarpa/IMG_2886.JPG,Ficus microcarpa,21,group_2422,1,test
Ficus microcarpa/IMG_2887.JPG,Ficus microcarpa,21,group_2423,1,test
Ficus microcarpa/IMG_2888.JPG,Ficus microcarpa,21,group_2424,1,validation
Ficus microcarpa/IMG_2889.JPG,Ficus microcarpa,21,group_2425,1,train
Ficus microcarpa/IMG_2890.JPG,Ficus microcarpa,21,group_2426,1,test
Ficus microcarpa/IMG_2891.JPG,Ficus microcarpa,21,group_2427,1,train
Ficus microcarpa/IMG_2892.JPG,Ficus microcarpa,21,group_2428,1,validation
Ficus microcarpa/IMG_2893.JPG,Ficus microcarpa,21,group_2429,1,train
Ficus microcarpa/IMG_2894.JPG,Ficus microcarpa,21,group_0157,2,train
Ficus microcarpa/IMG_2895.JPG,Ficus microcarpa,21,group_0157,2,train
Ficus microcarpa/IMG_2896.JPG,Ficus microcarpa,21,group_2430,1,train
Ficus microcarpa/IMG_2897.JPG,Ficus microcarpa,21,group_2431,1,test
Ficus microcarpa/IMG_2898.JPG,Ficus microcarpa,21,group_2432,1,train
Ficus microcarpa/IMG_2899.JPG,Ficus microcarpa,21,group_2433,1,train
Ficus microcarpa/IMG_2900.JPG,Ficus microcarpa,21,group_2434,1,train
Ficus microcarpa/IMG_2901.JPG,Ficus microcarpa,21,group_2435,1,train
Ficus microcarpa/IMG_2902.JPG,Ficus microcarpa,21,group_2436,1,test
Ficus microcarpa/IMG_2903.JPG,Ficus microcarpa,21,group_2437,1,train
Ficus microcarpa/IMG_2904.JPG,Ficus microcarpa,21,group_2438,1,validation
Ficus microcarpa/IMG_2905.JPG,Ficus microcarpa,21,group_2439,1,train
Ficus microcarpa/IMG_2906.JPG,Ficus microcarpa,21,group_2440,1,train
Ficus microcarpa/IMG_2907.JPG,Ficus microcarpa,21,group_2441,1,train
Ficus microcarpa/IMG_2908.JPG,Ficus microcarpa,21,group_2442,1,train
Ficus microcarpa/IMG_2909.JPG,Ficus microcarpa,21,group_0158,2,train
Ficus microcarpa/IMG_2910.JPG,Ficus microcarpa,21,group_0158,2,train
Ficus microcarpa/IMG_2911.JPG,Ficus microcarpa,21,group_2443,1,train
Ficus microcarpa/IMG_2912.JPG,Ficus microcarpa,21,group_2444,1,train
Ficus racemosa/IMG_6051.JPG,Ficus racemosa,22,group_2445,1,train
Ficus racemosa/IMG_6052.JPG,Ficus racemosa,22,group_2446,1,train
Ficus racemosa/IMG_6053.JPG,Ficus racemosa,22,group_2447,1,validation
Ficus racemosa/IMG_6054.JPG,Ficus racemosa,22,group_2448,1,train
Ficus racemosa/IMG_6055.JPG,Ficus racemosa,22,group_2449,1,train
Ficus racemosa/IMG_6056.JPG,Ficus racemosa,22,group_2450,1,validation
Ficus racemosa/IMG_6057.JPG,Ficus racemosa,22,group_2451,1,train
Ficus racemosa/IMG_6058.JPG,Ficus racemosa,22,group_2452,1,train
Ficus racemosa/IMG_6059.JPG,Ficus racemosa,22,group_2453,1,train
Ficus racemosa/IMG_6060.JPG,Ficus racemosa,22,group_2454,1,test
Ficus racemosa/IMG_6061.JPG,Ficus racemosa,22,group_2455,1,test
Ficus racemosa/IMG_6062.JPG,Ficus racemosa,22,group_2456,1,train
Ficus racemosa/IMG_6063.JPG,Ficus racemosa,22,group_2457,1,train
Ficus racemosa/IMG_6064.JPG,Ficus racemosa,22,group_2458,1,train
Ficus racemosa/IMG_6065.JPG,Ficus racemosa,22,group_2459,1,train
Ficus racemosa/IMG_6066.JPG,Ficus racemosa,22,group_2460,1,train
Ficus racemosa/IMG_6067.JPG,Ficus racemosa,22,group_2461,1,train
Ficus racemosa/IMG_6068.JPG,Ficus racemosa,22,group_2462,1,train
Ficus racemosa/IMG_6069.JPG,Ficus racemosa,22,group_2463,1,train
Ficus racemosa/IMG_6070.JPG,Ficus racemosa,22,group_2464,1,validation
Ficus racemosa/IMG_6071.JPG,Ficus racemosa,22,group_2465,1,train
Ficus racemosa/IMG_6072.JPG,Ficus racemosa,22,group_2466,1,train
Ficus racemosa/IMG_6073.JPG,Ficus racemosa,22,group_0159,2,train
Ficus racemosa/IMG_6074.JPG,Ficus racemosa,22,group_0159,2,train
Ficus racemosa/IMG_6075.JPG,Ficus racemosa,22,group_2467,1,train
Ficus racemosa/IMG_6076.JPG,Ficus racemosa,22,group_2468,1,train
Ficus racemosa/IMG_6077.JPG,Ficus racemosa,22,group_0062,3,train
Ficus racemosa/IMG_6078.JPG,Ficus racemosa,22,group_0062,3,train
Ficus racemosa/IMG_6079.JPG,Ficus racemosa,22,group_0062,3,train
Ficus racemosa/IMG_6080.JPG,Ficus racemosa,22,group_2469,1,validation
Ficus racemosa/IMG_6081.JPG,Ficus racemosa,22,group_2470,1,train
Ficus racemosa/IMG_6082.JPG,Ficus racemosa,22,group_2471,1,test
Ficus racemosa/IMG_6083.JPG,Ficus racemosa,22,group_2472,1,train
Ficus racemosa/IMG_6084.JPG,Ficus racemosa,22,group_2473,1,validation
Ficus racemosa/IMG_6085.JPG,Ficus racemosa,22,group_2474,1,train
Ficus racemosa/IMG_6086.JPG,Ficus racemosa,22,group_2475,1,train
Ficus racemosa/IMG_6087.JPG,Ficus racemosa,22,group_2476,1,train
Ficus racemosa/IMG_6088.JPG,Ficus racemosa,22,group_2477,1,train
Ficus racemosa/IMG_6089.JPG,Ficus racemosa,22,group_2478,1,validation
Ficus racemosa/IMG_6090.JPG,Ficus racemosa,22,group_2479,1,validation
Ficus racemosa/IMG_6091.JPG,Ficus racemosa,22,group_2480,1,test
Ficus racemosa/IMG_6092.JPG,Ficus racemosa,22,group_2481,1,train
Ficus racemosa/IMG_6093.JPG,Ficus racemosa,22,group_2482,1,test
Ficus racemosa/IMG_6094.JPG,Ficus racemosa,22,group_2483,1,train
Ficus racemosa/IMG_6095.JPG,Ficus racemosa,22,group_0160,2,train
Ficus racemosa/IMG_6096.JPG,Ficus racemosa,22,group_0160,2,train
Ficus racemosa/IMG_6097.JPG,Ficus racemosa,22,group_2484,1,test
Ficus racemosa/IMG_6098.JPG,Ficus racemosa,22,group_2485,1,train
Ficus racemosa/IMG_6099.JPG,Ficus racemosa,22,group_2486,1,train
Ficus racemosa/IMG_6100.JPG,Ficus racemosa,22,group_2487,1,train
Ficus racemosa/IMG_6101.JPG,Ficus racemosa,22,group_0063,3,train
Ficus racemosa/IMG_6102.JPG,Ficus racemosa,22,group_0063,3,train
Ficus racemosa/IMG_6103.JPG,Ficus racemosa,22,group_0063,3,train
Ficus racemosa/IMG_6104.JPG,Ficus racemosa,22,group_2488,1,validation
Ficus racemosa/IMG_6105.JPG,Ficus racemosa,22,group_2489,1,test
Ficus racemosa/IMG_6106.JPG,Ficus racemosa,22,group_2490,1,validation
Ficus racemosa/IMG_6107.JPG,Ficus racemosa,22,group_0031,4,test
Ficus racemosa/IMG_6108.JPG,Ficus racemosa,22,group_0031,4,test
Ficus racemosa/IMG_6109.JPG,Ficus racemosa,22,group_0031,4,test
Ficus racemosa/IMG_6110.JPG,Ficus racemosa,22,group_0031,4,test
Ficus racemosa/IMG_6111.JPG,Ficus racemosa,22,group_2491,1,train
Ficus racemosa/IMG_6112.JPG,Ficus racemosa,22,group_2492,1,train
Ficus racemosa/IMG_6113.JPG,Ficus racemosa,22,group_2493,1,train
Ficus racemosa/IMG_6114.JPG,Ficus racemosa,22,group_0161,2,train
Ficus racemosa/IMG_6115.JPG,Ficus racemosa,22,group_0161,2,train
Ficus racemosa/IMG_6116.JPG,Ficus racemosa,22,group_2494,1,train
Ficus racemosa/IMG_6117.JPG,Ficus racemosa,22,group_2495,1,validation
Ficus racemosa/IMG_6118.JPG,Ficus racemosa,22,group_2496,1,train
Ficus racemosa/IMG_6119.JPG,Ficus racemosa,22,group_2497,1,train
Ficus racemosa/IMG_6120.JPG,Ficus racemosa,22,group_2498,1,train
Ficus racemosa/IMG_6121.JPG,Ficus racemosa,22,group_2499,1,train
Ficus racemosa/IMG_6122.JPG,Ficus racemosa,22,group_2500,1,train
Ficus racemosa/IMG_6123.JPG,Ficus racemosa,22,group_2501,1,validation
Ficus racemosa/IMG_6124.JPG,Ficus racemosa,22,group_2502,1,train
Ficus racemosa/IMG_6125.JPG,Ficus racemosa,22,group_2503,1,train
Ficus racemosa/IMG_6126.JPG,Ficus racemosa,22,group_2504,1,test
Ficus racemosa/IMG_6127.JPG,Ficus racemosa,22,group_2505,1,train
Ficus racemosa/IMG_6128.JPG,Ficus racemosa,22,group_2506,1,train
Ficus racemosa/IMG_6129.JPG,Ficus racemosa,22,group_2507,1,test
Ficus racemosa/IMG_6130.JPG,Ficus racemosa,22,group_2508,1,train
Ficus racemosa/IMG_6131.JPG,Ficus racemosa,22,group_2509,1,test
Ficus racemosa/IMG_6132.JPG,Ficus racemosa,22,group_2510,1,train
Ficus racemosa/IMG_6133.JPG,Ficus racemosa,22,group_2511,1,train
Ficus racemosa/IMG_6134.JPG,Ficus racemosa,22,group_2512,1,test
Ficus racemosa/IMG_6135.JPG,Ficus racemosa,22,group_2513,1,test
Ficus racemosa/IMG_6136.JPG,Ficus racemosa,22,group_2514,1,train
Ficus racemosa/IMG_6137.JPG,Ficus racemosa,22,group_2515,1,train
Ficus racemosa/IMG_6138.JPG,Ficus racemosa,22,group_0016,6,train
Ficus racemosa/IMG_6139.JPG,Ficus racemosa,22,group_0016,6,train
Ficus racemosa/IMG_6140.JPG,Ficus racemosa,22,group_0016,6,train
Ficus racemosa/IMG_6141.JPG,Ficus racemosa,22,group_0016,6,train
Ficus racemosa/IMG_6142.JPG,Ficus racemosa,22,group_0016,6,train
Ficus racemosa/IMG_6143.JPG,Ficus racemosa,22,group_0016,6,train
Ficus racemosa/IMG_6144.JPG,Ficus racemosa,22,group_2516,1,train
Ficus racemosa/IMG_6145.JPG,Ficus racemosa,22,group_2517,1,validation
Ficus racemosa/IMG_6146.JPG,Ficus racemosa,22,group_2518,1,validation
Ficus racemosa/IMG_6147.JPG,Ficus racemosa,22,group_2519,1,train
Ficus racemosa/IMG_6148.JPG,Ficus racemosa,22,group_2520,1,train
Ficus racemosa/IMG_6149.JPG,Ficus racemosa,22,group_0162,2,train
Ficus racemosa/IMG_6150.JPG,Ficus racemosa,22,group_2521,1,train
Ficus racemosa/IMG_6151.JPG,Ficus racemosa,22,group_0162,2,train
Ficus racemosa/IMG_6152.JPG,Ficus racemosa,22,group_2522,1,train
Ficus racemosa/IMG_6153.JPG,Ficus racemosa,22,group_2523,1,train
Ficus racemosa/IMG_6154.JPG,Ficus racemosa,22,group_2524,1,train
Ficus racemosa/IMG_6155.JPG,Ficus racemosa,22,group_2525,1,train
Ficus racemosa/IMG_6156.JPG,Ficus racemosa,22,group_2526,1,train
Ficus racemosa/IMG_6157.JPG,Ficus racemosa,22,group_2527,1,train
Ficus racemosa/IMG_6158.JPG,Ficus racemosa,22,group_2528,1,train
Ficus racemosa/IMG_6159.JPG,Ficus racemosa,22,group_0032,4,validation
Ficus racemosa/IMG_6160.JPG,Ficus racemosa,22,group_0032,4,validation
Ficus racemosa/IMG_6161.JPG,Ficus racemosa,22,group_2529,1,validation
Ficus racemosa/IMG_6162.JPG,Ficus racemosa,22,group_0032,4,validation
Ficus racemosa/IMG_6163.JPG,Ficus racemosa,22,group_0032,4,validation
Ficus racemosa/IMG_6164.JPG,Ficus racemosa,22,group_2530,1,test
Ficus racemosa/IMG_6165.JPG,Ficus racemosa,22,group_2531,1,train
Ficus racemosa/IMG_6166.JPG,Ficus racemosa,22,group_2532,1,train
Ficus racemosa/IMG_6167.JPG,Ficus racemosa,22,group_2533,1,train
Gmelina arborea Roxb/IMG_6059.JPG,Gmelina arborea Roxb,23,group_2534,1,validation
Gmelina arborea Roxb/IMG_6060.JPG,Gmelina arborea Roxb,23,group_2535,1,train
Gmelina arborea Roxb/IMG_6061.JPG,Gmelina arborea Roxb,23,group_2536,1,train
Gmelina arborea Roxb/IMG_6062.JPG,Gmelina arborea Roxb,23,group_2537,1,train
Gmelina arborea Roxb/IMG_6063.JPG,Gmelina arborea Roxb,23,group_2538,1,train
Gmelina arborea Roxb/IMG_6064.JPG,Gmelina arborea Roxb,23,group_2539,1,train
Gmelina arborea Roxb/IMG_6065.JPG,Gmelina arborea Roxb,23,group_2540,1,train
Gmelina arborea Roxb/IMG_6066.JPG,Gmelina arborea Roxb,23,group_2541,1,train
Gmelina arborea Roxb/IMG_6067.JPG,Gmelina arborea Roxb,23,group_2542,1,train
Gmelina arborea Roxb/IMG_6068.JPG,Gmelina arborea Roxb,23,group_2543,1,train
Gmelina arborea Roxb/IMG_6069.JPG,Gmelina arborea Roxb,23,group_2544,1,train
Gmelina arborea Roxb/IMG_6070.JPG,Gmelina arborea Roxb,23,group_2545,1,train
Gmelina arborea Roxb/IMG_6071.JPG,Gmelina arborea Roxb,23,group_2546,1,test
Gmelina arborea Roxb/IMG_6072.JPG,Gmelina arborea Roxb,23,group_2547,1,train
Gmelina arborea Roxb/IMG_6073.JPG,Gmelina arborea Roxb,23,group_2548,1,train
Gmelina arborea Roxb/IMG_6074.JPG,Gmelina arborea Roxb,23,group_2549,1,test
Gmelina arborea Roxb/IMG_6075.JPG,Gmelina arborea Roxb,23,group_2550,1,train
Gmelina arborea Roxb/IMG_6076.JPG,Gmelina arborea Roxb,23,group_2551,1,test
Gmelina arborea Roxb/IMG_6077.JPG,Gmelina arborea Roxb,23,group_2552,1,train
Gmelina arborea Roxb/IMG_6078.JPG,Gmelina arborea Roxb,23,group_2553,1,test
Gmelina arborea Roxb/IMG_6079.JPG,Gmelina arborea Roxb,23,group_2554,1,train
Gmelina arborea Roxb/IMG_6080.JPG,Gmelina arborea Roxb,23,group_2555,1,train
Gmelina arborea Roxb/IMG_6081.JPG,Gmelina arborea Roxb,23,group_2556,1,train
Gmelina arborea Roxb/IMG_6082.JPG,Gmelina arborea Roxb,23,group_2557,1,train
Gmelina arborea Roxb/IMG_6083.JPG,Gmelina arborea Roxb,23,group_2558,1,train
Gmelina arborea Roxb/IMG_6084.JPG,Gmelina arborea Roxb,23,group_2559,1,test
Gmelina arborea Roxb/IMG_6085.JPG,Gmelina arborea Roxb,23,group_2560,1,train
Gmelina arborea Roxb/IMG_6086.JPG,Gmelina arborea Roxb,23,group_2561,1,train
Gmelina arborea Roxb/IMG_6087.JPG,Gmelina arborea Roxb,23,group_2562,1,test
Gmelina arborea Roxb/IMG_6088.JPG,Gmelina arborea Roxb,23,group_2563,1,test
Gmelina arborea Roxb/IMG_6089.JPG,Gmelina arborea Roxb,23,group_2564,1,validation
Gmelina arborea Roxb/IMG_6090.JPG,Gmelina arborea Roxb,23,group_2565,1,test
Gmelina arborea Roxb/IMG_6091.JPG,Gmelina arborea Roxb,23,group_2566,1,train
Gmelina arborea Roxb/IMG_6092.JPG,Gmelina arborea Roxb,23,group_2567,1,validation
Gmelina arborea Roxb/IMG_6093.JPG,Gmelina arborea Roxb,23,group_2568,1,validation
Gmelina arborea Roxb/IMG_6094.JPG,Gmelina arborea Roxb,23,group_2569,1,validation
Gmelina arborea Roxb/IMG_6095.JPG,Gmelina arborea Roxb,23,group_2570,1,train
Gmelina arborea Roxb/IMG_6096.JPG,Gmelina arborea Roxb,23,group_2571,1,train
Gmelina arborea Roxb/IMG_6097.JPG,Gmelina arborea Roxb,23,group_2572,1,train
Gmelina arborea Roxb/IMG_6098.JPG,Gmelina arborea Roxb,23,group_2573,1,test
Gmelina arborea Roxb/IMG_6099.JPG,Gmelina arborea Roxb,23,group_2574,1,train
Gmelina arborea Roxb/IMG_6100.JPG,Gmelina arborea Roxb,23,group_2575,1,train
Gmelina arborea Roxb/IMG_6101.JPG,Gmelina arborea Roxb,23,group_2576,1,test
Gmelina arborea Roxb/IMG_6102.JPG,Gmelina arborea Roxb,23,group_2577,1,validation
Gmelina arborea Roxb/IMG_6103.JPG,Gmelina arborea Roxb,23,group_2578,1,train
Gmelina arborea Roxb/IMG_6104.JPG,Gmelina arborea Roxb,23,group_2579,1,train
Gmelina arborea Roxb/IMG_6105.JPG,Gmelina arborea Roxb,23,group_2580,1,train
Gmelina arborea Roxb/IMG_6106.JPG,Gmelina arborea Roxb,23,group_2581,1,train
Gmelina arborea Roxb/IMG_6107.JPG,Gmelina arborea Roxb,23,group_2582,1,validation
Gmelina arborea Roxb/IMG_6108.JPG,Gmelina arborea Roxb,23,group_2583,1,test
Gmelina arborea Roxb/IMG_6109.JPG,Gmelina arborea Roxb,23,group_2584,1,train
Gmelina arborea Roxb/IMG_6110.JPG,Gmelina arborea Roxb,23,group_2585,1,train
Gmelina arborea Roxb/IMG_6111.JPG,Gmelina arborea Roxb,23,group_2586,1,train
Gmelina arborea Roxb/IMG_6112.JPG,Gmelina arborea Roxb,23,group_2587,1,train
Gmelina arborea Roxb/IMG_6113.JPG,Gmelina arborea Roxb,23,group_2588,1,train
Gmelina arborea Roxb/IMG_6114.JPG,Gmelina arborea Roxb,23,group_2589,1,test
Gmelina arborea Roxb/IMG_6115.JPG,Gmelina arborea Roxb,23,group_2590,1,train
Gmelina arborea Roxb/IMG_6116.JPG,Gmelina arborea Roxb,23,group_2591,1,validation
Gmelina arborea Roxb/IMG_6117.JPG,Gmelina arborea Roxb,23,group_2592,1,train
Gmelina arborea Roxb/IMG_6118.JPG,Gmelina arborea Roxb,23,group_2593,1,train
Gmelina arborea Roxb/IMG_6119.JPG,Gmelina arborea Roxb,23,group_2594,1,train
Gmelina arborea Roxb/IMG_6120.JPG,Gmelina arborea Roxb,23,group_2595,1,train
Gmelina arborea Roxb/IMG_6121.JPG,Gmelina arborea Roxb,23,group_2596,1,validation
Gmelina arborea Roxb/IMG_6122.JPG,Gmelina arborea Roxb,23,group_2597,1,train
Gmelina arborea Roxb/IMG_6123.JPG,Gmelina arborea Roxb,23,group_2598,1,train
Gmelina arborea Roxb/IMG_6124.JPG,Gmelina arborea Roxb,23,group_2599,1,train
Gmelina arborea Roxb/IMG_6125.JPG,Gmelina arborea Roxb,23,group_2600,1,train
Gmelina arborea Roxb/IMG_6126.JPG,Gmelina arborea Roxb,23,group_2601,1,train
Gmelina arborea Roxb/IMG_6127.JPG,Gmelina arborea Roxb,23,group_2602,1,train
Gmelina arborea Roxb/IMG_6128.JPG,Gmelina arborea Roxb,23,group_2603,1,train
Gmelina arborea Roxb/IMG_6129.JPG,Gmelina arborea Roxb,23,group_2604,1,train
Gmelina arborea Roxb/IMG_6130.JPG,Gmelina arborea Roxb,23,group_2605,1,train
Gmelina arborea Roxb/IMG_6131.JPG,Gmelina arborea Roxb,23,group_2606,1,train
Gmelina arborea Roxb/IMG_6132.JPG,Gmelina arborea Roxb,23,group_2607,1,train
Gmelina arborea Roxb/IMG_6133.JPG,Gmelina arborea Roxb,23,group_2608,1,train
Gmelina arborea Roxb/IMG_6134.JPG,Gmelina arborea Roxb,23,group_2609,1,train
Gmelina arborea Roxb/IMG_6135.JPG,Gmelina arborea Roxb,23,group_2610,1,train
Gmelina arborea Roxb/IMG_6136.JPG,Gmelina arborea Roxb,23,group_2611,1,validation
Gmelina arborea Roxb/IMG_6137.JPG,Gmelina arborea Roxb,23,group_2612,1,validation
Gmelina arborea Roxb/IMG_6138.JPG,Gmelina arborea Roxb,23,group_2613,1,train
Gmelina arborea Roxb/IMG_6139.JPG,Gmelina arborea Roxb,23,group_2614,1,test
Gmelina arborea Roxb/IMG_6140.JPG,Gmelina arborea Roxb,23,group_2615,1,train
Gmelina arborea Roxb/IMG_6141.JPG,Gmelina arborea Roxb,23,group_2616,1,train
Gmelina arborea Roxb/IMG_6142.JPG,Gmelina arborea Roxb,23,group_2617,1,train
Gmelina arborea Roxb/IMG_6143.JPG,Gmelina arborea Roxb,23,group_2618,1,train
Gmelina arborea Roxb/IMG_6144.JPG,Gmelina arborea Roxb,23,group_2619,1,validation
Gmelina arborea Roxb/IMG_6145.JPG,Gmelina arborea Roxb,23,group_2620,1,train
Gmelina arborea Roxb/IMG_6146.JPG,Gmelina arborea Roxb,23,group_2621,1,test
Gmelina arborea Roxb/IMG_6147.JPG,Gmelina arborea Roxb,23,group_2622,1,train
Gmelina arborea Roxb/IMG_6148.JPG,Gmelina arborea Roxb,23,group_2623,1,train
Gmelina arborea Roxb/IMG_6149.JPG,Gmelina arborea Roxb,23,group_2624,1,validation
Gmelina arborea Roxb/IMG_6150.JPG,Gmelina arborea Roxb,23,group_2625,1,train
Gmelina arborea Roxb/IMG_6151.JPG,Gmelina arborea Roxb,23,group_2626,1,train
Gmelina arborea Roxb/IMG_6152.JPG,Gmelina arborea Roxb,23,group_2627,1,test
Gmelina arborea Roxb/IMG_6153.JPG,Gmelina arborea Roxb,23,group_2628,1,train
Gmelina arborea Roxb/IMG_6154.JPG,Gmelina arborea Roxb,23,group_2629,1,validation
Gmelina arborea Roxb/IMG_6155.JPG,Gmelina arborea Roxb,23,group_2630,1,train
Gmelina arborea Roxb/IMG_6156.JPG,Gmelina arborea Roxb,23,group_2631,1,train
Gmelina arborea Roxb/IMG_6157.JPG,Gmelina arborea Roxb,23,group_2632,1,validation
Gmelina arborea Roxb/IMG_6158.JPG,Gmelina arborea Roxb,23,group_2633,1,train
Gmelina arborea Roxb/IMG_6159.JPG,Gmelina arborea Roxb,23,group_2634,1,train
Gmelina arborea Roxb/IMG_6160.JPG,Gmelina arborea Roxb,23,group_2635,1,validation
Gmelina arborea Roxb/IMG_6161.JPG,Gmelina arborea Roxb,23,group_2636,1,train
Hevea brasiliensis/IMG_2034.JPG,Hevea brasiliensis,24,group_2637,1,train
Hevea brasiliensis/IMG_2035.JPG,Hevea brasiliensis,24,group_2638,1,train
Hevea brasiliensis/IMG_2036.JPG,Hevea brasiliensis,24,group_2639,1,train
Hevea brasiliensis/IMG_2037.JPG,Hevea brasiliensis,24,group_2640,1,train
Hevea brasiliensis/IMG_2038.JPG,Hevea brasiliensis,24,group_2641,1,train
Hevea brasiliensis/IMG_2039.JPG,Hevea brasiliensis,24,group_2642,1,test
Hevea brasiliensis/IMG_2040.JPG,Hevea brasiliensis,24,group_2643,1,train
Hevea brasiliensis/IMG_2041.JPG,Hevea brasiliensis,24,group_2644,1,test
Hevea brasiliensis/IMG_2042.JPG,Hevea brasiliensis,24,group_2645,1,train
Hevea brasiliensis/IMG_2043.JPG,Hevea brasiliensis,24,group_2646,1,train
Hevea brasiliensis/IMG_2044.JPG,Hevea brasiliensis,24,group_2647,1,train
Hevea brasiliensis/IMG_2045.JPG,Hevea brasiliensis,24,group_2648,1,train
Hevea brasiliensis/IMG_2046.JPG,Hevea brasiliensis,24,group_2649,1,train
Hevea brasiliensis/IMG_2047.JPG,Hevea brasiliensis,24,group_2650,1,train
Hevea brasiliensis/IMG_2048.JPG,Hevea brasiliensis,24,group_2651,1,train
Hevea brasiliensis/IMG_2049.JPG,Hevea brasiliensis,24,group_2652,1,train
Hevea brasiliensis/IMG_2050.JPG,Hevea brasiliensis,24,group_2653,1,train
Hevea brasiliensis/IMG_2051.JPG,Hevea brasiliensis,24,group_2654,1,train
Hevea brasiliensis/IMG_2052.JPG,Hevea brasiliensis,24,group_2655,1,test
Hevea brasiliensis/IMG_2053.JPG,Hevea brasiliensis,24,group_2656,1,validation
Hevea brasiliensis/IMG_2054.JPG,Hevea brasiliensis,24,group_2657,1,train
Hevea brasiliensis/IMG_2055.JPG,Hevea brasiliensis,24,group_2658,1,train
Hevea brasiliensis/IMG_2056.JPG,Hevea brasiliensis,24,group_2659,1,train
Hevea brasiliensis/IMG_2057.JPG,Hevea brasiliensis,24,group_2660,1,validation
Hevea brasiliensis/IMG_2058.JPG,Hevea brasiliensis,24,group_2661,1,train
Hevea brasiliensis/IMG_2059.JPG,Hevea brasiliensis,24,group_2662,1,test
Hevea brasiliensis/IMG_2060.JPG,Hevea brasiliensis,24,group_2663,1,test
Hevea brasiliensis/IMG_2061.JPG,Hevea brasiliensis,24,group_2664,1,train
Hevea brasiliensis/IMG_2062.JPG,Hevea brasiliensis,24,group_2665,1,train
Hevea brasiliensis/IMG_2063.JPG,Hevea brasiliensis,24,group_2666,1,train
Hevea brasiliensis/IMG_2064.JPG,Hevea brasiliensis,24,group_2667,1,validation
Hevea brasiliensis/IMG_2065.JPG,Hevea brasiliensis,24,group_2668,1,train
Hevea brasiliensis/IMG_2066.JPG,Hevea brasiliensis,24,group_2669,1,train
Hevea brasiliensis/IMG_2067.JPG,Hevea brasiliensis,24,group_2670,1,train
Hevea brasiliensis/IMG_2068.JPG,Hevea brasiliensis,24,group_2671,1,train
Hevea brasiliensis/IMG_2069.JPG,Hevea brasiliensis,24,group_2672,1,train
Hevea brasiliensis/IMG_2070.JPG,Hevea brasiliensis,24,group_2673,1,train
Hevea brasiliensis/IMG_2071.JPG,Hevea brasiliensis,24,group_2674,1,train
Hevea brasiliensis/IMG_2072.JPG,Hevea brasiliensis,24,group_2675,1,train
Hevea brasiliensis/IMG_2073.JPG,Hevea brasiliensis,24,group_2676,1,train
Hevea brasiliensis/IMG_2074.JPG,Hevea brasiliensis,24,group_2677,1,train
Hevea brasiliensis/IMG_2075.JPG,Hevea brasiliensis,24,group_2678,1,test
Hevea brasiliensis/IMG_2076.JPG,Hevea brasiliensis,24,group_2679,1,test
Hevea brasiliensis/IMG_2077.JPG,Hevea brasiliensis,24,group_2680,1,train
Hevea brasiliensis/IMG_2078.JPG,Hevea brasiliensis,24,group_2681,1,validation
Hevea brasiliensis/IMG_2079.JPG,Hevea brasiliensis,24,group_2682,1,train
Hevea brasiliensis/IMG_2080.JPG,Hevea brasiliensis,24,group_2683,1,validation
Hevea brasiliensis/IMG_2081.JPG,Hevea brasiliensis,24,group_2684,1,test
Hevea brasiliensis/IMG_2082.JPG,Hevea brasiliensis,24,group_2685,1,validation
Hevea brasiliensis/IMG_2083.JPG,Hevea brasiliensis,24,group_2686,1,train
Hevea brasiliensis/IMG_2084.JPG,Hevea brasiliensis,24,group_2687,1,train
Hevea brasiliensis/IMG_2085.JPG,Hevea brasiliensis,24,group_2688,1,test
Hevea brasiliensis/IMG_2086.JPG,Hevea brasiliensis,24,group_2689,1,train
Hevea brasiliensis/IMG_2087.JPG,Hevea brasiliensis,24,group_2690,1,train
Hevea brasiliensis/IMG_2088.JPG,Hevea brasiliensis,24,group_2691,1,train
Hevea brasiliensis/IMG_2089.JPG,Hevea brasiliensis,24,group_2692,1,validation
Hevea brasiliensis/IMG_2090.JPG,Hevea brasiliensis,24,group_2693,1,train
Hevea brasiliensis/IMG_2091.JPG,Hevea brasiliensis,24,group_2694,1,validation
Hevea brasiliensis/IMG_2092.JPG,Hevea brasiliensis,24,group_2695,1,validation
Hevea brasiliensis/IMG_2093.JPG,Hevea brasiliensis,24,group_2696,1,train
Hevea brasiliensis/IMG_2094.JPG,Hevea brasiliensis,24,group_2697,1,train
Hevea brasiliensis/IMG_2095.JPG,Hevea brasiliensis,24,group_2698,1,test
Hevea brasiliensis/IMG_2096.JPG,Hevea brasiliensis,24,group_2699,1,validation
Hevea brasiliensis/IMG_2097.JPG,Hevea brasiliensis,24,group_2700,1,train
Hevea brasiliensis/IMG_2098.JPG,Hevea brasiliensis,24,group_2701,1,train
Hevea brasiliensis/IMG_2099.JPG,Hevea brasiliensis,24,group_2702,1,train
Hevea brasiliensis/IMG_2100.JPG,Hevea brasiliensis,24,group_2703,1,train
Hevea brasiliensis/IMG_2101.JPG,Hevea brasiliensis,24,group_2704,1,validation
Hevea brasiliensis/IMG_2102.JPG,Hevea brasiliensis,24,group_2705,1,train
Hevea brasiliensis/IMG_2103.JPG,Hevea brasiliensis,24,group_2706,1,validation
Hevea brasiliensis/IMG_2104.JPG,Hevea brasiliensis,24,group_2707,1,train
Hevea brasiliensis/IMG_2105.JPG,Hevea brasiliensis,24,group_2708,1,train
Hevea brasiliensis/IMG_2106.JPG,Hevea brasiliensis,24,group_2709,1,train
Hevea brasiliensis/IMG_2107.JPG,Hevea brasiliensis,24,group_2710,1,train
Hevea brasiliensis/IMG_2108.JPG,Hevea brasiliensis,24,group_2711,1,validation
Hevea brasiliensis/IMG_2109.JPG,Hevea brasiliensis,24,group_2712,1,train
Hevea brasiliensis/IMG_2110.JPG,Hevea brasiliensis,24,group_2713,1,train
Hevea brasiliensis/IMG_2111.JPG,Hevea brasiliensis,24,group_2714,1,train
Hevea brasiliensis/IMG_2112.JPG,Hevea brasiliensis,24,group_2715,1,train
Hevea brasiliensis/IMG_2113.JPG,Hevea brasiliensis,24,group_2716,1,train
Hevea brasiliensis/IMG_2114.JPG,Hevea brasiliensis,24,group_2717,1,train
Hevea brasiliensis/IMG_2115.JPG,Hevea brasiliensis,24,group_2718,1,train
Hevea brasiliensis/IMG_2116.JPG,Hevea brasiliensis,24,group_2719,1,train
Hevea brasiliensis/IMG_2117.JPG,Hevea brasiliensis,24,group_2720,1,validation
Hevea brasiliensis/IMG_2118.JPG,Hevea brasiliensis,24,group_2721,1,train
Hevea brasiliensis/IMG_2119.JPG,Hevea brasiliensis,24,group_2722,1,test
Hevea brasiliensis/IMG_2120.JPG,Hevea brasiliensis,24,group_2723,1,train
Hevea brasiliensis/IMG_2121.JPG,Hevea brasiliensis,24,group_2724,1,train
Hevea brasiliensis/IMG_2122.JPG,Hevea brasiliensis,24,group_2725,1,train
Hevea brasiliensis/IMG_2123.JPG,Hevea brasiliensis,24,group_2726,1,validation
Hevea brasiliensis/IMG_2124.JPG,Hevea brasiliensis,24,group_2727,1,train
Hevea brasiliensis/IMG_2125.JPG,Hevea brasiliensis,24,group_2728,1,validation
Hevea brasiliensis/IMG_2126.JPG,Hevea brasiliensis,24,group_2729,1,validation
Hevea brasiliensis/IMG_2127.JPG,Hevea brasiliensis,24,group_2730,1,train
Hevea brasiliensis/IMG_2128.JPG,Hevea brasiliensis,24,group_2731,1,train
Hevea brasiliensis/IMG_2129.JPG,Hevea brasiliensis,24,group_2732,1,train
Hevea brasiliensis/IMG_2130.JPG,Hevea brasiliensis,24,group_2733,1,test
Hevea brasiliensis/IMG_2131.JPG,Hevea brasiliensis,24,group_2734,1,train
Hevea brasiliensis/IMG_2132.JPG,Hevea brasiliensis,24,group_2735,1,train
Hevea brasiliensis/IMG_2133.JPG,Hevea brasiliensis,24,group_2736,1,test
Hevea brasiliensis/IMG_2134.JPG,Hevea brasiliensis,24,group_2737,1,test
Hevea brasiliensis/IMG_2135.JPG,Hevea brasiliensis,24,group_2738,1,train
Hevea brasiliensis/IMG_2136.JPG,Hevea brasiliensis,24,group_2739,1,test
Hevea brasiliensis/IMG_2137.JPG,Hevea brasiliensis,24,group_2740,1,train
Hevea brasiliensis/IMG_2138.JPG,Hevea brasiliensis,24,group_2741,1,train
Hevea brasiliensis/IMG_2139.JPG,Hevea brasiliensis,24,group_2742,1,train
Hevea brasiliensis/IMG_2140.JPG,Hevea brasiliensis,24,group_2743,1,train
Hevea brasiliensis/IMG_2141.JPG,Hevea brasiliensis,24,group_2744,1,test
Hevea brasiliensis/IMG_2142.JPG,Hevea brasiliensis,24,group_2745,1,train
Hevea brasiliensis/IMG_2143.JPG,Hevea brasiliensis,24,group_2746,1,train
Hopea/IMG_6255.JPG,Hopea,25,group_2747,1,validation
Hopea/IMG_6256.JPG,Hopea,25,group_2748,1,train
Hopea/IMG_6257.JPG,Hopea,25,group_2749,1,test
Hopea/IMG_6258.JPG,Hopea,25,group_2750,1,train
Hopea/IMG_6259.JPG,Hopea,25,group_2751,1,train
Hopea/IMG_6260.JPG,Hopea,25,group_2752,1,train
Hopea/IMG_6261.JPG,Hopea,25,group_2753,1,test
Hopea/IMG_6262.JPG,Hopea,25,group_2754,1,train
Hopea/IMG_6263.JPG,Hopea,25,group_2755,1,validation
Hopea/IMG_6264.JPG,Hopea,25,group_2756,1,train
Hopea/IMG_6265.JPG,Hopea,25,group_2757,1,train
Hopea/IMG_6266.JPG,Hopea,25,group_2758,1,test
Hopea/IMG_6267.JPG,Hopea,25,group_2759,1,train
Hopea/IMG_6268.JPG,Hopea,25,group_2760,1,validation
Hopea/IMG_6269.JPG,Hopea,25,group_2761,1,train
Hopea/IMG_6270.JPG,Hopea,25,group_2762,1,test
Hopea/IMG_6271.JPG,Hopea,25,group_2763,1,train
Hopea/IMG_6272.JPG,Hopea,25,group_2764,1,train
Hopea/IMG_6273.JPG,Hopea,25,group_2765,1,train
Hopea/IMG_6274.JPG,Hopea,25,group_2766,1,train
Hopea/IMG_6275.JPG,Hopea,25,group_2767,1,train
Hopea/IMG_6276.JPG,Hopea,25,group_2768,1,train
Hopea/IMG_6277.JPG,Hopea,25,group_2769,1,validation
Hopea/IMG_6278.JPG,Hopea,25,group_2770,1,train
Hopea/IMG_6279.JPG,Hopea,25,group_2771,1,validation
Hopea/IMG_6280.JPG,Hopea,25,group_2772,1,test
Hopea/IMG_6281.JPG,Hopea,25,group_2773,1,train
Hopea/IMG_6282.JPG,Hopea,25,group_2774,1,train
Hopea/IMG_6283.JPG,Hopea,25,group_2775,1,train
Hopea/IMG_6284.JPG,Hopea,25,group_2776,1,train
Hopea/IMG_6285.JPG,Hopea,25,group_2777,1,train
Hopea/IMG_6287.JPG,Hopea,25,group_2778,1,train
Hopea/IMG_6288.JPG,Hopea,25,group_2779,1,train
Hopea/IMG_6289.JPG,Hopea,25,group_2780,1,train
Hopea/IMG_6290.JPG,Hopea,25,group_2781,1,train
Hopea/IMG_6291.JPG,Hopea,25,group_2782,1,validation
Hopea/IMG_6292.JPG,Hopea,25,group_2783,1,train
Hopea/IMG_6293.JPG,Hopea,25,group_2784,1,train
Hopea/IMG_6294.JPG,Hopea,25,group_2785,1,train
Hopea/IMG_6295.JPG,Hopea,25,group_2786,1,validation
Hopea/IMG_6296.JPG,Hopea,25,group_2787,1,validation
Hopea/IMG_6297.JPG,Hopea,25,group_2788,1,train
Hopea/IMG_6298.JPG,Hopea,25,group_2789,1,validation
Hopea/IMG_6299.JPG,Hopea,25,group_2790,1,test
Hopea/IMG_6300.JPG,Hopea,25,group_2791,1,train
Hopea/IMG_6301.JPG,Hopea,25,group_2792,1,train
Hopea/IMG_6302.JPG,Hopea,25,group_2793,1,train
Hopea/IMG_6303.JPG,Hopea,25,group_2794,1,train
Hopea/IMG_6304.JPG,Hopea,25,group_2795,1,test
Hopea/IMG_6305.JPG,Hopea,25,group_2796,1,train
Hopea/IMG_6306.JPG,Hopea,25,group_2797,1,train
Hopea/IMG_6307.JPG,Hopea,25,group_2798,1,train
Hopea/IMG_6308.JPG,Hopea,25,group_2799,1,train
Hopea/IMG_6309.JPG,Hopea,25,group_2800,1,validation
Hopea/IMG_6310.JPG,Hopea,25,group_2801,1,validation
Hopea/IMG_6311.JPG,Hopea,25,group_2802,1,test
Hopea/IMG_6312.JPG,Hopea,25,group_2803,1,train
Hopea/IMG_6313.JPG,Hopea,25,group_2804,1,train
Hopea/IMG_6314.JPG,Hopea,25,group_2805,1,train
Hopea/IMG_6315.JPG,Hopea,25,group_2806,1,test
Hopea/IMG_6316.JPG,Hopea,25,group_2807,1,validation
Hopea/IMG_6317.JPG,Hopea,25,group_2808,1,train
Hopea/IMG_6318.JPG,Hopea,25,group_2809,1,train
Hopea/IMG_6319.JPG,Hopea,25,group_2810,1,train
Hopea/IMG_6320.JPG,Hopea,25,group_2811,1,train
Hopea/IMG_6321.JPG,Hopea,25,group_2812,1,train
Hopea/IMG_6322.JPG,Hopea,25,group_2813,1,test
Hopea/IMG_6323.JPG,Hopea,25,group_2814,1,test
Hopea/IMG_6324.JPG,Hopea,25,group_2815,1,train
Hopea/IMG_6325.JPG,Hopea,25,group_2816,1,train
Hopea/IMG_6327.JPG,Hopea,25,group_2817,1,train
Hopea/IMG_6328.JPG,Hopea,25,group_2818,1,train
Hopea/IMG_6329.JPG,Hopea,25,group_2819,1,train
Hopea/IMG_6330.JPG,Hopea,25,group_2820,1,validation
Hopea/IMG_6331.JPG,Hopea,25,group_2821,1,validation
Hopea/IMG_6332.JPG,Hopea,25,group_2822,1,train
Hopea/IMG_6333.JPG,Hopea,25,group_2823,1,test
Hopea/IMG_6334.JPG,Hopea,25,group_2824,1,train
Hopea/IMG_6335.JPG,Hopea,25,group_2825,1,train
Hopea/IMG_6336.JPG,Hopea,25,group_2826,1,test
Hopea/IMG_6337.JPG,Hopea,25,group_2827,1,train
Hopea/IMG_6338.JPG,Hopea,25,group_2828,1,train
Hopea/IMG_6339.JPG,Hopea,25,group_2829,1,train
Hopea/IMG_6340.JPG,Hopea,25,group_2830,1,train
Hopea/IMG_6341.JPG,Hopea,25,group_2831,1,train
Hopea/IMG_6342.JPG,Hopea,25,group_2832,1,train
Hopea/IMG_6343.JPG,Hopea,25,group_2833,1,train
Hopea/IMG_6344.JPG,Hopea,25,group_2834,1,train
Hopea/IMG_6345.JPG,Hopea,25,group_2835,1,train
Hopea/IMG_6346.JPG,Hopea,25,group_2836,1,train
Hopea/IMG_6347.JPG,Hopea,25,group_2837,1,train
Khaya senegalensis A.Juss/IMG_5287.JPG,Khaya senegalensis A.Juss,27,group_2838,1,test
Khaya senegalensis A.Juss/IMG_5288.JPG,Khaya senegalensis A.Juss,27,group_2839,1,train
Khaya senegalensis A.Juss/IMG_5289.JPG,Khaya senegalensis A.Juss,27,group_2840,1,validation
Khaya senegalensis A.Juss/IMG_5290.JPG,Khaya senegalensis A.Juss,27,group_2841,1,train
Khaya senegalensis A.Juss/IMG_5291.JPG,Khaya senegalensis A.Juss,27,group_2842,1,test
Khaya senegalensis A.Juss/IMG_5292.JPG,Khaya senegalensis A.Juss,27,group_2843,1,train
Khaya senegalensis A.Juss/IMG_5293.JPG,Khaya senegalensis A.Juss,27,group_2844,1,validation
Khaya senegalensis A.Juss/IMG_5294.JPG,Khaya senegalensis A.Juss,27,group_2845,1,train
Khaya senegalensis A.Juss/IMG_5295.JPG,Khaya senegalensis A.Juss,27,group_2846,1,train
Khaya senegalensis A.Juss/IMG_5296.JPG,Khaya senegalensis A.Juss,27,group_2847,1,train
Khaya senegalensis A.Juss/IMG_5297.JPG,Khaya senegalensis A.Juss,27,group_2848,1,train
Khaya senegalensis A.Juss/IMG_5298.JPG,Khaya senegalensis A.Juss,27,group_2849,1,train
Khaya senegalensis A.Juss/IMG_5299.JPG,Khaya senegalensis A.Juss,27,group_2850,1,test
Khaya senegalensis A.Juss/IMG_5300.JPG,Khaya senegalensis A.Juss,27,group_2851,1,train
Khaya senegalensis A.Juss/IMG_5301.JPG,Khaya senegalensis A.Juss,27,group_2852,1,validation
Khaya senegalensis A.Juss/IMG_5302.JPG,Khaya senegalensis A.Juss,27,group_2853,1,train
Khaya senegalensis A.Juss/IMG_5303.JPG,Khaya senegalensis A.Juss,27,group_2854,1,train
Khaya senegalensis A.Juss/IMG_5304.JPG,Khaya senegalensis A.Juss,27,group_2855,1,train
Khaya senegalensis A.Juss/IMG_5305.JPG,Khaya senegalensis A.Juss,27,group_2856,1,train
Khaya senegalensis A.Juss/IMG_5306.JPG,Khaya senegalensis A.Juss,27,group_2857,1,train
Khaya senegalensis A.Juss/IMG_5307.JPG,Khaya senegalensis A.Juss,27,group_2858,1,train
Khaya senegalensis A.Juss/IMG_5308.JPG,Khaya senegalensis A.Juss,27,group_2859,1,test
Khaya senegalensis A.Juss/IMG_5309.JPG,Khaya senegalensis A.Juss,27,group_2860,1,test
Khaya senegalensis A.Juss/IMG_5310.JPG,Khaya senegalensis A.Juss,27,group_2861,1,validation
Khaya senegalensis A.Juss/IMG_5311.JPG,Khaya senegalensis A.Juss,27,group_2862,1,validation
Khaya senegalensis A.Juss/IMG_5312.JPG,Khaya senegalensis A.Juss,27,group_2863,1,test
Khaya senegalensis A.Juss/IMG_5313.JPG,Khaya senegalensis A.Juss,27,group_2864,1,train
Khaya senegalensis A.Juss/IMG_5314.JPG,Khaya senegalensis A.Juss,27,group_2865,1,train
Khaya senegalensis A.Juss/IMG_5315.JPG,Khaya senegalensis A.Juss,27,group_2866,1,train
Khaya senegalensis A.Juss/IMG_5316.JPG,Khaya senegalensis A.Juss,27,group_2867,1,train
Khaya senegalensis A.Juss/IMG_5317.JPG,Khaya senegalensis A.Juss,27,group_2868,1,train
Khaya senegalensis A.Juss/IMG_5318.JPG,Khaya senegalensis A.Juss,27,group_2869,1,train
Khaya senegalensis A.Juss/IMG_5319.JPG,Khaya senegalensis A.Juss,27,group_2870,1,train
Khaya senegalensis A.Juss/IMG_5320.JPG,Khaya senegalensis A.Juss,27,group_2871,1,validation
Khaya senegalensis A.Juss/IMG_5321.JPG,Khaya senegalensis A.Juss,27,group_2872,1,validation
Khaya senegalensis A.Juss/IMG_5322.JPG,Khaya senegalensis A.Juss,27,group_2873,1,train
Khaya senegalensis A.Juss/IMG_5323.JPG,Khaya senegalensis A.Juss,27,group_2874,1,test
Khaya senegalensis A.Juss/IMG_5324.JPG,Khaya senegalensis A.Juss,27,group_2875,1,train
Khaya senegalensis A.Juss/IMG_5325.JPG,Khaya senegalensis A.Juss,27,group_2876,1,train
Khaya senegalensis A.Juss/IMG_5326.JPG,Khaya senegalensis A.Juss,27,group_2877,1,train
Khaya senegalensis A.Juss/IMG_5327.JPG,Khaya senegalensis A.Juss,27,group_2878,1,train
Khaya senegalensis A.Juss/IMG_5328.JPG,Khaya senegalensis A.Juss,27,group_2879,1,train
Khaya senegalensis A.Juss/IMG_5329.JPG,Khaya senegalensis A.Juss,27,group_2880,1,train
Khaya senegalensis A.Juss/IMG_5330.JPG,Khaya senegalensis A.Juss,27,group_2881,1,validation
Khaya senegalensis A.Juss/IMG_5331.JPG,Khaya senegalensis A.Juss,27,group_2882,1,train
Khaya senegalensis A.Juss/IMG_5332.JPG,Khaya senegalensis A.Juss,27,group_2883,1,test
Khaya senegalensis A.Juss/IMG_5333.JPG,Khaya senegalensis A.Juss,27,group_2884,1,train
Khaya senegalensis A.Juss/IMG_5334.JPG,Khaya senegalensis A.Juss,27,group_2885,1,train
Khaya senegalensis A.Juss/IMG_5335.JPG,Khaya senegalensis A.Juss,27,group_2886,1,validation
Khaya senegalensis A.Juss/IMG_5336.JPG,Khaya senegalensis A.Juss,27,group_2887,1,train
Khaya senegalensis A.Juss/IMG_5337.JPG,Khaya senegalensis A.Juss,27,group_2888,1,train
Khaya senegalensis A.Juss/IMG_5338.JPG,Khaya senegalensis A.Juss,27,group_2889,1,validation
Khaya senegalensis A.Juss/IMG_5339.JPG,Khaya senegalensis A.Juss,27,group_2890,1,train
Khaya senegalensis A.Juss/IMG_5340.JPG,Khaya senegalensis A.Juss,27,group_2891,1,test
Khaya senegalensis A.Juss/IMG_5341.JPG,Khaya senegalensis A.Juss,27,group_2892,1,train
Khaya senegalensis A.Juss/IMG_5342.JPG,Khaya senegalensis A.Juss,27,group_2893,1,train
Khaya senegalensis A.Juss/IMG_5343.JPG,Khaya senegalensis A.Juss,27,group_2894,1,test
Khaya senegalensis A.Juss/IMG_5344.JPG,Khaya senegalensis A.Juss,27,group_2895,1,train
Khaya senegalensis A.Juss/IMG_5345.JPG,Khaya senegalensis A.Juss,27,group_2896,1,train
Khaya senegalensis A.Juss/IMG_5346.JPG,Khaya senegalensis A.Juss,27,group_2897,1,validation
Khaya senegalensis A.Juss/IMG_5347.JPG,Khaya senegalensis A.Juss,27,group_2898,1,train
Khaya senegalensis A.Juss/IMG_5348.JPG,Khaya senegalensis A.Juss,27,group_2899,1,train
Khaya senegalensis A.Juss/IMG_5349.JPG,Khaya senegalensis A.Juss,27,group_2900,1,train
Khaya senegalensis A.Juss/IMG_5350.JPG,Khaya senegalensis A.Juss,27,group_2901,1,train
Khaya senegalensis A.Juss/IMG_5351.JPG,Khaya senegalensis A.Juss,27,group_2902,1,train
Khaya senegalensis A.Juss/IMG_5352.JPG,Khaya senegalensis A.Juss,27,group_2903,1,train
Khaya senegalensis A.Juss/IMG_5353.JPG,Khaya senegalensis A.Juss,27,group_2904,1,test
Khaya senegalensis A.Juss/IMG_5354.JPG,Khaya senegalensis A.Juss,27,group_2905,1,train
Khaya senegalensis A.Juss/IMG_5355.JPG,Khaya senegalensis A.Juss,27,group_2906,1,train
Khaya senegalensis A.Juss/IMG_5356.JPG,Khaya senegalensis A.Juss,27,group_2907,1,train
Khaya senegalensis A.Juss/IMG_5357.JPG,Khaya senegalensis A.Juss,27,group_2908,1,test
Khaya senegalensis A.Juss/IMG_5358.JPG,Khaya senegalensis A.Juss,27,group_2909,1,test
Khaya senegalensis A.Juss/IMG_5359.JPG,Khaya senegalensis A.Juss,27,group_2910,1,train
Khaya senegalensis A.Juss/IMG_5360.JPG,Khaya senegalensis A.Juss,27,group_2911,1,train
Khaya senegalensis A.Juss/IMG_5361.JPG,Khaya senegalensis A.Juss,27,group_2912,1,validation
Khaya senegalensis A.Juss/IMG_5362.JPG,Khaya senegalensis A.Juss,27,group_2913,1,validation
Khaya senegalensis A.Juss/IMG_5363.JPG,Khaya senegalensis A.Juss,27,group_2914,1,train
Khaya senegalensis A.Juss/IMG_5364.JPG,Khaya senegalensis A.Juss,27,group_2915,1,test
Khaya senegalensis A.Juss/IMG_5365.JPG,Khaya senegalensis A.Juss,27,group_2916,1,train
Khaya senegalensis A.Juss/IMG_5366.JPG,Khaya senegalensis A.Juss,27,group_2917,1,train
Khaya senegalensis A.Juss/IMG_5367.JPG,Khaya senegalensis A.Juss,27,group_2918,1,train
Khaya senegalensis A.Juss/IMG_5368.JPG,Khaya senegalensis A.Juss,27,group_2919,1,validation
Khaya senegalensis A.Juss/IMG_5369.JPG,Khaya senegalensis A.Juss,27,group_2920,1,train
Khaya senegalensis A.Juss/IMG_5370.JPG,Khaya senegalensis A.Juss,27,group_2921,1,train
Khaya senegalensis A.Juss/IMG_5371.JPG,Khaya senegalensis A.Juss,27,group_2922,1,test
Khaya senegalensis A.Juss/IMG_5372.JPG,Khaya senegalensis A.Juss,27,group_2923,1,train
Khaya senegalensis A.Juss/IMG_5373.JPG,Khaya senegalensis A.Juss,27,group_2924,1,train
Khaya senegalensis A.Juss/IMG_5374.JPG,Khaya senegalensis A.Juss,27,group_2925,1,train
Khaya senegalensis A.Juss/IMG_5375.JPG,Khaya senegalensis A.Juss,27,group_2926,1,train
Khaya senegalensis A.Juss/IMG_5376.JPG,Khaya senegalensis A.Juss,27,group_2927,1,train
Khaya senegalensis A.Juss/IMG_5377.JPG,Khaya senegalensis A.Juss,27,group_2928,1,train
Khaya senegalensis A.Juss/IMG_5378.JPG,Khaya senegalensis A.Juss,27,group_2929,1,train
Khaya senegalensis A.Juss/IMG_5379.JPG,Khaya senegalensis A.Juss,27,group_2930,1,train
Khaya senegalensis A.Juss/IMG_5380.JPG,Khaya senegalensis A.Juss,27,group_2931,1,train
Khaya senegalensis A.Juss/IMG_5381.JPG,Khaya senegalensis A.Juss,27,group_2932,1,train
Khaya senegalensis A.Juss/IMG_5382.JPG,Khaya senegalensis A.Juss,27,group_2933,1,validation
Khaya senegalensis A.Juss/IMG_5383.JPG,Khaya senegalensis A.Juss,27,group_2934,1,train
Khaya senegalensis A.Juss/IMG_5384.JPG,Khaya senegalensis A.Juss,27,group_2935,1,train
Khaya senegalensis A.Juss/IMG_5385.JPG,Khaya senegalensis A.Juss,27,group_2936,1,train
Khaya senegalensis/IMG_4669.JPG,Khaya senegalensis,26,group_2937,1,train
Khaya senegalensis/IMG_4670.JPG,Khaya senegalensis,26,group_2938,1,train
Khaya senegalensis/IMG_4671.JPG,Khaya senegalensis,26,group_2939,1,train
Khaya senegalensis/IMG_4672.JPG,Khaya senegalensis,26,group_2940,1,train
Khaya senegalensis/IMG_4673.JPG,Khaya senegalensis,26,group_2941,1,train
Khaya senegalensis/IMG_4674.JPG,Khaya senegalensis,26,group_2942,1,train
Khaya senegalensis/IMG_4675.JPG,Khaya senegalensis,26,group_2943,1,train
Khaya senegalensis/IMG_4676.JPG,Khaya senegalensis,26,group_2944,1,test
Khaya senegalensis/IMG_4677.JPG,Khaya senegalensis,26,group_2945,1,train
Khaya senegalensis/IMG_4678.JPG,Khaya senegalensis,26,group_2946,1,test
Khaya senegalensis/IMG_4679.JPG,Khaya senegalensis,26,group_2947,1,train
Khaya senegalensis/IMG_4680.JPG,Khaya senegalensis,26,group_2948,1,test
Khaya senegalensis/IMG_4681.JPG,Khaya senegalensis,26,group_2949,1,train
Khaya senegalensis/IMG_4682.JPG,Khaya senegalensis,26,group_2950,1,train
Khaya senegalensis/IMG_4683.JPG,Khaya senegalensis,26,group_0163,2,test
Khaya senegalensis/IMG_4684.JPG,Khaya senegalensis,26,group_0163,2,test
Khaya senegalensis/IMG_4685.JPG,Khaya senegalensis,26,group_0164,2,train
Khaya senegalensis/IMG_4686.JPG,Khaya senegalensis,26,group_0164,2,train
Khaya senegalensis/IMG_4687.JPG,Khaya senegalensis,26,group_2951,1,train
Khaya senegalensis/IMG_4688.JPG,Khaya senegalensis,26,group_2952,1,test
Khaya senegalensis/IMG_4689.JPG,Khaya senegalensis,26,group_2953,1,train
Khaya senegalensis/IMG_4690.JPG,Khaya senegalensis,26,group_2954,1,train
Khaya senegalensis/IMG_4691.JPG,Khaya senegalensis,26,group_2955,1,train
Khaya senegalensis/IMG_4692.JPG,Khaya senegalensis,26,group_2956,1,train
Khaya senegalensis/IMG_4693.JPG,Khaya senegalensis,26,group_0165,2,train
Khaya senegalensis/IMG_4694.JPG,Khaya senegalensis,26,group_0165,2,train
Khaya senegalensis/IMG_4695.JPG,Khaya senegalensis,26,group_2957,1,train
Khaya senegalensis/IMG_4696.JPG,Khaya senegalensis,26,group_2958,1,train
Khaya senegalensis/IMG_4697.JPG,Khaya senegalensis,26,group_0166,2,train
Khaya senegalensis/IMG_4698.JPG,Khaya senegalensis,26,group_0166,2,train
Khaya senegalensis/IMG_4699.JPG,Khaya senegalensis,26,group_2959,1,test
Khaya senegalensis/IMG_4700.JPG,Khaya senegalensis,26,group_2960,1,train
Khaya senegalensis/IMG_4701.JPG,Khaya senegalensis,26,group_2961,1,test
Khaya senegalensis/IMG_4702.JPG,Khaya senegalensis,26,group_0167,2,train
Khaya senegalensis/IMG_4703.JPG,Khaya senegalensis,26,group_0167,2,train
Khaya senegalensis/IMG_4704.JPG,Khaya senegalensis,26,group_2962,1,train
Khaya senegalensis/IMG_4705.JPG,Khaya senegalensis,26,group_2963,1,train
Khaya senegalensis/IMG_4706.JPG,Khaya senegalensis,26,group_2964,1,train
Khaya senegalensis/IMG_4707.JPG,Khaya senegalensis,26,group_2965,1,train
Khaya senegalensis/IMG_4708.JPG,Khaya senegalensis,26,group_2966,1,train
Khaya senegalensis/IMG_4709.JPG,Khaya senegalensis,26,group_2967,1,train
Khaya senegalensis/IMG_4710.JPG,Khaya senegalensis,26,group_2968,1,train
Khaya senegalensis/IMG_4711.JPG,Khaya senegalensis,26,group_2969,1,validation
Khaya senegalensis/IMG_4712.JPG,Khaya senegalensis,26,group_2970,1,train
Khaya senegalensis/IMG_4713.JPG,Khaya senegalensis,26,group_2971,1,validation
Khaya senegalensis/IMG_4714.JPG,Khaya senegalensis,26,group_2972,1,train
Khaya senegalensis/IMG_4715.JPG,Khaya senegalensis,26,group_2973,1,test
Khaya senegalensis/IMG_4716.JPG,Khaya senegalensis,26,group_2974,1,train
Khaya senegalensis/IMG_4717.JPG,Khaya senegalensis,26,group_0168,2,train
Khaya senegalensis/IMG_4718.JPG,Khaya senegalensis,26,group_0168,2,train
Khaya senegalensis/IMG_4719.JPG,Khaya senegalensis,26,group_2975,1,train
Khaya senegalensis/IMG_4720.JPG,Khaya senegalensis,26,group_2976,1,train
Khaya senegalensis/IMG_4721.JPG,Khaya senegalensis,26,group_2977,1,validation
Khaya senegalensis/IMG_4722.JPG,Khaya senegalensis,26,group_2978,1,train
Khaya senegalensis/IMG_4723.JPG,Khaya senegalensis,26,group_2979,1,validation
Khaya senegalensis/IMG_4724.JPG,Khaya senegalensis,26,group_2980,1,train
Khaya senegalensis/IMG_4725.JPG,Khaya senegalensis,26,group_2981,1,train
Khaya senegalensis/IMG_4744.JPG,Khaya senegalensis,26,group_2982,1,test
Khaya senegalensis/IMG_4745.JPG,Khaya senegalensis,26,group_2983,1,train
Khaya senegalensis/IMG_4746.JPG,Khaya senegalensis,26,group_2984,1,train
Khaya senegalensis/IMG_4747.JPG,Khaya senegalensis,26,group_2985,1,train
Khaya senegalensis/IMG_4748.JPG,Khaya senegalensis,26,group_2986,1,validation
Khaya senegalensis/IMG_4749.JPG,Khaya senegalensis,26,group_2987,1,train
Khaya senegalensis/IMG_4750.JPG,Khaya senegalensis,26,group_2988,1,test
Khaya senegalensis/IMG_4751.JPG,Khaya senegalensis,26,group_2989,1,train
Khaya senegalensis/IMG_4752.JPG,Khaya senegalensis,26,group_2990,1,train
Khaya senegalensis/IMG_4753.JPG,Khaya senegalensis,26,group_2991,1,test
Khaya senegalensis/IMG_4754.JPG,Khaya senegalensis,26,group_2992,1,validation
Khaya senegalensis/IMG_4755.JPG,Khaya senegalensis,26,group_2993,1,train
Khaya senegalensis/IMG_4756.JPG,Khaya senegalensis,26,group_2994,1,validation
Khaya senegalensis/IMG_4757.JPG,Khaya senegalensis,26,group_2995,1,train
Khaya senegalensis/IMG_4758.JPG,Khaya senegalensis,26,group_2996,1,validation
Khaya senegalensis/IMG_4759.JPG,Khaya senegalensis,26,group_2997,1,train
Khaya senegalensis/IMG_4760.JPG,Khaya senegalensis,26,group_2998,1,train
Khaya senegalensis/IMG_4761.JPG,Khaya senegalensis,26,group_2999,1,test
Khaya senegalensis/IMG_4762.JPG,Khaya senegalensis,26,group_3000,1,train
Khaya senegalensis/IMG_4763.JPG,Khaya senegalensis,26,group_3001,1,train
Khaya senegalensis/IMG_4764.JPG,Khaya senegalensis,26,group_3002,1,validation
Khaya senegalensis/IMG_4765.JPG,Khaya senegalensis,26,group_3003,1,train
Khaya senegalensis/IMG_4766.JPG,Khaya senegalensis,26,group_3004,1,train
Khaya senegalensis/IMG_4767.JPG,Khaya senegalensis,26,group_3005,1,train
Khaya senegalensis/IMG_4768.JPG,Khaya senegalensis,26,group_3006,1,train
Khaya senegalensis/IMG_4769.JPG,Khaya senegalensis,26,group_3007,1,validation
Khaya senegalensis/IMG_4770.JPG,Khaya senegalensis,26,group_3008,1,train
Khaya senegalensis/IMG_4771.JPG,Khaya senegalensis,26,group_3009,1,test
Khaya senegalensis/IMG_4772.JPG,Khaya senegalensis,26,group_0019,5,train
Khaya senegalensis/IMG_4773.JPG,Khaya senegalensis,26,group_0019,5,train
Khaya senegalensis/IMG_4774.JPG,Khaya senegalensis,26,group_0019,5,train
Khaya senegalensis/IMG_4775.JPG,Khaya senegalensis,26,group_0019,5,train
Khaya senegalensis/IMG_4776.JPG,Khaya senegalensis,26,group_0019,5,train
Khaya senegalensis/IMG_4777.JPG,Khaya senegalensis,26,group_0033,4,validation
Khaya senegalensis/IMG_4778.JPG,Khaya senegalensis,26,group_0033,4,validation
Khaya senegalensis/IMG_4779.JPG,Khaya senegalensis,26,group_0033,4,validation
Khaya senegalensis/IMG_4780.JPG,Khaya senegalensis,26,group_0033,4,validation
Khaya senegalensis/IMG_4781.JPG,Khaya senegalensis,26,group_3010,1,train
Lagerstroemia speciosa/IMG_5177.JPG,Lagerstroemia speciosa,28,group_3011,1,train
Lagerstroemia speciosa/IMG_5178.JPG,Lagerstroemia speciosa,28,group_3012,1,test
Lagerstroemia speciosa/IMG_5179.JPG,Lagerstroemia speciosa,28,group_3013,1,train
Lagerstroemia speciosa/IMG_5180.JPG,Lagerstroemia speciosa,28,group_3014,1,train
Lagerstroemia speciosa/IMG_5181.JPG,Lagerstroemia speciosa,28,group_0169,2,train
Lagerstroemia speciosa/IMG_5182.JPG,Lagerstroemia speciosa,28,group_0169,2,train
Lagerstroemia speciosa/IMG_5183.JPG,Lagerstroemia speciosa,28,group_3015,1,train
Lagerstroemia speciosa/IMG_5184.JPG,Lagerstroemia speciosa,28,group_3016,1,train
Lagerstroemia speciosa/IMG_5185.JPG,Lagerstroemia speciosa,28,group_3017,1,validation
Lagerstroemia speciosa/IMG_5186.JPG,Lagerstroemia speciosa,28,group_3018,1,train
Lagerstroemia speciosa/IMG_5187.JPG,Lagerstroemia speciosa,28,group_3019,1,test
Lagerstroemia speciosa/IMG_5188.JPG,Lagerstroemia speciosa,28,group_3020,1,train
Lagerstroemia speciosa/IMG_5189.JPG,Lagerstroemia speciosa,28,group_3021,1,train
Lagerstroemia speciosa/IMG_5190.JPG,Lagerstroemia speciosa,28,group_3022,1,train
Lagerstroemia speciosa/IMG_5191.JPG,Lagerstroemia speciosa,28,group_3023,1,train
Lagerstroemia speciosa/IMG_5192.JPG,Lagerstroemia speciosa,28,group_3024,1,train
Lagerstroemia speciosa/IMG_5193.JPG,Lagerstroemia speciosa,28,group_3025,1,train
Lagerstroemia speciosa/IMG_5194.JPG,Lagerstroemia speciosa,28,group_3026,1,train
Lagerstroemia speciosa/IMG_5195.JPG,Lagerstroemia speciosa,28,group_3027,1,test
Lagerstroemia speciosa/IMG_5196.JPG,Lagerstroemia speciosa,28,group_3028,1,train
Lagerstroemia speciosa/IMG_5197.JPG,Lagerstroemia speciosa,28,group_3029,1,train
Lagerstroemia speciosa/IMG_5198.JPG,Lagerstroemia speciosa,28,group_3030,1,train
Lagerstroemia speciosa/IMG_5199.JPG,Lagerstroemia speciosa,28,group_3031,1,train
Lagerstroemia speciosa/IMG_5200.JPG,Lagerstroemia speciosa,28,group_3032,1,train
Lagerstroemia speciosa/IMG_5201.JPG,Lagerstroemia speciosa,28,group_3033,1,train
Lagerstroemia speciosa/IMG_5202.JPG,Lagerstroemia speciosa,28,group_3034,1,train
Lagerstroemia speciosa/IMG_5203.JPG,Lagerstroemia speciosa,28,group_3035,1,validation
Lagerstroemia speciosa/IMG_5204.JPG,Lagerstroemia speciosa,28,group_3036,1,validation
Lagerstroemia speciosa/IMG_5205.JPG,Lagerstroemia speciosa,28,group_3037,1,train
Lagerstroemia speciosa/IMG_5206.JPG,Lagerstroemia speciosa,28,group_3038,1,test
Lagerstroemia speciosa/IMG_5207.JPG,Lagerstroemia speciosa,28,group_3039,1,validation
Lagerstroemia speciosa/IMG_5208.JPG,Lagerstroemia speciosa,28,group_3040,1,train
Lagerstroemia speciosa/IMG_5209.JPG,Lagerstroemia speciosa,28,group_3041,1,train
Lagerstroemia speciosa/IMG_5210.JPG,Lagerstroemia speciosa,28,group_3042,1,train
Lagerstroemia speciosa/IMG_5211.JPG,Lagerstroemia speciosa,28,group_3043,1,train
Lagerstroemia speciosa/IMG_5212.JPG,Lagerstroemia speciosa,28,group_3044,1,train
Lagerstroemia speciosa/IMG_5213.JPG,Lagerstroemia speciosa,28,group_3045,1,train
Lagerstroemia speciosa/IMG_5214.JPG,Lagerstroemia speciosa,28,group_3046,1,train
Lagerstroemia speciosa/IMG_5215.JPG,Lagerstroemia speciosa,28,group_3047,1,train
Lagerstroemia speciosa/IMG_5216.JPG,Lagerstroemia speciosa,28,group_3048,1,train
Lagerstroemia speciosa/IMG_5217.JPG,Lagerstroemia speciosa,28,group_3049,1,train
Lagerstroemia speciosa/IMG_5218.JPG,Lagerstroemia speciosa,28,group_3050,1,test
Lagerstroemia speciosa/IMG_5219.JPG,Lagerstroemia speciosa,28,group_3051,1,train
Lagerstroemia speciosa/IMG_5220.JPG,Lagerstroemia speciosa,28,group_3052,1,train
Lagerstroemia speciosa/IMG_5221.JPG,Lagerstroemia speciosa,28,group_3053,1,train
Lagerstroemia speciosa/IMG_5222.JPG,Lagerstroemia speciosa,28,group_3054,1,train
Lagerstroemia speciosa/IMG_5223.JPG,Lagerstroemia speciosa,28,group_3055,1,validation
Lagerstroemia speciosa/IMG_5224.JPG,Lagerstroemia speciosa,28,group_3056,1,train
Lagerstroemia speciosa/IMG_5225.JPG,Lagerstroemia speciosa,28,group_3057,1,train
Lagerstroemia speciosa/IMG_5226.JPG,Lagerstroemia speciosa,28,group_3058,1,train
Lagerstroemia speciosa/IMG_5227.JPG,Lagerstroemia speciosa,28,group_3059,1,train
Lagerstroemia speciosa/IMG_5228.JPG,Lagerstroemia speciosa,28,group_3060,1,train
Lagerstroemia speciosa/IMG_5229.JPG,Lagerstroemia speciosa,28,group_3061,1,test
Lagerstroemia speciosa/IMG_5230.JPG,Lagerstroemia speciosa,28,group_3062,1,validation
Lagerstroemia speciosa/IMG_5231.JPG,Lagerstroemia speciosa,28,group_3063,1,train
Lagerstroemia speciosa/IMG_5232.JPG,Lagerstroemia speciosa,28,group_3064,1,train
Lagerstroemia speciosa/IMG_5233.JPG,Lagerstroemia speciosa,28,group_3065,1,train
Lagerstroemia speciosa/IMG_5234.JPG,Lagerstroemia speciosa,28,group_3066,1,train
Lagerstroemia speciosa/IMG_5235.JPG,Lagerstroemia speciosa,28,group_3067,1,train
Lagerstroemia speciosa/IMG_5236.JPG,Lagerstroemia speciosa,28,group_3068,1,train
Lagerstroemia speciosa/IMG_5237.JPG,Lagerstroemia speciosa,28,group_3069,1,train
Lagerstroemia speciosa/IMG_5238.JPG,Lagerstroemia speciosa,28,group_3070,1,validation
Lagerstroemia speciosa/IMG_5239.JPG,Lagerstroemia speciosa,28,group_3071,1,test
Lagerstroemia speciosa/IMG_5240.JPG,Lagerstroemia speciosa,28,group_3072,1,test
Lagerstroemia speciosa/IMG_5241.JPG,Lagerstroemia speciosa,28,group_3073,1,validation
Lagerstroemia speciosa/IMG_5242.JPG,Lagerstroemia speciosa,28,group_3074,1,test
Lagerstroemia speciosa/IMG_5243.JPG,Lagerstroemia speciosa,28,group_3075,1,test
Lagerstroemia speciosa/IMG_5244.JPG,Lagerstroemia speciosa,28,group_3076,1,train
Lagerstroemia speciosa/IMG_5245.JPG,Lagerstroemia speciosa,28,group_3077,1,train
Lagerstroemia speciosa/IMG_5246.JPG,Lagerstroemia speciosa,28,group_3078,1,validation
Lagerstroemia speciosa/IMG_5247.JPG,Lagerstroemia speciosa,28,group_3079,1,train
Lagerstroemia speciosa/IMG_5248.JPG,Lagerstroemia speciosa,28,group_3080,1,train
Lagerstroemia speciosa/IMG_5249.JPG,Lagerstroemia speciosa,28,group_3081,1,train
Lagerstroemia speciosa/IMG_5250.JPG,Lagerstroemia speciosa,28,group_3082,1,train
Lagerstroemia speciosa/IMG_5251.JPG,Lagerstroemia speciosa,28,group_3083,1,validation
Lagerstroemia speciosa/IMG_5252.JPG,Lagerstroemia speciosa,28,group_3084,1,validation
Lagerstroemia speciosa/IMG_5253.JPG,Lagerstroemia speciosa,28,group_3085,1,train
Lagerstroemia speciosa/IMG_5254.JPG,Lagerstroemia speciosa,28,group_3086,1,validation
Lagerstroemia speciosa/IMG_5255.JPG,Lagerstroemia speciosa,28,group_3087,1,train
Lagerstroemia speciosa/IMG_5256.JPG,Lagerstroemia speciosa,28,group_3088,1,train
Lagerstroemia speciosa/IMG_5257.JPG,Lagerstroemia speciosa,28,group_3089,1,train
Lagerstroemia speciosa/IMG_5258.JPG,Lagerstroemia speciosa,28,group_3090,1,validation
Lagerstroemia speciosa/IMG_5259.JPG,Lagerstroemia speciosa,28,group_3091,1,test
Lagerstroemia speciosa/IMG_5260.JPG,Lagerstroemia speciosa,28,group_3092,1,train
Lagerstroemia speciosa/IMG_5261.JPG,Lagerstroemia speciosa,28,group_3093,1,train
Lagerstroemia speciosa/IMG_5262.JPG,Lagerstroemia speciosa,28,group_3094,1,train
Lagerstroemia speciosa/IMG_5263.JPG,Lagerstroemia speciosa,28,group_3095,1,train
Lagerstroemia speciosa/IMG_5264.JPG,Lagerstroemia speciosa,28,group_3096,1,train
Lagerstroemia speciosa/IMG_5265.JPG,Lagerstroemia speciosa,28,group_3097,1,validation
Lagerstroemia speciosa/IMG_5266.JPG,Lagerstroemia speciosa,28,group_3098,1,test
Lagerstroemia speciosa/IMG_5267.JPG,Lagerstroemia speciosa,28,group_3099,1,test
Lagerstroemia speciosa/IMG_5268.JPG,Lagerstroemia speciosa,28,group_3100,1,test
Lagerstroemia speciosa/IMG_5269.JPG,Lagerstroemia speciosa,28,group_3101,1,train
Lagerstroemia speciosa/IMG_5270.JPG,Lagerstroemia speciosa,28,group_3102,1,train
Lagerstroemia speciosa/IMG_5271.JPG,Lagerstroemia speciosa,28,group_3103,1,train
Lagerstroemia speciosa/IMG_5272.JPG,Lagerstroemia speciosa,28,group_3104,1,validation
Magnolia alba/IMG_5584.JPG,Magnolia alba,29,group_3105,1,train
Magnolia alba/IMG_5585.JPG,Magnolia alba,29,group_3106,1,train
Magnolia alba/IMG_5586.JPG,Magnolia alba,29,group_3107,1,train
Magnolia alba/IMG_5587.JPG,Magnolia alba,29,group_3108,1,train
Magnolia alba/IMG_5588.JPG,Magnolia alba,29,group_3109,1,train
Magnolia alba/IMG_5589.JPG,Magnolia alba,29,group_3110,1,train
Magnolia alba/IMG_5590.JPG,Magnolia alba,29,group_3111,1,train
Magnolia alba/IMG_5591.JPG,Magnolia alba,29,group_3112,1,train
Magnolia alba/IMG_5592.JPG,Magnolia alba,29,group_3113,1,train
Magnolia alba/IMG_5593.JPG,Magnolia alba,29,group_3114,1,validation
Magnolia alba/IMG_5594.JPG,Magnolia alba,29,group_3115,1,train
Magnolia alba/IMG_5595.JPG,Magnolia alba,29,group_3116,1,train
Magnolia alba/IMG_5596.JPG,Magnolia alba,29,group_3117,1,validation
Magnolia alba/IMG_5597.JPG,Magnolia alba,29,group_3118,1,validation
Magnolia alba/IMG_5598.JPG,Magnolia alba,29,group_3119,1,test
Magnolia alba/IMG_5599.JPG,Magnolia alba,29,group_3120,1,train
Magnolia alba/IMG_5600.JPG,Magnolia alba,29,group_3121,1,train
Magnolia alba/IMG_5601.JPG,Magnolia alba,29,group_3122,1,validation
Magnolia alba/IMG_5602.JPG,Magnolia alba,29,group_3123,1,train
Magnolia alba/IMG_5603.JPG,Magnolia alba,29,group_3124,1,test
Magnolia alba/IMG_5604.JPG,Magnolia alba,29,group_3125,1,train
Magnolia alba/IMG_5605.JPG,Magnolia alba,29,group_3126,1,train
Magnolia alba/IMG_5606.JPG,Magnolia alba,29,group_3127,1,train
Magnolia alba/IMG_5607.JPG,Magnolia alba,29,group_3128,1,validation
Magnolia alba/IMG_5608.JPG,Magnolia alba,29,group_3129,1,train
Magnolia alba/IMG_5609.JPG,Magnolia alba,29,group_3130,1,train
Magnolia alba/IMG_5610.JPG,Magnolia alba,29,group_3131,1,train
Magnolia alba/IMG_5611.JPG,Magnolia alba,29,group_3132,1,train
Magnolia alba/IMG_5612.JPG,Magnolia alba,29,group_3133,1,train
Magnolia alba/IMG_5613.JPG,Magnolia alba,29,group_3134,1,train
Magnolia alba/IMG_5614.JPG,Magnolia alba,29,group_3135,1,train
Magnolia alba/IMG_5615.JPG,Magnolia alba,29,group_3136,1,train
Magnolia alba/IMG_5616.JPG,Magnolia alba,29,group_3137,1,train
Magnolia alba/IMG_5617.JPG,Magnolia alba,29,group_3138,1,train
Magnolia alba/IMG_5618.JPG,Magnolia alba,29,group_3139,1,validation
Magnolia alba/IMG_5619.JPG,Magnolia alba,29,group_3140,1,train
Magnolia alba/IMG_5620.JPG,Magnolia alba,29,group_3141,1,train
Magnolia alba/IMG_5621.JPG,Magnolia alba,29,group_3142,1,validation
Magnolia alba/IMG_5622.JPG,Magnolia alba,29,group_3143,1,test
Magnolia alba/IMG_5623.JPG,Magnolia alba,29,group_3144,1,train
Magnolia alba/IMG_5624.JPG,Magnolia alba,29,group_3145,1,validation
Magnolia alba/IMG_5625.JPG,Magnolia alba,29,group_3146,1,train
Magnolia alba/IMG_5626.JPG,Magnolia alba,29,group_3147,1,train
Magnolia alba/IMG_5627.JPG,Magnolia alba,29,group_3148,1,train
Magnolia alba/IMG_5628.JPG,Magnolia alba,29,group_3149,1,train
Magnolia alba/IMG_5629.JPG,Magnolia alba,29,group_3150,1,train
Magnolia alba/IMG_5630.JPG,Magnolia alba,29,group_3151,1,train
Magnolia alba/IMG_5631.JPG,Magnolia alba,29,group_3152,1,train
Magnolia alba/IMG_5632.JPG,Magnolia alba,29,group_3153,1,test
Magnolia alba/IMG_5633.JPG,Magnolia alba,29,group_3154,1,train
Magnolia alba/IMG_5634.JPG,Magnolia alba,29,group_3155,1,train
Magnolia alba/IMG_5635.JPG,Magnolia alba,29,group_3156,1,train
Magnolia alba/IMG_5636.JPG,Magnolia alba,29,group_3157,1,train
Magnolia alba/IMG_5637.JPG,Magnolia alba,29,group_3158,1,train
Magnolia alba/IMG_5638.JPG,Magnolia alba,29,group_3159,1,train
Magnolia alba/IMG_5639.JPG,Magnolia alba,29,group_3160,1,train
Magnolia alba/IMG_5640.JPG,Magnolia alba,29,group_3161,1,train
Magnolia alba/IMG_5641.JPG,Magnolia alba,29,group_3162,1,test
Magnolia alba/IMG_5642.JPG,Magnolia alba,29,group_3163,1,train
Magnolia alba/IMG_5643.JPG,Magnolia alba,29,group_3164,1,train
Magnolia alba/IMG_5644.JPG,Magnolia alba,29,group_3165,1,test
Magnolia alba/IMG_5645.JPG,Magnolia alba,29,group_3166,1,train
Magnolia alba/IMG_5646.JPG,Magnolia alba,29,group_3167,1,test
Magnolia alba/IMG_5647.JPG,Magnolia alba,29,group_3168,1,test
Magnolia alba/IMG_5648.JPG,Magnolia alba,29,group_3169,1,train
Magnolia alba/IMG_5649.JPG,Magnolia alba,29,group_3170,1,test
Magnolia alba/IMG_5650.JPG,Magnolia alba,29,group_3171,1,train
Magnolia alba/IMG_5651.JPG,Magnolia alba,29,group_3172,1,train
Magnolia alba/IMG_5652.JPG,Magnolia alba,29,group_3173,1,train
Magnolia alba/IMG_5653.JPG,Magnolia alba,29,group_3174,1,validation
Magnolia alba/IMG_5654.JPG,Magnolia alba,29,group_3175,1,test
Magnolia alba/IMG_5655.JPG,Magnolia alba,29,group_3176,1,train
Magnolia alba/IMG_5656.JPG,Magnolia alba,29,group_3177,1,test
Magnolia alba/IMG_5657.JPG,Magnolia alba,29,group_3178,1,test
Magnolia alba/IMG_5658.JPG,Magnolia alba,29,group_3179,1,validation
Magnolia alba/IMG_5659.JPG,Magnolia alba,29,group_3180,1,train
Magnolia alba/IMG_5660.JPG,Magnolia alba,29,group_3181,1,train
Magnolia alba/IMG_5661.JPG,Magnolia alba,29,group_3182,1,train
Magnolia alba/IMG_5662.JPG,Magnolia alba,29,group_3183,1,validation
Magnolia alba/IMG_5663.JPG,Magnolia alba,29,group_3184,1,train
Magnolia alba/IMG_5664.JPG,Magnolia alba,29,group_3185,1,validation
Magnolia alba/IMG_5665.JPG,Magnolia alba,29,group_3186,1,train
Magnolia alba/IMG_5666.JPG,Magnolia alba,29,group_3187,1,train
Magnolia alba/IMG_5667.JPG,Magnolia alba,29,group_3188,1,validation
Magnolia alba/IMG_5668.JPG,Magnolia alba,29,group_3189,1,train
Magnolia alba/IMG_5669.JPG,Magnolia alba,29,group_3190,1,train
Magnolia alba/IMG_5670.JPG,Magnolia alba,29,group_3191,1,train
Magnolia alba/IMG_5671.JPG,Magnolia alba,29,group_3192,1,test
Magnolia alba/IMG_5672.JPG,Magnolia alba,29,group_3193,1,train
Magnolia alba/IMG_5673.JPG,Magnolia alba,29,group_3194,1,validation
Magnolia alba/IMG_5674.JPG,Magnolia alba,29,group_3195,1,test
Magnolia alba/IMG_5675.JPG,Magnolia alba,29,group_3196,1,train
Mangifera/IMG_3885.JPG,Mangifera,30,group_3197,1,train
Mangifera/IMG_3886.JPG,Mangifera,30,group_3198,1,test
Mangifera/IMG_3887.JPG,Mangifera,30,group_3199,1,test
Mangifera/IMG_3888.JPG,Mangifera,30,group_3200,1,train
Mangifera/IMG_3889.JPG,Mangifera,30,group_3201,1,train
Mangifera/IMG_3890.JPG,Mangifera,30,group_3202,1,validation
Mangifera/IMG_3891.JPG,Mangifera,30,group_3203,1,train
Mangifera/IMG_3892.JPG,Mangifera,30,group_3204,1,train
Mangifera/IMG_3893.JPG,Mangifera,30,group_3205,1,validation
Mangifera/IMG_3894.JPG,Mangifera,30,group_3206,1,test
Mangifera/IMG_3895.JPG,Mangifera,30,group_3207,1,test
Mangifera/IMG_3896.JPG,Mangifera,30,group_3208,1,train
Mangifera/IMG_3897.JPG,Mangifera,30,group_3209,1,test
Mangifera/IMG_3898.JPG,Mangifera,30,group_3210,1,validation
Mangifera/IMG_3899.JPG,Mangifera,30,group_3211,1,train
Mangifera/IMG_3900.JPG,Mangifera,30,group_3212,1,train
Mangifera/IMG_3901.JPG,Mangifera,30,group_3213,1,train
Mangifera/IMG_3902.JPG,Mangifera,30,group_3214,1,validation
Mangifera/IMG_3903.JPG,Mangifera,30,group_3215,1,test
Mangifera/IMG_3904.JPG,Mangifera,30,group_3216,1,train
Mangifera/IMG_3905.JPG,Mangifera,30,group_3217,1,train
Mangifera/IMG_3906.JPG,Mangifera,30,group_3218,1,test
Mangifera/IMG_3907.JPG,Mangifera,30,group_3219,1,validation
Mangifera/IMG_3908.JPG,Mangifera,30,group_3220,1,train
Mangifera/IMG_3909.JPG,Mangifera,30,group_3221,1,train
Mangifera/IMG_3910.JPG,Mangifera,30,group_3222,1,train
Mangifera/IMG_3911.JPG,Mangifera,30,group_3223,1,validation
Mangifera/IMG_3912.JPG,Mangifera,30,group_3224,1,train
Mangifera/IMG_3913.JPG,Mangifera,30,group_3225,1,train
Mangifera/IMG_3914.JPG,Mangifera,30,group_3226,1,train
Mangifera/IMG_3915.JPG,Mangifera,30,group_3227,1,test
Mangifera/IMG_3916.JPG,Mangifera,30,group_3228,1,train
Mangifera/IMG_3917.JPG,Mangifera,30,group_3229,1,train
Mangifera/IMG_3918.JPG,Mangifera,30,group_3230,1,train
Mangifera/IMG_3919.JPG,Mangifera,30,group_3231,1,train
Mangifera/IMG_3920.JPG,Mangifera,30,group_3232,1,train
Mangifera/IMG_3921.JPG,Mangifera,30,group_3233,1,train
Mangifera/IMG_3922.JPG,Mangifera,30,group_3234,1,test
Mangifera/IMG_3923.JPG,Mangifera,30,group_3235,1,train
Mangifera/IMG_3924.JPG,Mangifera,30,group_3236,1,validation
Mangifera/IMG_3925.JPG,Mangifera,30,group_3237,1,train
Mangifera/IMG_3926.JPG,Mangifera,30,group_3238,1,train
Mangifera/IMG_3927.JPG,Mangifera,30,group_3239,1,train
Mangifera/IMG_3928.JPG,Mangifera,30,group_3240,1,test
Mangifera/IMG_3929.JPG,Mangifera,30,group_3241,1,train
Mangifera/IMG_3930.JPG,Mangifera,30,group_3242,1,train
Mangifera/IMG_3931.JPG,Mangifera,30,group_3243,1,train
Mangifera/IMG_3932.JPG,Mangifera,30,group_3244,1,train
Mangifera/IMG_3933.JPG,Mangifera,30,group_3245,1,test
Mangifera/IMG_3934.JPG,Mangifera,30,group_3246,1,train
Mangifera/IMG_3935.JPG,Mangifera,30,group_3247,1,train
Mangifera/IMG_3936.JPG,Mangifera,30,group_3248,1,test
Mangifera/IMG_3937.JPG,Mangifera,30,group_3249,1,train
Mangifera/IMG_3938.JPG,Mangifera,30,group_3250,1,train
Mangifera/IMG_3939.JPG,Mangifera,30,group_3251,1,train
Mangifera/IMG_3940.JPG,Mangifera,30,group_3252,1,train
Mangifera/IMG_3941.JPG,Mangifera,30,group_3253,1,train
Mangifera/IMG_3942.JPG,Mangifera,30,group_3254,1,test
Mangifera/IMG_3943.JPG,Mangifera,30,group_3255,1,train
Mangifera/IMG_3944.JPG,Mangifera,30,group_3256,1,validation
Mangifera/IMG_3945.JPG,Mangifera,30,group_3257,1,train
Mangifera/IMG_3946.JPG,Mangifera,30,group_3258,1,train
Mangifera/IMG_3947.JPG,Mangifera,30,group_3259,1,train
Mangifera/IMG_3948.JPG,Mangifera,30,group_3260,1,train
Mangifera/IMG_3949.JPG,Mangifera,30,group_3261,1,train
Mangifera/IMG_3950.JPG,Mangifera,30,group_3262,1,train
Mangifera/IMG_3951.JPG,Mangifera,30,group_3263,1,train
Mangifera/IMG_3952.JPG,Mangifera,30,group_3264,1,train
Mangifera/IMG_3953.JPG,Mangifera,30,group_3265,1,validation
Mangifera/IMG_3954.JPG,Mangifera,30,group_3266,1,train
Mangifera/IMG_3955.JPG,Mangifera,30,group_3267,1,validation
Mangifera/IMG_3956.JPG,Mangifera,30,group_3268,1,train
Mangifera/IMG_3957.JPG,Mangifera,30,group_3269,1,validation
Mangifera/IMG_3958.JPG,Mangifera,30,group_3270,1,validation
Mangifera/IMG_3959.JPG,Mangifera,30,group_3271,1,train
Mangifera/IMG_3960.JPG,Mangifera,30,group_3272,1,train
Mangifera/IMG_3961.JPG,Mangifera,30,group_3273,1,train
Mangifera/IMG_3962.JPG,Mangifera,30,group_3274,1,train
Mangifera/IMG_3963.JPG,Mangifera,30,group_3275,1,train
Mangifera/IMG_3964.JPG,Mangifera,30,group_3276,1,train
Mangifera/IMG_3965.JPG,Mangifera,30,group_3277,1,validation
Mangifera/IMG_3966.JPG,Mangifera,30,group_3278,1,validation
Mangifera/IMG_3967.JPG,Mangifera,30,group_3279,1,train
Mangifera/IMG_3968.JPG,Mangifera,30,group_3280,1,train
Mangifera/IMG_3969.JPG,Mangifera,30,group_3281,1,train
Mangifera/IMG_3970.JPG,Mangifera,30,group_3282,1,train
Mangifera/IMG_3971.JPG,Mangifera,30,group_3283,1,train
Mangifera/IMG_3972.JPG,Mangifera,30,group_3284,1,train
Mangifera/IMG_3973.JPG,Mangifera,30,group_3285,1,train
Mangifera/IMG_3974.JPG,Mangifera,30,group_3286,1,test
Mangifera/IMG_3975.JPG,Mangifera,30,group_3287,1,train
Mangifera/IMG_3976.JPG,Mangifera,30,group_3288,1,train
Melaleuca/IMG_4146.JPG,Melaleuca,31,group_3289,1,validation
Melaleuca/IMG_4147.JPG,Melaleuca,31,group_3290,1,train
Melaleuca/IMG_4148.JPG,Melaleuca,31,group_3291,1,validation
Melaleuca/IMG_4149.JPG,Melaleuca,31,group_3292,1,train
Melaleuca/IMG_4150.JPG,Melaleuca,31,group_3293,1,train
Melaleuca/IMG_4151.JPG,Melaleuca,31,group_3294,1,train
Melaleuca/IMG_4152.JPG,Melaleuca,31,group_3295,1,train
Melaleuca/IMG_4153.JPG,Melaleuca,31,group_3296,1,train
Melaleuca/IMG_4154.JPG,Melaleuca,31,group_3297,1,train
Melaleuca/IMG_4155.JPG,Melaleuca,31,group_3298,1,validation
Melaleuca/IMG_4156.JPG,Melaleuca,31,group_3299,1,train
Melaleuca/IMG_4157.JPG,Melaleuca,31,group_3300,1,train
Melaleuca/IMG_4158.JPG,Melaleuca,31,group_3301,1,train
Melaleuca/IMG_4159.JPG,Melaleuca,31,group_3302,1,test
Melaleuca/IMG_4160.JPG,Melaleuca,31,group_3303,1,train
Melaleuca/IMG_4161.JPG,Melaleuca,31,group_3304,1,test
Melaleuca/IMG_4162.JPG,Melaleuca,31,group_3305,1,train
Melaleuca/IMG_4163.JPG,Melaleuca,31,group_3306,1,train
Melaleuca/IMG_4164.JPG,Melaleuca,31,group_3307,1,test
Melaleuca/IMG_4165.JPG,Melaleuca,31,group_3308,1,train
Melaleuca/IMG_4166.JPG,Melaleuca,31,group_3309,1,train
Melaleuca/IMG_4167.JPG,Melaleuca,31,group_3310,1,train
Melaleuca/IMG_4168.JPG,Melaleuca,31,group_3311,1,train
Melaleuca/IMG_4169.JPG,Melaleuca,31,group_3312,1,train
Melaleuca/IMG_4170.JPG,Melaleuca,31,group_3313,1,test
Melaleuca/IMG_4171.JPG,Melaleuca,31,group_3314,1,train
Melaleuca/IMG_4172.JPG,Melaleuca,31,group_3315,1,validation
Melaleuca/IMG_4173.JPG,Melaleuca,31,group_3316,1,train
Melaleuca/IMG_4174.JPG,Melaleuca,31,group_3317,1,train
Melaleuca/IMG_4175.JPG,Melaleuca,31,group_3318,1,validation
Melaleuca/IMG_4176.JPG,Melaleuca,31,group_3319,1,train
Melaleuca/IMG_4177.JPG,Melaleuca,31,group_3320,1,train
Melaleuca/IMG_4178.JPG,Melaleuca,31,group_3321,1,test
Melaleuca/IMG_4179.JPG,Melaleuca,31,group_3322,1,train
Melaleuca/IMG_4180.JPG,Melaleuca,31,group_3323,1,train
Melaleuca/IMG_4181.JPG,Melaleuca,31,group_3324,1,test
Melaleuca/IMG_4182.JPG,Melaleuca,31,group_3325,1,train
Melaleuca/IMG_4183.JPG,Melaleuca,31,group_3326,1,train
Melaleuca/IMG_4184.JPG,Melaleuca,31,group_3327,1,train
Melaleuca/IMG_4185.JPG,Melaleuca,31,group_3328,1,validation
Melaleuca/IMG_4186.JPG,Melaleuca,31,group_3329,1,train
Melaleuca/IMG_4187.JPG,Melaleuca,31,group_3330,1,test
Melaleuca/IMG_4188.JPG,Melaleuca,31,group_3331,1,validation
Melaleuca/IMG_4189.JPG,Melaleuca,31,group_3332,1,test
Melaleuca/IMG_4190.JPG,Melaleuca,31,group_3333,1,validation
Melaleuca/IMG_4191.JPG,Melaleuca,31,group_3334,1,train
Melaleuca/IMG_4192.JPG,Melaleuca,31,group_3335,1,train
Melaleuca/IMG_4193.JPG,Melaleuca,31,group_3336,1,train
Melaleuca/IMG_4194.JPG,Melaleuca,31,group_3337,1,train
Melaleuca/IMG_4195.JPG,Melaleuca,31,group_3338,1,train
Melaleuca/IMG_4196.JPG,Melaleuca,31,group_3339,1,train
Melaleuca/IMG_4197.JPG,Melaleuca,31,group_3340,1,test
Melaleuca/IMG_4198.JPG,Melaleuca,31,group_3341,1,train
Melaleuca/IMG_4199.JPG,Melaleuca,31,group_3342,1,train
Melaleuca/IMG_4200.JPG,Melaleuca,31,group_3343,1,train
Melaleuca/IMG_4201.JPG,Melaleuca,31,group_3344,1,train
Melaleuca/IMG_4202.JPG,Melaleuca,31,group_3345,1,validation
Melaleuca/IMG_4203.JPG,Melaleuca,31,group_3346,1,train
Melaleuca/IMG_4204.JPG,Melaleuca,31,group_3347,1,train
Melaleuca/IMG_4205.JPG,Melaleuca,31,group_3348,1,validation
Melaleuca/IMG_4206.JPG,Melaleuca,31,group_3349,1,validation
Melaleuca/IMG_4207.JPG,Melaleuca,31,group_3350,1,train
Melaleuca/IMG_4208.JPG,Melaleuca,31,group_3351,1,test
Melaleuca/IMG_4209.JPG,Melaleuca,31,group_3352,1,train
Melaleuca/IMG_4210.JPG,Melaleuca,31,group_3353,1,test
Melaleuca/IMG_4211.JPG,Melaleuca,31,group_3354,1,train
Melaleuca/IMG_4212.JPG,Melaleuca,31,group_3355,1,test
Melaleuca/IMG_4213.JPG,Melaleuca,31,group_3356,1,train
Melaleuca/IMG_4214.JPG,Melaleuca,31,group_3357,1,validation
Melaleuca/IMG_4215.JPG,Melaleuca,31,group_3358,1,train
Melaleuca/IMG_4216.JPG,Melaleuca,31,group_3359,1,train
Melaleuca/IMG_4217.JPG,Melaleuca,31,group_3360,1,train
Melaleuca/IMG_4218.JPG,Melaleuca,31,group_3361,1,train
Melaleuca/IMG_4219.JPG,Melaleuca,31,group_3362,1,train
Melaleuca/IMG_4220.JPG,Melaleuca,31,group_3363,1,test
Melaleuca/IMG_4221.JPG,Melaleuca,31,group_3364,1,train
Melaleuca/IMG_4222.JPG,Melaleuca,31,group_3365,1,test
Melaleuca/IMG_4223.JPG,Melaleuca,31,group_3366,1,train
Melaleuca/IMG_4224.JPG,Melaleuca,31,group_3367,1,train
Melaleuca/IMG_4225.JPG,Melaleuca,31,group_3368,1,validation
Melaleuca/IMG_4226.JPG,Melaleuca,31,group_3369,1,test
Melaleuca/IMG_4227.JPG,Melaleuca,31,group_3370,1,train
Melaleuca/IMG_4228.JPG,Melaleuca,31,group_3371,1,train
Melaleuca/IMG_4229.JPG,Melaleuca,31,group_3372,1,train
Melaleuca/IMG_4230.JPG,Melaleuca,31,group_3373,1,train
Melaleuca/IMG_4231.JPG,Melaleuca,31,group_3374,1,train
Melaleuca/IMG_4232.JPG,Melaleuca,31,group_3375,1,train
Melaleuca/IMG_4233.JPG,Melaleuca,31,group_3376,1,train
Melaleuca/IMG_4234.JPG,Melaleuca,31,group_3377,1,validation
Melaleuca/IMG_4235.JPG,Melaleuca,31,group_3378,1,validation
Melaleuca/IMG_4236.JPG,Melaleuca,31,group_3379,1,train
Melaleuca/IMG_4237.JPG,Melaleuca,31,group_3380,1,train
Melaleuca/IMG_4238.JPG,Melaleuca,31,group_3381,1,train
Melaleuca/IMG_4239.JPG,Melaleuca,31,group_3382,1,train
Melaleuca/IMG_4240.JPG,Melaleuca,31,group_3383,1,train
Melaleuca/IMG_4241.JPG,Melaleuca,31,group_3384,1,train
Melaleuca/IMG_4242.JPG,Melaleuca,31,group_3385,1,train
Melaleuca/IMG_4243.JPG,Melaleuca,31,group_3386,1,validation
Melaleuca/IMG_4244.JPG,Melaleuca,31,group_3387,1,train
Melaleuca/IMG_4245.JPG,Melaleuca,31,group_3388,1,train
Melaleuca/IMG_4246.JPG,Melaleuca,31,group_3389,1,train
Melaleuca/IMG_4247.JPG,Melaleuca,31,group_3390,1,train
Melaleuca/IMG_4248.JPG,Melaleuca,31,group_3391,1,train
Melaleuca/IMG_4249.JPG,Melaleuca,31,group_3392,1,test
Melaleuca/IMG_4250.JPG,Melaleuca,31,group_3393,1,train
Melaleuca/IMG_4251.JPG,Melaleuca,31,group_3394,1,train
Melaleuca/IMG_4252.JPG,Melaleuca,31,group_3395,1,train
Melia azedarach/IMG_3582.JPG,Melia azedarach,32,group_3396,1,train
Melia azedarach/IMG_3583.JPG,Melia azedarach,32,group_3397,1,train
Melia azedarach/IMG_3584.JPG,Melia azedarach,32,group_3398,1,validation
Melia azedarach/IMG_3585.JPG,Melia azedarach,32,group_3399,1,train
Melia azedarach/IMG_3586.JPG,Melia azedarach,32,group_3400,1,test
Melia azedarach/IMG_3587.JPG,Melia azedarach,32,group_3401,1,train
Melia azedarach/IMG_3588.JPG,Melia azedarach,32,group_3402,1,train
Melia azedarach/IMG_3589.JPG,Melia azedarach,32,group_3403,1,train
Melia azedarach/IMG_3590.JPG,Melia azedarach,32,group_3404,1,train
Melia azedarach/IMG_3591.JPG,Melia azedarach,32,group_3405,1,train
Melia azedarach/IMG_3592.JPG,Melia azedarach,32,group_3406,1,train
Melia azedarach/IMG_3593.JPG,Melia azedarach,32,group_3407,1,train
Melia azedarach/IMG_3594.JPG,Melia azedarach,32,group_3408,1,train
Melia azedarach/IMG_3595.JPG,Melia azedarach,32,group_3409,1,train
Melia azedarach/IMG_3596.JPG,Melia azedarach,32,group_3410,1,train
Melia azedarach/IMG_3597.JPG,Melia azedarach,32,group_3411,1,test
Melia azedarach/IMG_3598.JPG,Melia azedarach,32,group_3412,1,test
Melia azedarach/IMG_3599.JPG,Melia azedarach,32,group_3413,1,train
Melia azedarach/IMG_3600.JPG,Melia azedarach,32,group_3414,1,train
Melia azedarach/IMG_3601.JPG,Melia azedarach,32,group_3415,1,train
Melia azedarach/IMG_3602.JPG,Melia azedarach,32,group_3416,1,test
Melia azedarach/IMG_3603.JPG,Melia azedarach,32,group_3417,1,validation
Melia azedarach/IMG_3604.JPG,Melia azedarach,32,group_3418,1,validation
Melia azedarach/IMG_3605.JPG,Melia azedarach,32,group_3419,1,train
Melia azedarach/IMG_3606.JPG,Melia azedarach,32,group_3420,1,train
Melia azedarach/IMG_3607.JPG,Melia azedarach,32,group_3421,1,train
Melia azedarach/IMG_3608.JPG,Melia azedarach,32,group_3422,1,test
Melia azedarach/IMG_3609.JPG,Melia azedarach,32,group_3423,1,train
Melia azedarach/IMG_3610.JPG,Melia azedarach,32,group_3424,1,train
Melia azedarach/IMG_3611.JPG,Melia azedarach,32,group_3425,1,train
Melia azedarach/IMG_3612.JPG,Melia azedarach,32,group_3426,1,validation
Melia azedarach/IMG_3613.JPG,Melia azedarach,32,group_3427,1,train
Melia azedarach/IMG_3614.JPG,Melia azedarach,32,group_3428,1,train
Melia azedarach/IMG_3615.JPG,Melia azedarach,32,group_3429,1,train
Melia azedarach/IMG_3616.JPG,Melia azedarach,32,group_3430,1,validation
Melia azedarach/IMG_3617.JPG,Melia azedarach,32,group_3431,1,test
Melia azedarach/IMG_3618.JPG,Melia azedarach,32,group_3432,1,test
Melia azedarach/IMG_3619.JPG,Melia azedarach,32,group_3433,1,train
Melia azedarach/IMG_3620.JPG,Melia azedarach,32,group_3434,1,train
Melia azedarach/IMG_3621.JPG,Melia azedarach,32,group_3435,1,train
Melia azedarach/IMG_3622.JPG,Melia azedarach,32,group_3436,1,train
Melia azedarach/IMG_3623.JPG,Melia azedarach,32,group_3437,1,train
Melia azedarach/IMG_3624.JPG,Melia azedarach,32,group_3438,1,train
Melia azedarach/IMG_3625.JPG,Melia azedarach,32,group_3439,1,train
Melia azedarach/IMG_3626.JPG,Melia azedarach,32,group_3440,1,test
Melia azedarach/IMG_3627.JPG,Melia azedarach,32,group_3441,1,train
Melia azedarach/IMG_3628.JPG,Melia azedarach,32,group_3442,1,train
Melia azedarach/IMG_3629.JPG,Melia azedarach,32,group_3443,1,validation
Melia azedarach/IMG_3630.JPG,Melia azedarach,32,group_3444,1,validation
Melia azedarach/IMG_3631.JPG,Melia azedarach,32,group_3445,1,train
Melia azedarach/IMG_3632.JPG,Melia azedarach,32,group_3446,1,train
Melia azedarach/IMG_3633.JPG,Melia azedarach,32,group_3447,1,validation
Melia azedarach/IMG_3634.JPG,Melia azedarach,32,group_3448,1,test
Melia azedarach/IMG_3635.JPG,Melia azedarach,32,group_3449,1,train
Melia azedarach/IMG_3636.JPG,Melia azedarach,32,group_3450,1,train
Melia azedarach/IMG_3637.JPG,Melia azedarach,32,group_3451,1,train
Melia azedarach/IMG_3638.JPG,Melia azedarach,32,group_3452,1,test
Melia azedarach/IMG_3639.JPG,Melia azedarach,32,group_3453,1,train
Melia azedarach/IMG_3640.JPG,Melia azedarach,32,group_3454,1,train
Melia azedarach/IMG_3641.JPG,Melia azedarach,32,group_3455,1,train
Melia azedarach/IMG_3642.JPG,Melia azedarach,32,group_3456,1,test
Melia azedarach/IMG_3643.JPG,Melia azedarach,32,group_3457,1,test
Melia azedarach/IMG_3644.JPG,Melia azedarach,32,group_3458,1,train
Melia azedarach/IMG_3645.JPG,Melia azedarach,32,group_3459,1,train
Melia azedarach/IMG_3646.JPG,Melia azedarach,32,group_3460,1,train
Melia azedarach/IMG_3647.JPG,Melia azedarach,32,group_3461,1,train
Melia azedarach/IMG_3648.JPG,Melia azedarach,32,group_3462,1,validation
Melia azedarach/IMG_3649.JPG,Melia azedarach,32,group_3463,1,train
Melia azedarach/IMG_3650.JPG,Melia azedarach,32,group_3464,1,train
Melia azedarach/IMG_3651.JPG,Melia azedarach,32,group_3465,1,train
Melia azedarach/IMG_3652.JPG,Melia azedarach,32,group_3466,1,train
Melia azedarach/IMG_3653.JPG,Melia azedarach,32,group_3467,1,validation
Melia azedarach/IMG_3654.JPG,Melia azedarach,32,group_3468,1,train
Melia azedarach/IMG_3655.JPG,Melia azedarach,32,group_3469,1,test
Melia azedarach/IMG_3656.JPG,Melia azedarach,32,group_3470,1,test
Melia azedarach/IMG_3657.JPG,Melia azedarach,32,group_3471,1,train
Melia azedarach/IMG_3658.JPG,Melia azedarach,32,group_3472,1,train
Melia azedarach/IMG_3659.JPG,Melia azedarach,32,group_3473,1,train
Melia azedarach/IMG_3660.JPG,Melia azedarach,32,group_3474,1,train
Melia azedarach/IMG_3661.JPG,Melia azedarach,32,group_3475,1,validation
Melia azedarach/IMG_3662.JPG,Melia azedarach,32,group_3476,1,train
Melia azedarach/IMG_3663.JPG,Melia azedarach,32,group_3477,1,train
Melia azedarach/IMG_3664.JPG,Melia azedarach,32,group_3478,1,test
Melia azedarach/IMG_3665.JPG,Melia azedarach,32,group_3479,1,train
Melia azedarach/IMG_3666.JPG,Melia azedarach,32,group_3480,1,train
Melia azedarach/IMG_3667.JPG,Melia azedarach,32,group_3481,1,validation
Melia azedarach/IMG_3668.JPG,Melia azedarach,32,group_3482,1,train
Melia azedarach/IMG_3669.JPG,Melia azedarach,32,group_3483,1,train
Melia azedarach/IMG_3670.JPG,Melia azedarach,32,group_3484,1,validation
Melia azedarach/IMG_3671.JPG,Melia azedarach,32,group_3485,1,train
Melia azedarach/IMG_3672.JPG,Melia azedarach,32,group_3486,1,train
Melia azedarach/IMG_3673.JPG,Melia azedarach,32,group_3487,1,validation
Melia azedarach/IMG_3674.JPG,Melia azedarach,32,group_3488,1,train
Melia azedarach/IMG_3675.JPG,Melia azedarach,32,group_3489,1,train
Melia azedarach/IMG_3676.JPG,Melia azedarach,32,group_3490,1,validation
Melia azedarach/IMG_3677.JPG,Melia azedarach,32,group_3491,1,train
Melia azedarach/IMG_3678.JPG,Melia azedarach,32,group_3492,1,train
Melia azedarach/IMG_3679.JPG,Melia azedarach,32,group_3493,1,train
Melia azedarach/IMG_3680.JPG,Melia azedarach,32,group_3494,1,train
Melia azedarach/IMG_3681.JPG,Melia azedarach,32,group_3495,1,train
Melia azedarach/IMG_3682.JPG,Melia azedarach,32,group_3496,1,train
Melia azedarach/IMG_3683.JPG,Melia azedarach,32,group_3497,1,train
Melia azedarach/IMG_3684.JPG,Melia azedarach,32,group_3498,1,validation
Musa/IMG_2144.JPG,Musa,33,group_3499,1,train
Musa/IMG_2145.JPG,Musa,33,group_3500,1,train
Musa/IMG_2146.JPG,Musa,33,group_3501,1,train
Musa/IMG_2147.JPG,Musa,33,group_3502,1,validation
Musa/IMG_2148.JPG,Musa,33,group_3503,1,train
Musa/IMG_2149.JPG,Musa,33,group_3504,1,train
Musa/IMG_2150.JPG,Musa,33,group_3505,1,train
Musa/IMG_2151.JPG,Musa,33,group_3506,1,train
Musa/IMG_2152.JPG,Musa,33,group_3507,1,train
Musa/IMG_2153.JPG,Musa,33,group_0170,2,train
Musa/IMG_2154.JPG,Musa,33,group_0170,2,train
Musa/IMG_2155.JPG,Musa,33,group_3508,1,train
Musa/IMG_2156.JPG,Musa,33,group_3509,1,test
Musa/IMG_2157.JPG,Musa,33,group_3510,1,train
Musa/IMG_2158.JPG,Musa,33,group_3511,1,validation
Musa/IMG_2159.JPG,Musa,33,group_3512,1,train
Musa/IMG_2160.JPG,Musa,33,group_3513,1,train
Musa/IMG_2161.JPG,Musa,33,group_0171,2,train
Musa/IMG_2162.JPG,Musa,33,group_0171,2,train
Musa/IMG_2163.JPG,Musa,33,group_0172,2,train
Musa/IMG_2164.JPG,Musa,33,group_0172,2,train
Musa/IMG_2165.JPG,Musa,33,group_3514,1,train
Musa/IMG_2166.JPG,Musa,33,group_0173,2,validation
Musa/IMG_2167.JPG,Musa,33,group_0173,2,validation
Musa/IMG_2168.JPG,Musa,33,group_3515,1,train
Musa/IMG_2169.JPG,Musa,33,group_3516,1,test
Musa/IMG_2170.JPG,Musa,33,group_3517,1,train
Musa/IMG_2171.JPG,Musa,33,group_0174,2,train
Musa/IMG_2172.JPG,Musa,33,group_0174,2,train
Musa/IMG_2173.JPG,Musa,33,group_0175,2,train
Musa/IMG_2174.JPG,Musa,33,group_0175,2,train
Musa/IMG_2175.JPG,Musa,33,group_3518,1,train
Musa/IMG_2176.JPG,Musa,33,group_0064,3,train
Musa/IMG_2177.JPG,Musa,33,group_0064,3,train
Musa/IMG_2178.JPG,Musa,33,group_0064,3,train
Musa/IMG_2179.JPG,Musa,33,group_0176,2,train
Musa/IMG_2180.JPG,Musa,33,group_0176,2,train
Musa/IMG_2181.JPG,Musa,33,group_3519,1,train
Musa/IMG_2182.JPG,Musa,33,group_3520,1,train
Musa/IMG_2183.JPG,Musa,33,group_3521,1,train
Musa/IMG_2184.JPG,Musa,33,group_3522,1,train
Musa/IMG_2185.JPG,Musa,33,group_0177,2,train
Musa/IMG_2186.JPG,Musa,33,group_0177,2,train
Musa/IMG_2187.JPG,Musa,33,group_3523,1,train
Musa/IMG_2188.JPG,Musa,33,group_3524,1,train
Musa/IMG_2189.JPG,Musa,33,group_3525,1,test
Musa/IMG_2190.JPG,Musa,33,group_3526,1,test
Musa/IMG_2191.JPG,Musa,33,group_3527,1,train
Musa/IMG_2192.JPG,Musa,33,group_3528,1,train
Musa/IMG_2193.JPG,Musa,33,group_0178,2,train
Musa/IMG_2194.JPG,Musa,33,group_0178,2,train
Musa/IMG_2195.JPG,Musa,33,group_3529,1,validation
Musa/IMG_2196.JPG,Musa,33,group_3530,1,train
Musa/IMG_2197.JPG,Musa,33,group_3531,1,train
Musa/IMG_2198.JPG,Musa,33,group_3532,1,test
Musa/IMG_2199.JPG,Musa,33,group_0179,2,test
Musa/IMG_2200.JPG,Musa,33,group_0179,2,test
Musa/IMG_2201.JPG,Musa,33,group_3533,1,test
Musa/IMG_2202.JPG,Musa,33,group_3534,1,train
Musa/IMG_2203.JPG,Musa,33,group_3535,1,train
Musa/IMG_2204.JPG,Musa,33,group_3536,1,train
Musa/IMG_2205.JPG,Musa,33,group_3537,1,train
Musa/IMG_2206.JPG,Musa,33,group_3538,1,validation
Musa/IMG_2207.JPG,Musa,33,group_3539,1,train
Musa/IMG_2208.JPG,Musa,33,group_3540,1,train
Musa/IMG_2209.JPG,Musa,33,group_3541,1,train
Musa/IMG_2210.JPG,Musa,33,group_3542,1,train
Musa/IMG_2211.JPG,Musa,33,group_3543,1,train
Musa/IMG_2212.JPG,Musa,33,group_3544,1,train
Musa/IMG_2213.JPG,Musa,33,group_3545,1,test
Musa/IMG_2214.JPG,Musa,33,group_3546,1,train
Musa/IMG_2215.JPG,Musa,33,group_3547,1,train
Musa/IMG_2216.JPG,Musa,33,group_3548,1,train
Musa/IMG_2217.JPG,Musa,33,group_3549,1,train
Musa/IMG_2218.JPG,Musa,33,group_3550,1,test
Musa/IMG_2219.JPG,Musa,33,group_3551,1,validation
Musa/IMG_2220.JPG,Musa,33,group_3552,1,train
Musa/IMG_2221.JPG,Musa,33,group_3553,1,test
Musa/IMG_2222.JPG,Musa,33,group_3554,1,train
Musa/IMG_2223.JPG,Musa,33,group_3555,1,test
Musa/IMG_2224.JPG,Musa,33,group_3556,1,test
Musa/IMG_2225.JPG,Musa,33,group_3557,1,validation
Musa/IMG_2226.JPG,Musa,33,group_3558,1,validation
Musa/IMG_2227.JPG,Musa,33,group_3559,1,validation
Musa/IMG_2228.JPG,Musa,33,group_3560,1,train
Musa/IMG_2229.JPG,Musa,33,group_3561,1,train
Musa/IMG_2230.JPG,Musa,33,group_3562,1,test
Musa/IMG_2231.JPG,Musa,33,group_3563,1,train
Musa/IMG_2232.JPG,Musa,33,group_3564,1,test
Musa/IMG_2233.JPG,Musa,33,group_3565,1,train
Musa/IMG_2234.JPG,Musa,33,group_3566,1,train
Musa/IMG_2235.JPG,Musa,33,group_3567,1,test
Musa/IMG_2236.JPG,Musa,33,group_3568,1,train
Musa/IMG_2237.JPG,Musa,33,group_3569,1,train
Musa/IMG_2238.JPG,Musa,33,group_3570,1,train
Musa/IMG_2239.JPG,Musa,33,group_3571,1,test
Musa/IMG_2240.JPG,Musa,33,group_3572,1,test
Musa/IMG_2241.JPG,Musa,33,group_3573,1,train
Musa/IMG_2242.JPG,Musa,33,group_3574,1,test
Musa/IMG_2243.JPG,Musa,33,group_3575,1,validation
Musa/IMG_2244.JPG,Musa,33,group_3576,1,train
Musa/IMG_2245.JPG,Musa,33,group_3577,1,train
Musa/IMG_2246.JPG,Musa,33,group_3578,1,train
Musa/IMG_2247.JPG,Musa,33,group_3579,1,train
Musa/IMG_2248.JPG,Musa,33,group_3580,1,validation
Musa/IMG_2249.JPG,Musa,33,group_3581,1,test
Musa/IMG_2250.JPG,Musa,33,group_3582,1,train
Musa/IMG_2251.JPG,Musa,33,group_3583,1,validation
Musa/IMG_2252.JPG,Musa,33,group_3584,1,train
Musa/IMG_2253.JPG,Musa,33,group_3585,1,validation
Musa/IMG_2254.JPG,Musa,33,group_3586,1,train
Musa/IMG_2255.JPG,Musa,33,group_3587,1,train
Musa/IMG_2256.JPG,Musa,33,group_3588,1,train
Musa/IMG_2257.JPG,Musa,33,group_3589,1,train
Musa/IMG_2258.JPG,Musa,33,group_3590,1,train
Musa/IMG_2259.JPG,Musa,33,group_3591,1,train
Musa/IMG_2260.JPG,Musa,33,group_3592,1,validation
Musa/IMG_2261.JPG,Musa,33,group_3593,1,train
Musa/IMG_2262.JPG,Musa,33,group_3594,1,train
Musa/IMG_2263.JPG,Musa,33,group_3595,1,validation
Musa/IMG_2264.JPG,Musa,33,group_3596,1,train
Musa/IMG_2265.JPG,Musa,33,group_3597,1,train
Musa/IMG_2266.JPG,Musa,33,group_3598,1,train
Musa/IMG_2267.JPG,Musa,33,group_3599,1,train
Musa/IMG_2268.JPG,Musa,33,group_3600,1,validation
Musa/IMG_2269.JPG,Musa,33,group_3601,1,validation
Musa/IMG_2270.JPG,Musa,33,group_3602,1,train
Musa/IMG_2271.JPG,Musa,33,group_3603,1,validation
Musa/IMG_2272.JPG,Musa,33,group_3604,1,validation
Musa/IMG_2273.JPG,Musa,33,group_3605,1,train
Musa/IMG_2274.JPG,Musa,33,group_3606,1,train
Musa/IMG_2275.JPG,Musa,33,group_3607,1,train
Nephelium lappaceum/IMG_1907.JPG,Nephelium lappaceum,34,group_3608,1,train
Nephelium lappaceum/IMG_1908.JPG,Nephelium lappaceum,34,group_3609,1,train
Nephelium lappaceum/IMG_1909.JPG,Nephelium lappaceum,34,group_3610,1,train
Nephelium lappaceum/IMG_1910.JPG,Nephelium lappaceum,34,group_3611,1,train
Nephelium lappaceum/IMG_1911.JPG,Nephelium lappaceum,34,group_3612,1,validation
Nephelium lappaceum/IMG_1912.JPG,Nephelium lappaceum,34,group_3613,1,train
Nephelium lappaceum/IMG_1913.JPG,Nephelium lappaceum,34,group_3614,1,train
Nephelium lappaceum/IMG_1914.JPG,Nephelium lappaceum,34,group_3615,1,validation
Nephelium lappaceum/IMG_1915.JPG,Nephelium lappaceum,34,group_3616,1,train
Nephelium lappaceum/IMG_1916.JPG,Nephelium lappaceum,34,group_3617,1,train
Nephelium lappaceum/IMG_1917.JPG,Nephelium lappaceum,34,group_3618,1,train
Nephelium lappaceum/IMG_1918.JPG,Nephelium lappaceum,34,group_3619,1,train
Nephelium lappaceum/IMG_1919.JPG,Nephelium lappaceum,34,group_3620,1,train
Nephelium lappaceum/IMG_1920.JPG,Nephelium lappaceum,34,group_3621,1,train
Nephelium lappaceum/IMG_1921.JPG,Nephelium lappaceum,34,group_0180,2,validation
Nephelium lappaceum/IMG_1922.JPG,Nephelium lappaceum,34,group_0180,2,validation
Nephelium lappaceum/IMG_1923.JPG,Nephelium lappaceum,34,group_3622,1,train
Nephelium lappaceum/IMG_1924.JPG,Nephelium lappaceum,34,group_3623,1,train
Nephelium lappaceum/IMG_1925.JPG,Nephelium lappaceum,34,group_3624,1,test
Nephelium lappaceum/IMG_1926.JPG,Nephelium lappaceum,34,group_3625,1,train
Nephelium lappaceum/IMG_1927.JPG,Nephelium lappaceum,34,group_3626,1,train
Nephelium lappaceum/IMG_1928.JPG,Nephelium lappaceum,34,group_3627,1,train
Nephelium lappaceum/IMG_1929.JPG,Nephelium lappaceum,34,group_3628,1,train
Nephelium lappaceum/IMG_1930.JPG,Nephelium lappaceum,34,group_3629,1,test
Nephelium lappaceum/IMG_1931.JPG,Nephelium lappaceum,34,group_3630,1,train
Nephelium lappaceum/IMG_1932.JPG,Nephelium lappaceum,34,group_3631,1,validation
Nephelium lappaceum/IMG_1933.JPG,Nephelium lappaceum,34,group_3632,1,train
Nephelium lappaceum/IMG_1934.JPG,Nephelium lappaceum,34,group_3633,1,test
Nephelium lappaceum/IMG_1935.JPG,Nephelium lappaceum,34,group_3634,1,train
Nephelium lappaceum/IMG_1936.JPG,Nephelium lappaceum,34,group_3635,1,train
Nephelium lappaceum/IMG_1937.JPG,Nephelium lappaceum,34,group_3636,1,train
Nephelium lappaceum/IMG_1938.JPG,Nephelium lappaceum,34,group_3637,1,test
Nephelium lappaceum/IMG_1939.JPG,Nephelium lappaceum,34,group_3638,1,validation
Nephelium lappaceum/IMG_1940.JPG,Nephelium lappaceum,34,group_3639,1,train
Nephelium lappaceum/IMG_1941.JPG,Nephelium lappaceum,34,group_3640,1,train
Nephelium lappaceum/IMG_1942.JPG,Nephelium lappaceum,34,group_3641,1,train
Nephelium lappaceum/IMG_1943.JPG,Nephelium lappaceum,34,group_3642,1,train
Nephelium lappaceum/IMG_1944.JPG,Nephelium lappaceum,34,group_3643,1,train
Nephelium lappaceum/IMG_1945.JPG,Nephelium lappaceum,34,group_3644,1,train
Nephelium lappaceum/IMG_1946.JPG,Nephelium lappaceum,34,group_3645,1,train
Nephelium lappaceum/IMG_1947.JPG,Nephelium lappaceum,34,group_3646,1,train
Nephelium lappaceum/IMG_1948.JPG,Nephelium lappaceum,34,group_0181,2,train
Nephelium lappaceum/IMG_1949.JPG,Nephelium lappaceum,34,group_0181,2,train
Nephelium lappaceum/IMG_1950.JPG,Nephelium lappaceum,34,group_3647,1,test
Nephelium lappaceum/IMG_1951.JPG,Nephelium lappaceum,34,group_3648,1,validation
Nephelium lappaceum/IMG_1952.JPG,Nephelium lappaceum,34,group_3649,1,train
Nephelium lappaceum/IMG_1953.JPG,Nephelium lappaceum,34,group_3650,1,train
Nephelium lappaceum/IMG_1954.JPG,Nephelium lappaceum,34,group_0182,2,test
Nephelium lappaceum/IMG_1955.JPG,Nephelium lappaceum,34,group_0182,2,test
Nephelium lappaceum/IMG_1956.JPG,Nephelium lappaceum,34,group_3651,1,train
Nephelium lappaceum/IMG_1957.JPG,Nephelium lappaceum,34,group_3652,1,train
Nephelium lappaceum/IMG_1958.JPG,Nephelium lappaceum,34,group_3653,1,train
Nephelium lappaceum/IMG_1959.JPG,Nephelium lappaceum,34,group_3654,1,test
Nephelium lappaceum/IMG_1960.JPG,Nephelium lappaceum,34,group_3655,1,train
Nephelium lappaceum/IMG_1961.JPG,Nephelium lappaceum,34,group_3656,1,train
Nephelium lappaceum/IMG_1962.JPG,Nephelium lappaceum,34,group_3657,1,test
Nephelium lappaceum/IMG_1963.JPG,Nephelium lappaceum,34,group_3658,1,validation
Nephelium lappaceum/IMG_1964.JPG,Nephelium lappaceum,34,group_3659,1,test
Nephelium lappaceum/IMG_1965.JPG,Nephelium lappaceum,34,group_3660,1,train
Nephelium lappaceum/IMG_1966.JPG,Nephelium lappaceum,34,group_3661,1,train
Nephelium lappaceum/IMG_1967.JPG,Nephelium lappaceum,34,group_3662,1,train
Nephelium lappaceum/IMG_1968.JPG,Nephelium lappaceum,34,group_3663,1,validation
Nephelium lappaceum/IMG_1969.JPG,Nephelium lappaceum,34,group_3664,1,train
Nephelium lappaceum/IMG_1970.JPG,Nephelium lappaceum,34,group_3665,1,test
Nephelium lappaceum/IMG_1971.JPG,Nephelium lappaceum,34,group_3666,1,test
Nephelium lappaceum/IMG_1972.JPG,Nephelium lappaceum,34,group_3667,1,train
Nephelium lappaceum/IMG_1973.JPG,Nephelium lappaceum,34,group_3668,1,train
Nephelium lappaceum/IMG_1974.JPG,Nephelium lappaceum,34,group_3669,1,train
Nephelium lappaceum/IMG_1975.JPG,Nephelium lappaceum,34,group_3670,1,test
Nephelium lappaceum/IMG_1976.JPG,Nephelium lappaceum,34,group_3671,1,train
Nephelium lappaceum/IMG_1977.JPG,Nephelium lappaceum,34,group_3672,1,train
Nephelium lappaceum/IMG_1978.JPG,Nephelium lappaceum,34,group_3673,1,test
Nephelium lappaceum/IMG_1979.JPG,Nephelium lappaceum,34,group_3674,1,train
Nephelium lappaceum/IMG_1980.JPG,Nephelium lappaceum,34,group_3675,1,train
Nephelium lappaceum/IMG_1981.JPG,Nephelium lappaceum,34,group_3676,1,train
Nephelium lappaceum/IMG_1982.JPG,Nephelium lappaceum,34,group_3677,1,train
Nephelium lappaceum/IMG_1983.JPG,Nephelium lappaceum,34,group_3678,1,validation
Nephelium lappaceum/IMG_1984.JPG,Nephelium lappaceum,34,group_3679,1,validation
Nephelium lappaceum/IMG_1985.JPG,Nephelium lappaceum,34,group_3680,1,validation
Nephelium lappaceum/IMG_1986.JPG,Nephelium lappaceum,34,group_3681,1,validation
Nephelium lappaceum/IMG_1987.JPG,Nephelium lappaceum,34,group_3682,1,train
Nephelium lappaceum/IMG_1988.JPG,Nephelium lappaceum,34,group_3683,1,train
Nephelium lappaceum/IMG_1989.JPG,Nephelium lappaceum,34,group_3684,1,validation
Nephelium lappaceum/IMG_1990.JPG,Nephelium lappaceum,34,group_3685,1,train
Nephelium lappaceum/IMG_1991.JPG,Nephelium lappaceum,34,group_3686,1,train
Nephelium lappaceum/IMG_1992.JPG,Nephelium lappaceum,34,group_3687,1,test
Nephelium lappaceum/IMG_1993.JPG,Nephelium lappaceum,34,group_3688,1,train
Nephelium lappaceum/IMG_1994.JPG,Nephelium lappaceum,34,group_3689,1,validation
Nephelium lappaceum/IMG_1995.JPG,Nephelium lappaceum,34,group_3690,1,train
Nephelium lappaceum/IMG_1996.JPG,Nephelium lappaceum,34,group_3691,1,train
Nephelium lappaceum/IMG_1997.JPG,Nephelium lappaceum,34,group_3692,1,train
Nephelium lappaceum/IMG_1998.JPG,Nephelium lappaceum,34,group_3693,1,train
Nephelium lappaceum/IMG_1999.JPG,Nephelium lappaceum,34,group_3694,1,train
Nephelium lappaceum/IMG_2001.JPG,Nephelium lappaceum,34,group_3695,1,train
Nephelium lappaceum/IMG_2002.JPG,Nephelium lappaceum,34,group_3696,1,train
Nephelium lappaceum/IMG_2003.JPG,Nephelium lappaceum,34,group_3697,1,train
Nephelium lappaceum/IMG_2004.JPG,Nephelium lappaceum,34,group_3698,1,train
Nephelium lappaceum/IMG_2005.JPG,Nephelium lappaceum,34,group_3699,1,train
Nephelium lappaceum/IMG_2006.JPG,Nephelium lappaceum,34,group_3700,1,train
Nephelium lappaceum/IMG_2007.JPG,Nephelium lappaceum,34,group_3701,1,train
Nephelium lappaceum/IMG_2008.JPG,Nephelium lappaceum,34,group_3702,1,train
Nephelium lappaceum/IMG_2009.JPG,Nephelium lappaceum,34,group_3703,1,train
Nephelium lappaceum/IMG_2010.JPG,Nephelium lappaceum,34,group_3704,1,train
Nephelium lappaceum/IMG_2011.JPG,Nephelium lappaceum,34,group_3705,1,validation
Persea/IMG_3782.JPG,Persea,35,group_3706,1,train
Persea/IMG_3783.JPG,Persea,35,group_3707,1,train
Persea/IMG_3784.JPG,Persea,35,group_3708,1,train
Persea/IMG_3785.JPG,Persea,35,group_3709,1,train
Persea/IMG_3786.JPG,Persea,35,group_3710,1,train
Persea/IMG_3787.JPG,Persea,35,group_3711,1,validation
Persea/IMG_3788.JPG,Persea,35,group_3712,1,test
Persea/IMG_3789.JPG,Persea,35,group_3713,1,train
Persea/IMG_3790.JPG,Persea,35,group_3714,1,train
Persea/IMG_3791.JPG,Persea,35,group_3715,1,validation
Persea/IMG_3792.JPG,Persea,35,group_3716,1,train
Persea/IMG_3793.JPG,Persea,35,group_3717,1,train
Persea/IMG_3794.JPG,Persea,35,group_3718,1,train
Persea/IMG_3795.JPG,Persea,35,group_3719,1,train
Persea/IMG_3796.JPG,Persea,35,group_3720,1,test
Persea/IMG_3797.JPG,Persea,35,group_3721,1,train
Persea/IMG_3798.JPG,Persea,35,group_3722,1,train
Persea/IMG_3799.JPG,Persea,35,group_3723,1,validation
Persea/IMG_3800.JPG,Persea,35,group_3724,1,train
Persea/IMG_3801.JPG,Persea,35,group_3725,1,train
Persea/IMG_3802.JPG,Persea,35,group_3726,1,validation
Persea/IMG_3803.JPG,Persea,35,group_3727,1,test
Persea/IMG_3804.JPG,Persea,35,group_3728,1,validation
Persea/IMG_3805.JPG,Persea,35,group_3729,1,train
Persea/IMG_3806.JPG,Persea,35,group_3730,1,validation
Persea/IMG_3807.JPG,Persea,35,group_3731,1,train
Persea/IMG_3808.JPG,Persea,35,group_3732,1,train
Persea/IMG_3809.JPG,Persea,35,group_3733,1,train
Persea/IMG_3810.JPG,Persea,35,group_3734,1,train
Persea/IMG_3811.JPG,Persea,35,group_3735,1,train
Persea/IMG_3812.JPG,Persea,35,group_3736,1,train
Persea/IMG_3813.JPG,Persea,35,group_3737,1,train
Persea/IMG_3814.JPG,Persea,35,group_3738,1,train
Persea/IMG_3815.JPG,Persea,35,group_3739,1,train
Persea/IMG_3816.JPG,Persea,35,group_3740,1,train
Persea/IMG_3817.JPG,Persea,35,group_3741,1,test
Persea/IMG_3818.JPG,Persea,35,group_3742,1,train
Persea/IMG_3819.JPG,Persea,35,group_3743,1,test
Persea/IMG_3820.JPG,Persea,35,group_3744,1,validation
Persea/IMG_3821.JPG,Persea,35,group_3745,1,train
Persea/IMG_3822.JPG,Persea,35,group_3746,1,train
Persea/IMG_3823.JPG,Persea,35,group_3747,1,train
Persea/IMG_3824.JPG,Persea,35,group_3748,1,train
Persea/IMG_3825.JPG,Persea,35,group_3749,1,train
Persea/IMG_3826.JPG,Persea,35,group_3750,1,train
Persea/IMG_3827.JPG,Persea,35,group_3751,1,validation
Persea/IMG_3828.JPG,Persea,35,group_3752,1,train
Persea/IMG_3829.JPG,Persea,35,group_3753,1,train
Persea/IMG_3830.JPG,Persea,35,group_3754,1,train
Persea/IMG_3831.JPG,Persea,35,group_3755,1,validation
Persea/IMG_3832.JPG,Persea,35,group_3756,1,train
Persea/IMG_3833.JPG,Persea,35,group_3757,1,train
Persea/IMG_3834.JPG,Persea,35,group_3758,1,train
Persea/IMG_3835.JPG,Persea,35,group_3759,1,train
Persea/IMG_3836.JPG,Persea,35,group_3760,1,train
Persea/IMG_3837.JPG,Persea,35,group_3761,1,validation
Persea/IMG_3838.JPG,Persea,35,group_3762,1,train
Persea/IMG_3839.JPG,Persea,35,group_3763,1,test
Persea/IMG_3840.JPG,Persea,35,group_3764,1,validation
Persea/IMG_3841.JPG,Persea,35,group_3765,1,train
Persea/IMG_3842.JPG,Persea,35,group_3766,1,train
Persea/IMG_3843.JPG,Persea,35,group_3767,1,train
Persea/IMG_3844.JPG,Persea,35,group_3768,1,train
Persea/IMG_3845.JPG,Persea,35,group_3769,1,train
Persea/IMG_3846.JPG,Persea,35,group_3770,1,train
Persea/IMG_3847.JPG,Persea,35,group_3771,1,validation
Persea/IMG_3848.JPG,Persea,35,group_3772,1,train
Persea/IMG_3849.JPG,Persea,35,group_3773,1,test
Persea/IMG_3850.JPG,Persea,35,group_3774,1,train
Persea/IMG_3851.JPG,Persea,35,group_3775,1,test
Persea/IMG_3852.JPG,Persea,35,group_3776,1,test
Persea/IMG_3853.JPG,Persea,35,group_3777,1,test
Persea/IMG_3854.JPG,Persea,35,group_3778,1,train
Persea/IMG_3855.JPG,Persea,35,group_3779,1,validation
Persea/IMG_3856.JPG,Persea,35,group_3780,1,train
Persea/IMG_3857.JPG,Persea,35,group_3781,1,train
Persea/IMG_3858.JPG,Persea,35,group_3782,1,train
Persea/IMG_3859.JPG,Persea,35,group_3783,1,train
Persea/IMG_3860.JPG,Persea,35,group_3784,1,train
Persea/IMG_3861.JPG,Persea,35,group_3785,1,test
Persea/IMG_3862.JPG,Persea,35,group_3786,1,train
Persea/IMG_3863.JPG,Persea,35,group_3787,1,validation
Persea/IMG_3864.JPG,Persea,35,group_3788,1,train
Persea/IMG_3865.JPG,Persea,35,group_3789,1,train
Persea/IMG_3866.JPG,Persea,35,group_3790,1,test
Persea/IMG_3867.JPG,Persea,35,group_3791,1,train
Persea/IMG_3868.JPG,Persea,35,group_3792,1,validation
Persea/IMG_3869.JPG,Persea,35,group_3793,1,test
Persea/IMG_3870.JPG,Persea,35,group_3794,1,train
Persea/IMG_3871.JPG,Persea,35,group_3795,1,train
Persea/IMG_3872.JPG,Persea,35,group_3796,1,train
Persea/IMG_3873.JPG,Persea,35,group_3797,1,train
Persea/IMG_3874.JPG,Persea,35,group_3798,1,train
Persea/IMG_3875.JPG,Persea,35,group_3799,1,train
Persea/IMG_3876.JPG,Persea,35,group_3800,1,train
Persea/IMG_3877.JPG,Persea,35,group_3801,1,train
Persea/IMG_3878.JPG,Persea,35,group_3802,1,test
Persea/IMG_3879.JPG,Persea,35,group_3803,1,train
Persea/IMG_3880.JPG,Persea,35,group_3804,1,test
Persea/IMG_3881.JPG,Persea,35,group_3805,1,train
Persea/IMG_3882.JPG,Persea,35,group_3806,1,validation
Persea/IMG_3883.JPG,Persea,35,group_3807,1,train
Persea/IMG_3884.JPG,Persea,35,group_3808,1,train
Polyalthia longifolia/IMG_6450.JPG,Polyalthia longifolia,36,group_3809,1,train
Polyalthia longifolia/IMG_6451.JPG,Polyalthia longifolia,36,group_3810,1,train
Polyalthia longifolia/IMG_6452.JPG,Polyalthia longifolia,36,group_3811,1,train
Polyalthia longifolia/IMG_6453.JPG,Polyalthia longifolia,36,group_3812,1,test
Polyalthia longifolia/IMG_6454.JPG,Polyalthia longifolia,36,group_3813,1,train
Polyalthia longifolia/IMG_6455.JPG,Polyalthia longifolia,36,group_3814,1,validation
Polyalthia longifolia/IMG_6456.JPG,Polyalthia longifolia,36,group_3815,1,test
Polyalthia longifolia/IMG_6457.JPG,Polyalthia longifolia,36,group_3816,1,test
Polyalthia longifolia/IMG_6458.JPG,Polyalthia longifolia,36,group_3817,1,train
Polyalthia longifolia/IMG_6459.JPG,Polyalthia longifolia,36,group_3818,1,test
Polyalthia longifolia/IMG_6460.JPG,Polyalthia longifolia,36,group_3819,1,train
Polyalthia longifolia/IMG_6461.JPG,Polyalthia longifolia,36,group_3820,1,test
Polyalthia longifolia/IMG_6462.JPG,Polyalthia longifolia,36,group_3821,1,train
Polyalthia longifolia/IMG_6463.JPG,Polyalthia longifolia,36,group_3822,1,validation
Polyalthia longifolia/IMG_6464.JPG,Polyalthia longifolia,36,group_3823,1,validation
Polyalthia longifolia/IMG_6465.JPG,Polyalthia longifolia,36,group_3824,1,train
Polyalthia longifolia/IMG_6466.JPG,Polyalthia longifolia,36,group_3825,1,train
Polyalthia longifolia/IMG_6467.JPG,Polyalthia longifolia,36,group_3826,1,train
Polyalthia longifolia/IMG_6468.JPG,Polyalthia longifolia,36,group_3827,1,train
Polyalthia longifolia/IMG_6469.JPG,Polyalthia longifolia,36,group_3828,1,validation
Polyalthia longifolia/IMG_6470.JPG,Polyalthia longifolia,36,group_3829,1,train
Polyalthia longifolia/IMG_6471.JPG,Polyalthia longifolia,36,group_3830,1,train
Polyalthia longifolia/IMG_6472.JPG,Polyalthia longifolia,36,group_3831,1,train
Polyalthia longifolia/IMG_6473.JPG,Polyalthia longifolia,36,group_3832,1,train
Polyalthia longifolia/IMG_6474.JPG,Polyalthia longifolia,36,group_3833,1,train
Polyalthia longifolia/IMG_6475.JPG,Polyalthia longifolia,36,group_3834,1,train
Polyalthia longifolia/IMG_6476.JPG,Polyalthia longifolia,36,group_3835,1,train
Polyalthia longifolia/IMG_6477.JPG,Polyalthia longifolia,36,group_3836,1,train
Polyalthia longifolia/IMG_6478.JPG,Polyalthia longifolia,36,group_3837,1,test
Polyalthia longifolia/IMG_6479.JPG,Polyalthia longifolia,36,group_3838,1,train
Polyalthia longifolia/IMG_6480.JPG,Polyalthia longifolia,36,group_3839,1,train
Polyalthia longifolia/IMG_6481.JPG,Polyalthia longifolia,36,group_3840,1,validation
Polyalthia longifolia/IMG_6482.JPG,Polyalthia longifolia,36,group_3841,1,train
Polyalthia longifolia/IMG_6483.JPG,Polyalthia longifolia,36,group_3842,1,train
Polyalthia longifolia/IMG_6484.JPG,Polyalthia longifolia,36,group_3843,1,validation
Polyalthia longifolia/IMG_6485.JPG,Polyalthia longifolia,36,group_3844,1,test
Polyalthia longifolia/IMG_6486.JPG,Polyalthia longifolia,36,group_3845,1,train
Polyalthia longifolia/IMG_6487.JPG,Polyalthia longifolia,36,group_3846,1,test
Polyalthia longifolia/IMG_6488.JPG,Polyalthia longifolia,36,group_3847,1,validation
Polyalthia longifolia/IMG_6489.JPG,Polyalthia longifolia,36,group_3848,1,train
Polyalthia longifolia/IMG_6490.JPG,Polyalthia longifolia,36,group_3849,1,train
Polyalthia longifolia/IMG_6491.JPG,Polyalthia longifolia,36,group_3850,1,train
Polyalthia longifolia/IMG_6492.JPG,Polyalthia longifolia,36,group_3851,1,train
Polyalthia longifolia/IMG_6493.JPG,Polyalthia longifolia,36,group_3852,1,train
Polyalthia longifolia/IMG_6494.JPG,Polyalthia longifolia,36,group_3853,1,train
Polyalthia longifolia/IMG_6495.JPG,Polyalthia longifolia,36,group_3854,1,test
Polyalthia longifolia/IMG_6496.JPG,Polyalthia longifolia,36,group_3855,1,train
Polyalthia longifolia/IMG_6497.JPG,Polyalthia longifolia,36,group_3856,1,train
Polyalthia longifolia/IMG_6498.JPG,Polyalthia longifolia,36,group_3857,1,validation
Polyalthia longifolia/IMG_6499.JPG,Polyalthia longifolia,36,group_3858,1,train
Polyalthia longifolia/IMG_6500.JPG,Polyalthia longifolia,36,group_3859,1,train
Polyalthia longifolia/IMG_6501.JPG,Polyalthia longifolia,36,group_3860,1,validation
Polyalthia longifolia/IMG_6502.JPG,Polyalthia longifolia,36,group_3861,1,train
Polyalthia longifolia/IMG_6503.JPG,Polyalthia longifolia,36,group_3862,1,validation
Polyalthia longifolia/IMG_6504.JPG,Polyalthia longifolia,36,group_3863,1,train
Polyalthia longifolia/IMG_6505.JPG,Polyalthia longifolia,36,group_3864,1,train
Polyalthia longifolia/IMG_6506.JPG,Polyalthia longifolia,36,group_3865,1,train
Polyalthia longifolia/IMG_6507.JPG,Polyalthia longifolia,36,group_3866,1,train
Polyalthia longifolia/IMG_6508.JPG,Polyalthia longifolia,36,group_3867,1,train
Polyalthia longifolia/IMG_6509.JPG,Polyalthia longifolia,36,group_3868,1,train
Polyalthia longifolia/IMG_6510.JPG,Polyalthia longifolia,36,group_3869,1,train
Polyalthia longifolia/IMG_6511.JPG,Polyalthia longifolia,36,group_3870,1,train
Polyalthia longifolia/IMG_6512.JPG,Polyalthia longifolia,36,group_3871,1,train
Polyalthia longifolia/IMG_6513.JPG,Polyalthia longifolia,36,group_3872,1,test
Polyalthia longifolia/IMG_6514.JPG,Polyalthia longifolia,36,group_3873,1,test
Polyalthia longifolia/IMG_6515.JPG,Polyalthia longifolia,36,group_3874,1,train
Polyalthia longifolia/IMG_6516.JPG,Polyalthia longifolia,36,group_3875,1,train
Polyalthia longifolia/IMG_6517.JPG,Polyalthia longifolia,36,group_3876,1,validation
Polyalthia longifolia/IMG_6518.JPG,Polyalthia longifolia,36,group_3877,1,train
Polyalthia longifolia/IMG_6519.JPG,Polyalthia longifolia,36,group_3878,1,train
Polyalthia longifolia/IMG_6520.JPG,Polyalthia longifolia,36,group_3879,1,train
Polyalthia longifolia/IMG_6521.JPG,Polyalthia longifolia,36,group_3880,1,train
Polyalthia longifolia/IMG_6522.JPG,Polyalthia longifolia,36,group_3881,1,train
Polyalthia longifolia/IMG_6523.JPG,Polyalthia longifolia,36,group_3882,1,train
Polyalthia longifolia/IMG_6524.JPG,Polyalthia longifolia,36,group_3883,1,train
Polyalthia longifolia/IMG_6525.JPG,Polyalthia longifolia,36,group_3884,1,train
Polyalthia longifolia/IMG_6526.JPG,Polyalthia longifolia,36,group_3885,1,test
Polyalthia longifolia/IMG_6527.JPG,Polyalthia longifolia,36,group_3886,1,train
Polyalthia longifolia/IMG_6528.JPG,Polyalthia longifolia,36,group_3887,1,test
Polyalthia longifolia/IMG_6529.JPG,Polyalthia longifolia,36,group_3888,1,validation
Polyalthia longifolia/IMG_6530.JPG,Polyalthia longifolia,36,group_3889,1,train
Polyalthia longifolia/IMG_6531.JPG,Polyalthia longifolia,36,group_3890,1,validation
Polyalthia longifolia/IMG_6532.JPG,Polyalthia longifolia,36,group_3891,1,train
Polyalthia longifolia/IMG_6533.JPG,Polyalthia longifolia,36,group_3892,1,train
Polyalthia longifolia/IMG_6534.JPG,Polyalthia longifolia,36,group_3893,1,train
Polyalthia longifolia/IMG_6535.JPG,Polyalthia longifolia,36,group_3894,1,train
Polyalthia longifolia/IMG_6536.JPG,Polyalthia longifolia,36,group_3895,1,test
Polyalthia longifolia/IMG_6537.JPG,Polyalthia longifolia,36,group_3896,1,train
Polyalthia longifolia/IMG_6538.JPG,Polyalthia longifolia,36,group_3897,1,train
Polyalthia longifolia/IMG_6539.JPG,Polyalthia longifolia,36,group_3898,1,train
Polyalthia longifolia/IMG_6540.JPG,Polyalthia longifolia,36,group_3899,1,train
Polyalthia longifolia/IMG_6541.JPG,Polyalthia longifolia,36,group_3900,1,validation
Polyalthia longifolia/IMG_6542.JPG,Polyalthia longifolia,36,group_3901,1,test
Polyalthia longifolia/IMG_6543.JPG,Polyalthia longifolia,36,group_3902,1,train
Polyalthia longifolia/IMG_6544.JPG,Polyalthia longifolia,36,group_3903,1,train
Polyalthia longifolia/IMG_6545.JPG,Polyalthia longifolia,36,group_3904,1,train
Polyalthia longifolia/IMG_6546.JPG,Polyalthia longifolia,36,group_3905,1,train
Polyalthia longifolia/IMG_6547.JPG,Polyalthia longifolia,36,group_3906,1,validation
Polyalthia longifolia/IMG_6548.JPG,Polyalthia longifolia,36,group_3907,1,train
Polyalthia longifolia/IMG_6549.JPG,Polyalthia longifolia,36,group_3908,1,train
Prunnus/IMG_2012.JPG,Prunnus,37,group_3909,1,train
Prunnus/IMG_2013.JPG,Prunnus,37,group_3910,1,train
Prunnus/IMG_2014.JPG,Prunnus,37,group_3911,1,train
Prunnus/IMG_2015.JPG,Prunnus,37,group_3912,1,train
Prunnus/IMG_2016.JPG,Prunnus,37,group_3913,1,test
Prunnus/IMG_2017.JPG,Prunnus,37,group_3914,1,train
Prunnus/IMG_2018.JPG,Prunnus,37,group_3915,1,train
Prunnus/IMG_2019.JPG,Prunnus,37,group_3916,1,train
Prunnus/IMG_2020.JPG,Prunnus,37,group_3917,1,train
Prunnus/IMG_2021.JPG,Prunnus,37,group_3918,1,train
Prunnus/IMG_2022.JPG,Prunnus,37,group_3919,1,train
Prunnus/IMG_2023.JPG,Prunnus,37,group_3920,1,train
Prunnus/IMG_2024.JPG,Prunnus,37,group_3921,1,train
Prunnus/IMG_2025.JPG,Prunnus,37,group_3922,1,train
Prunnus/IMG_2026.JPG,Prunnus,37,group_3923,1,train
Prunnus/IMG_2027.JPG,Prunnus,37,group_3924,1,train
Prunnus/IMG_2028.JPG,Prunnus,37,group_3925,1,train
Prunnus/IMG_2029.JPG,Prunnus,37,group_3926,1,train
Prunnus/IMG_2030.JPG,Prunnus,37,group_3927,1,train
Prunnus/IMG_2031.JPG,Prunnus,37,group_3928,1,test
Prunnus/IMG_3977.JPG,Prunnus,37,group_3929,1,validation
Prunnus/IMG_3978.JPG,Prunnus,37,group_3930,1,test
Prunnus/IMG_3979.JPG,Prunnus,37,group_3931,1,train
Prunnus/IMG_3980.JPG,Prunnus,37,group_3932,1,train
Prunnus/IMG_3981.JPG,Prunnus,37,group_3933,1,train
Prunnus/IMG_3982.JPG,Prunnus,37,group_3934,1,train
Prunnus/IMG_3983.JPG,Prunnus,37,group_3935,1,train
Prunnus/IMG_3984.JPG,Prunnus,37,group_3936,1,train
Prunnus/IMG_3985.JPG,Prunnus,37,group_3937,1,test
Prunnus/IMG_3986.JPG,Prunnus,37,group_3938,1,validation
Prunnus/IMG_3987.JPG,Prunnus,37,group_3939,1,train
Prunnus/IMG_3988.JPG,Prunnus,37,group_3940,1,validation
Prunnus/IMG_3989.JPG,Prunnus,37,group_3941,1,validation
Prunnus/IMG_3990.JPG,Prunnus,37,group_3942,1,train
Prunnus/IMG_3991.JPG,Prunnus,37,group_3943,1,train
Prunnus/IMG_3992.JPG,Prunnus,37,group_3944,1,test
Prunnus/IMG_3993.JPG,Prunnus,37,group_3945,1,test
Prunnus/IMG_3994.JPG,Prunnus,37,group_3946,1,train
Prunnus/IMG_3995.JPG,Prunnus,37,group_3947,1,test
Prunnus/IMG_3996.JPG,Prunnus,37,group_3948,1,validation
Prunnus/IMG_3997.JPG,Prunnus,37,group_3949,1,train
Prunnus/IMG_3998.JPG,Prunnus,37,group_3950,1,train
Prunnus/IMG_3999.JPG,Prunnus,37,group_3951,1,train
Prunnus/IMG_4001.JPG,Prunnus,37,group_3952,1,train
Prunnus/IMG_4002.JPG,Prunnus,37,group_3953,1,validation
Prunnus/IMG_4003.JPG,Prunnus,37,group_3954,1,validation
Prunnus/IMG_4004.JPG,Prunnus,37,group_3955,1,train
Prunnus/IMG_4005.JPG,Prunnus,37,group_3956,1,train
Prunnus/IMG_4006.JPG,Prunnus,37,group_3957,1,test
Prunnus/IMG_4007.JPG,Prunnus,37,group_3958,1,train
Prunnus/IMG_4008.JPG,Prunnus,37,group_3959,1,train
Prunnus/IMG_4009.JPG,Prunnus,37,group_3960,1,train
Prunnus/IMG_4010.JPG,Prunnus,37,group_3961,1,validation
Prunnus/IMG_4011.JPG,Prunnus,37,group_3962,1,train
Prunnus/IMG_4012.JPG,Prunnus,37,group_3963,1,test
Prunnus/IMG_4013.JPG,Prunnus,37,group_3964,1,train
Prunnus/IMG_4014.JPG,Prunnus,37,group_3965,1,test
Prunnus/IMG_4015.JPG,Prunnus,37,group_3966,1,test
Prunnus/IMG_4016.JPG,Prunnus,37,group_3967,1,train
Prunnus/IMG_4017.JPG,Prunnus,37,group_3968,1,train
Prunnus/IMG_4018.JPG,Prunnus,37,group_3969,1,train
Prunnus/IMG_4019.JPG,Prunnus,37,group_3970,1,train
Prunnus/IMG_4020.JPG,Prunnus,37,group_3971,1,train
Prunnus/IMG_4021.JPG,Prunnus,37,group_3972,1,validation
Prunnus/IMG_4022.JPG,Prunnus,37,group_3973,1,train
Prunnus/IMG_4023.JPG,Prunnus,37,group_3974,1,train
Prunnus/IMG_4024.JPG,Prunnus,37,group_3975,1,validation
Prunnus/IMG_4025.JPG,Prunnus,37,group_3976,1,train
Prunnus/IMG_4026.JPG,Prunnus,37,group_3977,1,train
Prunnus/IMG_4027.JPG,Prunnus,37,group_3978,1,train
Prunnus/IMG_4028.JPG,Prunnus,37,group_3979,1,train
Prunnus/IMG_4029.JPG,Prunnus,37,group_3980,1,train
Prunnus/IMG_4030.JPG,Prunnus,37,group_3981,1,validation
Prunnus/IMG_4031.JPG,Prunnus,37,group_3982,1,validation
Prunnus/IMG_4032.JPG,Prunnus,37,group_3983,1,train
Prunnus/IMG_4033.JPG,Prunnus,37,group_3984,1,train
Prunnus/IMG_4034.JPG,Prunnus,37,group_3985,1,train
Prunnus/IMG_4035.JPG,Prunnus,37,group_3986,1,train
Prunnus/IMG_4036.JPG,Prunnus,37,group_3987,1,train
Prunnus/IMG_4037.JPG,Prunnus,37,group_3988,1,test
Prunus salicina/IMG_2377.JPG,Prunus salicina,38,group_3989,1,train
Prunus salicina/IMG_2378.JPG,Prunus salicina,38,group_3990,1,train
Prunus salicina/IMG_2379.JPG,Prunus salicina,38,group_3991,1,train
Prunus salicina/IMG_2380.JPG,Prunus salicina,38,group_3992,1,train
Prunus salicina/IMG_2381.JPG,Prunus salicina,38,group_3993,1,test
Prunus salicina/IMG_2382.JPG,Prunus salicina,38,group_3994,1,train
Prunus salicina/IMG_2383.JPG,Prunus salicina,38,group_3995,1,test
Prunus salicina/IMG_2384.JPG,Prunus salicina,38,group_3996,1,train
Prunus salicina/IMG_2385.JPG,Prunus salicina,38,group_3997,1,validation
Prunus salicina/IMG_2386.JPG,Prunus salicina,38,group_3998,1,validation
Prunus salicina/IMG_2387.JPG,Prunus salicina,38,group_3999,1,train
Prunus salicina/IMG_2388.JPG,Prunus salicina,38,group_4000,1,validation
Prunus salicina/IMG_2389.JPG,Prunus salicina,38,group_4001,1,train
Prunus salicina/IMG_2390.JPG,Prunus salicina,38,group_4002,1,train
Prunus salicina/IMG_2391.JPG,Prunus salicina,38,group_0065,3,train
Prunus salicina/IMG_2392.JPG,Prunus salicina,38,group_0065,3,train
Prunus salicina/IMG_2393.JPG,Prunus salicina,38,group_0065,3,train
Prunus salicina/IMG_2394.JPG,Prunus salicina,38,group_4003,1,train
Prunus salicina/IMG_2395.JPG,Prunus salicina,38,group_4004,1,train
Prunus salicina/IMG_2396.JPG,Prunus salicina,38,group_4005,1,test
Prunus salicina/IMG_2397.JPG,Prunus salicina,38,group_4006,1,train
Prunus salicina/IMG_2398.JPG,Prunus salicina,38,group_4007,1,validation
Prunus salicina/IMG_2399.JPG,Prunus salicina,38,group_4008,1,train
Prunus salicina/IMG_2400.JPG,Prunus salicina,38,group_4009,1,train
Prunus salicina/IMG_2401.JPG,Prunus salicina,38,group_4010,1,train
Prunus salicina/IMG_2402.JPG,Prunus salicina,38,group_4011,1,test
Prunus salicina/IMG_2403.JPG,Prunus salicina,38,group_4012,1,train
Prunus salicina/IMG_2404.JPG,Prunus salicina,38,group_4013,1,train
Prunus salicina/IMG_2405.JPG,Prunus salicina,38,group_4014,1,train
Prunus salicina/IMG_2406.JPG,Prunus salicina,38,group_4015,1,train
Prunus salicina/IMG_2407.JPG,Prunus salicina,38,group_4016,1,validation
Prunus salicina/IMG_2408.JPG,Prunus salicina,38,group_4017,1,train
Prunus salicina/IMG_2409.JPG,Prunus salicina,38,group_4018,1,validation
Prunus salicina/IMG_2410.JPG,Prunus salicina,38,group_4019,1,train
Prunus salicina/IMG_2411.JPG,Prunus salicina,38,group_4020,1,train
Prunus salicina/IMG_2412.JPG,Prunus salicina,38,group_4021,1,validation
Prunus salicina/IMG_2413.JPG,Prunus salicina,38,group_4022,1,train
Prunus salicina/IMG_2414.JPG,Prunus salicina,38,group_4023,1,train
Prunus salicina/IMG_2415.JPG,Prunus salicina,38,group_4024,1,validation
Prunus salicina/IMG_2416.JPG,Prunus salicina,38,group_4025,1,train
Prunus salicina/IMG_2417.JPG,Prunus salicina,38,group_4026,1,train
Prunus salicina/IMG_2418.JPG,Prunus salicina,38,group_4027,1,train
Prunus salicina/IMG_2419.JPG,Prunus salicina,38,group_4028,1,train
Prunus salicina/IMG_2420.JPG,Prunus salicina,38,group_4029,1,train
Prunus salicina/IMG_2421.JPG,Prunus salicina,38,group_4030,1,train
Prunus salicina/IMG_2422.JPG,Prunus salicina,38,group_4031,1,test
Prunus salicina/IMG_2423.JPG,Prunus salicina,38,group_4032,1,train
Prunus salicina/IMG_2424.JPG,Prunus salicina,38,group_4033,1,train
Prunus salicina/IMG_2425.JPG,Prunus salicina,38,group_4034,1,test
Prunus salicina/IMG_2426.JPG,Prunus salicina,38,group_4035,1,train
Prunus salicina/IMG_2427.JPG,Prunus salicina,38,group_4036,1,validation
Prunus salicina/IMG_2428.JPG,Prunus salicina,38,group_4037,1,train
Prunus salicina/IMG_2429.JPG,Prunus salicina,38,group_4038,1,train
Prunus salicina/IMG_2430.JPG,Prunus salicina,38,group_4039,1,test
Prunus salicina/IMG_2431.JPG,Prunus salicina,38,group_4040,1,train
Prunus salicina/IMG_2432.JPG,Prunus salicina,38,group_4041,1,train
Prunus salicina/IMG_2433.JPG,Prunus salicina,38,group_4042,1,test
Prunus salicina/IMG_2434.JPG,Prunus salicina,38,group_4043,1,train
Prunus salicina/IMG_2435.JPG,Prunus salicina,38,group_4044,1,train
Prunus salicina/IMG_2436.JPG,Prunus salicina,38,group_4045,1,train
Prunus salicina/IMG_2437.JPG,Prunus salicina,38,group_4046,1,train
Prunus salicina/IMG_2438.JPG,Prunus salicina,38,group_4047,1,train
Prunus salicina/IMG_2439.JPG,Prunus salicina,38,group_4048,1,train
Prunus salicina/IMG_2440.JPG,Prunus salicina,38,group_4049,1,test
Prunus salicina/IMG_2441.JPG,Prunus salicina,38,group_4050,1,test
Prunus salicina/IMG_2442.JPG,Prunus salicina,38,group_4051,1,train
Prunus salicina/IMG_2443.JPG,Prunus salicina,38,group_4052,1,train
Prunus salicina/IMG_2444.JPG,Prunus salicina,38,group_4053,1,train
Prunus salicina/IMG_2445.JPG,Prunus salicina,38,group_4054,1,validation
Prunus salicina/IMG_2446.JPG,Prunus salicina,38,group_4055,1,train
Prunus salicina/IMG_2447.JPG,Prunus salicina,38,group_4056,1,train
Prunus salicina/IMG_2448.JPG,Prunus salicina,38,group_0183,2,validation
Prunus salicina/IMG_2449.JPG,Prunus salicina,38,group_0183,2,validation
Prunus salicina/IMG_2450.JPG,Prunus salicina,38,group_4057,1,train
Prunus salicina/IMG_2451.JPG,Prunus salicina,38,group_4058,1,train
Prunus salicina/IMG_2452.JPG,Prunus salicina,38,group_4059,1,train
Prunus salicina/IMG_2453.JPG,Prunus salicina,38,group_4060,1,train
Prunus salicina/IMG_2454.JPG,Prunus salicina,38,group_4061,1,train
Prunus salicina/IMG_2455.JPG,Prunus salicina,38,group_4062,1,train
Prunus salicina/IMG_2456.JPG,Prunus salicina,38,group_4063,1,train
Prunus salicina/IMG_2457.JPG,Prunus salicina,38,group_4064,1,train
Prunus salicina/IMG_2458.JPG,Prunus salicina,38,group_4065,1,train
Prunus salicina/IMG_2459.JPG,Prunus salicina,38,group_4066,1,test
Prunus salicina/IMG_2460.JPG,Prunus salicina,38,group_4067,1,train
Prunus salicina/IMG_2461.JPG,Prunus salicina,38,group_4068,1,test
Prunus salicina/IMG_2462.JPG,Prunus salicina,38,group_4069,1,train
Prunus salicina/IMG_2463.JPG,Prunus salicina,38,group_4070,1,train
Prunus salicina/IMG_2464.JPG,Prunus salicina,38,group_4071,1,train
Prunus salicina/IMG_2465.JPG,Prunus salicina,38,group_4072,1,train
Prunus salicina/IMG_2466.JPG,Prunus salicina,38,group_4073,1,train
Prunus salicina/IMG_2467.JPG,Prunus salicina,38,group_4074,1,validation
Prunus salicina/IMG_2468.JPG,Prunus salicina,38,group_4075,1,train
Prunus salicina/IMG_2469.JPG,Prunus salicina,38,group_4076,1,train
Prunus salicina/IMG_2470.JPG,Prunus salicina,38,group_4077,1,train
Prunus salicina/IMG_2471.JPG,Prunus salicina,38,group_4078,1,validation
Prunus salicina/IMG_2472.JPG,Prunus salicina,38,group_4079,1,test
Prunus salicina/IMG_2473.JPG,Prunus salicina,38,group_4080,1,validation
Prunus salicina/IMG_2474.JPG,Prunus salicina,38,group_4081,1,train
Prunus salicina/IMG_2475.JPG,Prunus salicina,38,group_4082,1,validation
Prunus salicina/IMG_2476.JPG,Prunus salicina,38,group_4083,1,train
Prunus salicina/IMG_2477.JPG,Prunus salicina,38,group_4084,1,train
Prunus salicina/IMG_2478.JPG,Prunus salicina,38,group_4085,1,test
Prunus salicina/IMG_2479.JPG,Prunus salicina,38,group_4086,1,test
Prunus salicina/IMG_2480.JPG,Prunus salicina,38,group_4087,1,train
Prunus salicina/IMG_2481.JPG,Prunus salicina,38,group_4088,1,test
Psidium guajava/IMG_2482.JPG,Psidium guajava,39,group_4089,1,validation
Psidium guajava/IMG_2483.JPG,Psidium guajava,39,group_4090,1,train
Psidium guajava/IMG_2484.JPG,Psidium guajava,39,group_4091,1,train
Psidium guajava/IMG_2485.JPG,Psidium guajava,39,group_4092,1,validation
Psidium guajava/IMG_2486.JPG,Psidium guajava,39,group_4093,1,train
Psidium guajava/IMG_2487.JPG,Psidium guajava,39,group_4094,1,test
Psidium guajava/IMG_2488.JPG,Psidium guajava,39,group_4095,1,test
Psidium guajava/IMG_2489.JPG,Psidium guajava,39,group_4096,1,train
Psidium guajava/IMG_2490.JPG,Psidium guajava,39,group_4097,1,train
Psidium guajava/IMG_2491.JPG,Psidium guajava,39,group_4098,1,train
Psidium guajava/IMG_2492.JPG,Psidium guajava,39,group_4099,1,train
Psidium guajava/IMG_2493.JPG,Psidium guajava,39,group_4100,1,train
Psidium guajava/IMG_2494.JPG,Psidium guajava,39,group_4101,1,train
Psidium guajava/IMG_2495.JPG,Psidium guajava,39,group_4102,1,train
Psidium guajava/IMG_2496.JPG,Psidium guajava,39,group_4103,1,train
Psidium guajava/IMG_2497.JPG,Psidium guajava,39,group_4104,1,test
Psidium guajava/IMG_2498.JPG,Psidium guajava,39,group_4105,1,train
Psidium guajava/IMG_2499.JPG,Psidium guajava,39,group_4106,1,train
Psidium guajava/IMG_2500.JPG,Psidium guajava,39,group_4107,1,train
Psidium guajava/IMG_2501.JPG,Psidium guajava,39,group_4108,1,train
Psidium guajava/IMG_2502.JPG,Psidium guajava,39,group_4109,1,train
Psidium guajava/IMG_2503.JPG,Psidium guajava,39,group_4110,1,train
Psidium guajava/IMG_2504.JPG,Psidium guajava,39,group_4111,1,test
Psidium guajava/IMG_2505.JPG,Psidium guajava,39,group_4112,1,train
Psidium guajava/IMG_2506.JPG,Psidium guajava,39,group_4113,1,train
Psidium guajava/IMG_2507.JPG,Psidium guajava,39,group_4114,1,validation
Psidium guajava/IMG_2508.JPG,Psidium guajava,39,group_4115,1,train
Psidium guajava/IMG_2509.JPG,Psidium guajava,39,group_4116,1,train
Psidium guajava/IMG_2510.JPG,Psidium guajava,39,group_4117,1,train
Psidium guajava/IMG_2511.JPG,Psidium guajava,39,group_4118,1,train
Psidium guajava/IMG_2512.JPG,Psidium guajava,39,group_4119,1,test
Psidium guajava/IMG_2513.JPG,Psidium guajava,39,group_4120,1,train
Psidium guajava/IMG_2514.JPG,Psidium guajava,39,group_4121,1,validation
Psidium guajava/IMG_2515.JPG,Psidium guajava,39,group_4122,1,train
Psidium guajava/IMG_2516.JPG,Psidium guajava,39,group_4123,1,train
Psidium guajava/IMG_2517.JPG,Psidium guajava,39,group_4124,1,test
Psidium guajava/IMG_2518.JPG,Psidium guajava,39,group_4125,1,train
Psidium guajava/IMG_2519.JPG,Psidium guajava,39,group_4126,1,validation
Psidium guajava/IMG_2520.JPG,Psidium guajava,39,group_4127,1,train
Psidium guajava/IMG_2521.JPG,Psidium guajava,39,group_4128,1,validation
Psidium guajava/IMG_2522.JPG,Psidium guajava,39,group_4129,1,train
Psidium guajava/IMG_2523.JPG,Psidium guajava,39,group_4130,1,train
Psidium guajava/IMG_2524.JPG,Psidium guajava,39,group_4131,1,test
Psidium guajava/IMG_2525.JPG,Psidium guajava,39,group_4132,1,validation
Psidium guajava/IMG_2526.JPG,Psidium guajava,39,group_4133,1,train
Psidium guajava/IMG_2527.JPG,Psidium guajava,39,group_4134,1,test
Psidium guajava/IMG_2528.JPG,Psidium guajava,39,group_4135,1,train
Psidium guajava/IMG_2529.JPG,Psidium guajava,39,group_4136,1,train
Psidium guajava/IMG_2530.JPG,Psidium guajava,39,group_4137,1,test
Psidium guajava/IMG_2531.JPG,Psidium guajava,39,group_4138,1,validation
Psidium guajava/IMG_2532.JPG,Psidium guajava,39,group_4139,1,train
Psidium guajava/IMG_2533.JPG,Psidium guajava,39,group_4140,1,test
Psidium guajava/IMG_2534.JPG,Psidium guajava,39,group_4141,1,train
Psidium guajava/IMG_2535.JPG,Psidium guajava,39,group_4142,1,train
Psidium guajava/IMG_2536.JPG,Psidium guajava,39,group_4143,1,train
Psidium guajava/IMG_2537.JPG,Psidium guajava,39,group_4144,1,train
Psidium guajava/IMG_2538.JPG,Psidium guajava,39,group_4145,1,train
Psidium guajava/IMG_2539.JPG,Psidium guajava,39,group_4146,1,validation
Psidium guajava/IMG_2540.JPG,Psidium guajava,39,group_4147,1,train
Psidium guajava/IMG_2541.JPG,Psidium guajava,39,group_4148,1,train
Psidium guajava/IMG_2542.JPG,Psidium guajava,39,group_4149,1,test
Psidium guajava/IMG_2543.JPG,Psidium guajava,39,group_4150,1,train
Psidium guajava/IMG_2544.JPG,Psidium guajava,39,group_4151,1,validation
Psidium guajava/IMG_2545.JPG,Psidium guajava,39,group_4152,1,train
Psidium guajava/IMG_2546.JPG,Psidium guajava,39,group_4153,1,train
Psidium guajava/IMG_2547.JPG,Psidium guajava,39,group_4154,1,test
Psidium guajava/IMG_2548.JPG,Psidium guajava,39,group_4155,1,train
Psidium guajava/IMG_2549.JPG,Psidium guajava,39,group_4156,1,validation
Psidium guajava/IMG_2550.JPG,Psidium guajava,39,group_4157,1,train
Psidium guajava/IMG_2551.JPG,Psidium guajava,39,group_4158,1,train
Psidium guajava/IMG_2552.JPG,Psidium guajava,39,group_4159,1,train
Psidium guajava/IMG_2553.JPG,Psidium guajava,39,group_4160,1,test
Psidium guajava/IMG_2554.JPG,Psidium guajava,39,group_4161,1,train
Psidium guajava/IMG_2555.JPG,Psidium guajava,39,group_4162,1,train
Psidium guajava/IMG_2556.JPG,Psidium guajava,39,group_4163,1,validation
Psidium guajava/IMG_2557.JPG,Psidium guajava,39,group_4164,1,validation
Psidium guajava/IMG_2558.JPG,Psidium guajava,39,group_4165,1,train
Psidium guajava/IMG_2559.JPG,Psidium guajava,39,group_4166,1,train
Psidium guajava/IMG_2560.JPG,Psidium guajava,39,group_4167,1,train
Psidium guajava/IMG_2561.JPG,Psidium guajava,39,group_4168,1,train
Psidium guajava/IMG_2562.JPG,Psidium guajava,39,group_4169,1,train
Psidium guajava/IMG_2563.JPG,Psidium guajava,39,group_4170,1,test
Psidium guajava/IMG_2564.JPG,Psidium guajava,39,group_4171,1,train
Psidium guajava/IMG_2565.JPG,Psidium guajava,39,group_4172,1,validation
Psidium guajava/IMG_2566.JPG,Psidium guajava,39,group_4173,1,train
Psidium guajava/IMG_2567.JPG,Psidium guajava,39,group_4174,1,train
Psidium guajava/IMG_2568.JPG,Psidium guajava,39,group_4175,1,validation
Psidium guajava/IMG_2569.JPG,Psidium guajava,39,group_4176,1,train
Psidium guajava/IMG_2570.JPG,Psidium guajava,39,group_4177,1,train
Psidium guajava/IMG_2571.JPG,Psidium guajava,39,group_4178,1,train
Psidium guajava/IMG_2572.JPG,Psidium guajava,39,group_4179,1,validation
Psidium guajava/IMG_2573.JPG,Psidium guajava,39,group_4180,1,train
Psidium guajava/IMG_2574.JPG,Psidium guajava,39,group_4181,1,validation
Psidium guajava/IMG_2575.JPG,Psidium guajava,39,group_4182,1,train
Psidium guajava/IMG_2576.JPG,Psidium guajava,39,group_4183,1,train
Psidium guajava/IMG_2577.JPG,Psidium guajava,39,group_4184,1,train
Psidium guajava/IMG_2578.JPG,Psidium guajava,39,group_4185,1,train
Psidium guajava/IMG_2579.JPG,Psidium guajava,39,group_4186,1,train
Psidium guajava/IMG_2580.JPG,Psidium guajava,39,group_4187,1,train
Psidium guajava/IMG_2581.JPG,Psidium guajava,39,group_4188,1,train
Psidium guajava/IMG_2582.JPG,Psidium guajava,39,group_4189,1,train
Psidium guajava/IMG_2583.JPG,Psidium guajava,39,group_4190,1,test
Psidium guajava/IMG_2584.JPG,Psidium guajava,39,group_0184,2,train
Psidium guajava/IMG_2585.JPG,Psidium guajava,39,group_0184,2,train
Psidium guajava/IMG_2586.JPG,Psidium guajava,39,group_4191,1,train
Psidium guajava/IMG_2587.JPG,Psidium guajava,39,group_4192,1,test
Psidium guajava/IMG_2588.JPG,Psidium guajava,39,group_4193,1,test
Psidium guajava/IMG_2589.JPG,Psidium guajava,39,group_4194,1,train
Psidium guajava/IMG_2590.JPG,Psidium guajava,39,group_4195,1,train
Psidium guajava/IMG_2591.JPG,Psidium guajava,39,group_4196,1,train
Psidium guajava/IMG_2592.JPG,Psidium guajava,39,group_4197,1,train
Psidium guajava/IMG_2593.JPG,Psidium guajava,39,group_4198,1,train
Psidium guajava/IMG_2594.JPG,Psidium guajava,39,group_4199,1,test
Psidium guajava/IMG_2595.JPG,Psidium guajava,39,group_4200,1,validation
Psidium guajava/IMG_2596.JPG,Psidium guajava,39,group_4201,1,train
Psidium guajava/IMG_2597.JPG,Psidium guajava,39,group_4202,1,train
Psidium guajava/IMG_2598.JPG,Psidium guajava,39,group_4203,1,train
Psidium guajava/IMG_2599.JPG,Psidium guajava,39,group_4204,1,train
Psidium guajava/IMG_2600.JPG,Psidium guajava,39,group_4205,1,train
Psidium guajava/IMG_2601.JPG,Psidium guajava,39,group_4206,1,train
Psidium guajava/IMG_2602.JPG,Psidium guajava,39,group_4207,1,train
Psidium guajava/IMG_2603.JPG,Psidium guajava,39,group_4208,1,train
Pterocarpus macrocarpus/IMG_5677.JPG,Pterocarpus macrocarpus,40,group_4209,1,train
Pterocarpus macrocarpus/IMG_5678.JPG,Pterocarpus macrocarpus,40,group_4210,1,train
Pterocarpus macrocarpus/IMG_5679.JPG,Pterocarpus macrocarpus,40,group_4211,1,train
Pterocarpus macrocarpus/IMG_5680.JPG,Pterocarpus macrocarpus,40,group_4212,1,train
Pterocarpus macrocarpus/IMG_5681.JPG,Pterocarpus macrocarpus,40,group_4213,1,train
Pterocarpus macrocarpus/IMG_5682.JPG,Pterocarpus macrocarpus,40,group_4214,1,train
Pterocarpus macrocarpus/IMG_5683.JPG,Pterocarpus macrocarpus,40,group_4215,1,validation
Pterocarpus macrocarpus/IMG_5684.JPG,Pterocarpus macrocarpus,40,group_4216,1,train
Pterocarpus macrocarpus/IMG_5685.JPG,Pterocarpus macrocarpus,40,group_4217,1,validation
Pterocarpus macrocarpus/IMG_5686.JPG,Pterocarpus macrocarpus,40,group_4218,1,train
Pterocarpus macrocarpus/IMG_5687.JPG,Pterocarpus macrocarpus,40,group_4219,1,test
Pterocarpus macrocarpus/IMG_5688.JPG,Pterocarpus macrocarpus,40,group_4220,1,validation
Pterocarpus macrocarpus/IMG_5689.JPG,Pterocarpus macrocarpus,40,group_4221,1,train
Pterocarpus macrocarpus/IMG_5690.JPG,Pterocarpus macrocarpus,40,group_4222,1,train
Pterocarpus macrocarpus/IMG_5691.JPG,Pterocarpus macrocarpus,40,group_4223,1,validation
Pterocarpus macrocarpus/IMG_5692.JPG,Pterocarpus macrocarpus,40,group_4224,1,train
Pterocarpus macrocarpus/IMG_5693.JPG,Pterocarpus macrocarpus,40,group_4225,1,train
Pterocarpus macrocarpus/IMG_5694.JPG,Pterocarpus macrocarpus,40,group_4226,1,train
Pterocarpus macrocarpus/IMG_5695.JPG,Pterocarpus macrocarpus,40,group_4227,1,train
Pterocarpus macrocarpus/IMG_5696.JPG,Pterocarpus macrocarpus,40,group_4228,1,test
Pterocarpus macrocarpus/IMG_5697.JPG,Pterocarpus macrocarpus,40,group_4229,1,train
Pterocarpus macrocarpus/IMG_5698.JPG,Pterocarpus macrocarpus,40,group_4230,1,validation
Pterocarpus macrocarpus/IMG_5699.JPG,Pterocarpus macrocarpus,40,group_4231,1,train
Pterocarpus macrocarpus/IMG_5700.JPG,Pterocarpus macrocarpus,40,group_4232,1,train
Pterocarpus macrocarpus/IMG_5701.JPG,Pterocarpus macrocarpus,40,group_4233,1,validation
Pterocarpus macrocarpus/IMG_5702.JPG,Pterocarpus macrocarpus,40,group_4234,1,train
Pterocarpus macrocarpus/IMG_5703.JPG,Pterocarpus macrocarpus,40,group_4235,1,validation
Pterocarpus macrocarpus/IMG_5704.JPG,Pterocarpus macrocarpus,40,group_4236,1,train
Pterocarpus macrocarpus/IMG_5705.JPG,Pterocarpus macrocarpus,40,group_4237,1,train
Pterocarpus macrocarpus/IMG_5706.JPG,Pterocarpus macrocarpus,40,group_4238,1,validation
Pterocarpus macrocarpus/IMG_5707.JPG,Pterocarpus macrocarpus,40,group_4239,1,train
Pterocarpus macrocarpus/IMG_5708.JPG,Pterocarpus macrocarpus,40,group_4240,1,train
Pterocarpus macrocarpus/IMG_5709.JPG,Pterocarpus macrocarpus,40,group_4241,1,validation
Pterocarpus macrocarpus/IMG_5710.JPG,Pterocarpus macrocarpus,40,group_4242,1,train
Pterocarpus macrocarpus/IMG_5711.JPG,Pterocarpus macrocarpus,40,group_4243,1,test
Pterocarpus macrocarpus/IMG_5712.JPG,Pterocarpus macrocarpus,40,group_4244,1,train
Pterocarpus macrocarpus/IMG_5713.JPG,Pterocarpus macrocarpus,40,group_4245,1,test
Pterocarpus macrocarpus/IMG_5714.JPG,Pterocarpus macrocarpus,40,group_4246,1,train
Pterocarpus macrocarpus/IMG_5715.JPG,Pterocarpus macrocarpus,40,group_4247,1,train
Pterocarpus macrocarpus/IMG_5716.JPG,Pterocarpus macrocarpus,40,group_4248,1,test
Pterocarpus macrocarpus/IMG_5717.JPG,Pterocarpus macrocarpus,40,group_4249,1,train
Pterocarpus macrocarpus/IMG_5718.JPG,Pterocarpus macrocarpus,40,group_4250,1,train
Pterocarpus macrocarpus/IMG_5719.JPG,Pterocarpus macrocarpus,40,group_4251,1,train
Pterocarpus macrocarpus/IMG_5720.JPG,Pterocarpus macrocarpus,40,group_4252,1,train
Pterocarpus macrocarpus/IMG_5721.JPG,Pterocarpus macrocarpus,40,group_4253,1,train
Pterocarpus macrocarpus/IMG_5722.JPG,Pterocarpus macrocarpus,40,group_4254,1,train
Pterocarpus macrocarpus/IMG_5723.JPG,Pterocarpus macrocarpus,40,group_4255,1,train
Pterocarpus macrocarpus/IMG_5724.JPG,Pterocarpus macrocarpus,40,group_4256,1,train
Pterocarpus macrocarpus/IMG_5725.JPG,Pterocarpus macrocarpus,40,group_4257,1,train
Pterocarpus macrocarpus/IMG_5726.JPG,Pterocarpus macrocarpus,40,group_4258,1,train
Pterocarpus macrocarpus/IMG_5727.JPG,Pterocarpus macrocarpus,40,group_4259,1,test
Pterocarpus macrocarpus/IMG_5728.JPG,Pterocarpus macrocarpus,40,group_4260,1,test
Pterocarpus macrocarpus/IMG_5729.JPG,Pterocarpus macrocarpus,40,group_4261,1,train
Pterocarpus macrocarpus/IMG_5730.JPG,Pterocarpus macrocarpus,40,group_4262,1,train
Pterocarpus macrocarpus/IMG_5731.JPG,Pterocarpus macrocarpus,40,group_4263,1,train
Pterocarpus macrocarpus/IMG_5732.JPG,Pterocarpus macrocarpus,40,group_4264,1,train
Pterocarpus macrocarpus/IMG_5733.JPG,Pterocarpus macrocarpus,40,group_4265,1,test
Pterocarpus macrocarpus/IMG_5734.JPG,Pterocarpus macrocarpus,40,group_4266,1,train
Pterocarpus macrocarpus/IMG_5735.JPG,Pterocarpus macrocarpus,40,group_4267,1,train
Pterocarpus macrocarpus/IMG_5736.JPG,Pterocarpus macrocarpus,40,group_4268,1,test
Pterocarpus macrocarpus/IMG_5737.JPG,Pterocarpus macrocarpus,40,group_4269,1,train
Pterocarpus macrocarpus/IMG_5738.JPG,Pterocarpus macrocarpus,40,group_4270,1,train
Pterocarpus macrocarpus/IMG_5739.JPG,Pterocarpus macrocarpus,40,group_4271,1,train
Pterocarpus macrocarpus/IMG_5740.JPG,Pterocarpus macrocarpus,40,group_4272,1,train
Pterocarpus macrocarpus/IMG_5741.JPG,Pterocarpus macrocarpus,40,group_4273,1,train
Pterocarpus macrocarpus/IMG_5742.JPG,Pterocarpus macrocarpus,40,group_4274,1,test
Pterocarpus macrocarpus/IMG_5743.JPG,Pterocarpus macrocarpus,40,group_4275,1,train
Pterocarpus macrocarpus/IMG_5744.JPG,Pterocarpus macrocarpus,40,group_4276,1,train
Pterocarpus macrocarpus/IMG_5745.JPG,Pterocarpus macrocarpus,40,group_4277,1,test
Pterocarpus macrocarpus/IMG_5746.JPG,Pterocarpus macrocarpus,40,group_4278,1,train
Pterocarpus macrocarpus/IMG_5747.JPG,Pterocarpus macrocarpus,40,group_4279,1,train
Pterocarpus macrocarpus/IMG_5748.JPG,Pterocarpus macrocarpus,40,group_4280,1,train
Pterocarpus macrocarpus/IMG_5749.JPG,Pterocarpus macrocarpus,40,group_4281,1,train
Pterocarpus macrocarpus/IMG_5750.JPG,Pterocarpus macrocarpus,40,group_4282,1,validation
Pterocarpus macrocarpus/IMG_5751.JPG,Pterocarpus macrocarpus,40,group_4283,1,test
Pterocarpus macrocarpus/IMG_5752.JPG,Pterocarpus macrocarpus,40,group_4284,1,train
Pterocarpus macrocarpus/IMG_5753.JPG,Pterocarpus macrocarpus,40,group_4285,1,train
Pterocarpus macrocarpus/IMG_5754.JPG,Pterocarpus macrocarpus,40,group_4286,1,validation
Pterocarpus macrocarpus/IMG_5755.JPG,Pterocarpus macrocarpus,40,group_4287,1,train
Pterocarpus macrocarpus/IMG_5756.JPG,Pterocarpus macrocarpus,40,group_4288,1,train
Pterocarpus macrocarpus/IMG_5757.JPG,Pterocarpus macrocarpus,40,group_4289,1,validation
Pterocarpus macrocarpus/IMG_5758.JPG,Pterocarpus macrocarpus,40,group_4290,1,train
Pterocarpus macrocarpus/IMG_5759.JPG,Pterocarpus macrocarpus,40,group_4291,1,test
Pterocarpus macrocarpus/IMG_5760.JPG,Pterocarpus macrocarpus,40,group_4292,1,test
Pterocarpus macrocarpus/IMG_5761.JPG,Pterocarpus macrocarpus,40,group_4293,1,train
Pterocarpus macrocarpus/IMG_5762.JPG,Pterocarpus macrocarpus,40,group_4294,1,train
Pterocarpus macrocarpus/IMG_5763.JPG,Pterocarpus macrocarpus,40,group_4295,1,train
Pterocarpus macrocarpus/IMG_5764.JPG,Pterocarpus macrocarpus,40,group_4296,1,train
Pterocarpus macrocarpus/IMG_5765.JPG,Pterocarpus macrocarpus,40,group_4297,1,train
Pterocarpus macrocarpus/IMG_5766.JPG,Pterocarpus macrocarpus,40,group_4298,1,train
Pterocarpus macrocarpus/IMG_5767.JPG,Pterocarpus macrocarpus,40,group_4299,1,train
Pterocarpus macrocarpus/IMG_5768.JPG,Pterocarpus macrocarpus,40,group_4300,1,validation
Pterocarpus macrocarpus/IMG_5769.JPG,Pterocarpus macrocarpus,40,group_4301,1,train
Pterocarpus macrocarpus/IMG_5770.JPG,Pterocarpus macrocarpus,40,group_4302,1,train
Pterocarpus macrocarpus/IMG_5771.JPG,Pterocarpus macrocarpus,40,group_4303,1,validation
Pterocarpus macrocarpus/IMG_5772.JPG,Pterocarpus macrocarpus,40,group_4304,1,validation
Pterocarpus macrocarpus/IMG_5773.JPG,Pterocarpus macrocarpus,40,group_4305,1,train
Pterocarpus macrocarpus/IMG_5774.JPG,Pterocarpus macrocarpus,40,group_4306,1,train
Pterocarpus macrocarpus/IMG_5775.JPG,Pterocarpus macrocarpus,40,group_4307,1,test
Pterocarpus macrocarpus/IMG_5776.JPG,Pterocarpus macrocarpus,40,group_4308,1,train
Senna siamea/IMG_5965.JPG,Senna siamea,41,group_4309,1,validation
Senna siamea/IMG_5966.JPG,Senna siamea,41,group_4310,1,train
Senna siamea/IMG_5967.JPG,Senna siamea,41,group_4311,1,validation
Senna siamea/IMG_5968.JPG,Senna siamea,41,group_4312,1,train
Senna siamea/IMG_5969.JPG,Senna siamea,41,group_4313,1,train
Senna siamea/IMG_5970.JPG,Senna siamea,41,group_4314,1,train
Senna siamea/IMG_5971.JPG,Senna siamea,41,group_4315,1,train
Senna siamea/IMG_5972.JPG,Senna siamea,41,group_4316,1,train
Senna siamea/IMG_5973.JPG,Senna siamea,41,group_4317,1,train
Senna siamea/IMG_5974.JPG,Senna siamea,41,group_4318,1,train
Senna siamea/IMG_5975.JPG,Senna siamea,41,group_4319,1,train
Senna siamea/IMG_5976.JPG,Senna siamea,41,group_4320,1,train
Senna siamea/IMG_5977.JPG,Senna siamea,41,group_4321,1,train
Senna siamea/IMG_5978.JPG,Senna siamea,41,group_4322,1,train
Senna siamea/IMG_5979.JPG,Senna siamea,41,group_4323,1,train
Senna siamea/IMG_5980.JPG,Senna siamea,41,group_4324,1,train
Senna siamea/IMG_5981.JPG,Senna siamea,41,group_4325,1,test
Senna siamea/IMG_5982.JPG,Senna siamea,41,group_4326,1,validation
Senna siamea/IMG_5983.JPG,Senna siamea,41,group_4327,1,train
Senna siamea/IMG_5984.JPG,Senna siamea,41,group_4328,1,train
Senna siamea/IMG_5985.JPG,Senna siamea,41,group_4329,1,train
Senna siamea/IMG_5986.JPG,Senna siamea,41,group_4330,1,train
Senna siamea/IMG_5987.JPG,Senna siamea,41,group_4331,1,test
Senna siamea/IMG_5988.JPG,Senna siamea,41,group_4332,1,train
Senna siamea/IMG_5989.JPG,Senna siamea,41,group_4333,1,train
Senna siamea/IMG_5990.JPG,Senna siamea,41,group_4334,1,test
Senna siamea/IMG_5991.JPG,Senna siamea,41,group_4335,1,train
Senna siamea/IMG_5992.JPG,Senna siamea,41,group_4336,1,train
Senna siamea/IMG_5993.JPG,Senna siamea,41,group_4337,1,test
Senna siamea/IMG_5994.JPG,Senna siamea,41,group_4338,1,train
Senna siamea/IMG_5995.JPG,Senna siamea,41,group_4339,1,train
Senna siamea/IMG_5996.JPG,Senna siamea,41,group_4340,1,train
Senna siamea/IMG_5997.JPG,Senna siamea,41,group_4341,1,train
Senna siamea/IMG_5998.JPG,Senna siamea,41,group_4342,1,validation
Senna siamea/IMG_5999.JPG,Senna siamea,41,group_4343,1,test
Senna siamea/IMG_6001.JPG,Senna siamea,41,group_4344,1,validation
Senna siamea/IMG_6002.JPG,Senna siamea,41,group_4345,1,validation
Senna siamea/IMG_6003.JPG,Senna siamea,41,group_4346,1,train
Senna siamea/IMG_6004.JPG,Senna siamea,41,group_4347,1,validation
Senna siamea/IMG_6005.JPG,Senna siamea,41,group_4348,1,train
Senna siamea/IMG_6006.JPG,Senna siamea,41,group_4349,1,train
Senna siamea/IMG_6007.JPG,Senna siamea,41,group_4350,1,test
Senna siamea/IMG_6008.JPG,Senna siamea,41,group_4351,1,train
Senna siamea/IMG_6009.JPG,Senna siamea,41,group_4352,1,train
Senna siamea/IMG_6010.JPG,Senna siamea,41,group_4353,1,validation
Senna siamea/IMG_6011.JPG,Senna siamea,41,group_4354,1,train
Senna siamea/IMG_6012.JPG,Senna siamea,41,group_4355,1,test
Senna siamea/IMG_6013.JPG,Senna siamea,41,group_4356,1,train
Senna siamea/IMG_6014.JPG,Senna siamea,41,group_4357,1,validation
Senna siamea/IMG_6015.JPG,Senna siamea,41,group_4358,1,train
Senna siamea/IMG_6016.JPG,Senna siamea,41,group_4359,1,train
Senna siamea/IMG_6017.JPG,Senna siamea,41,group_4360,1,train
Senna siamea/IMG_6018.JPG,Senna siamea,41,group_4361,1,train
Senna siamea/IMG_6019.JPG,Senna siamea,41,group_4362,1,train
Senna siamea/IMG_6020.JPG,Senna siamea,41,group_4363,1,validation
Senna siamea/IMG_6021.JPG,Senna siamea,41,group_4364,1,train
Senna siamea/IMG_6022.JPG,Senna siamea,41,group_0185,2,train
Senna siamea/IMG_6023.JPG,Senna siamea,41,group_0185,2,train
Senna siamea/IMG_6024.JPG,Senna siamea,41,group_4365,1,test
Senna siamea/IMG_6025.JPG,Senna siamea,41,group_4366,1,validation
Senna siamea/IMG_6026.JPG,Senna siamea,41,group_4367,1,test
Senna siamea/IMG_6027.JPG,Senna siamea,41,group_4368,1,train
Senna siamea/IMG_6028.JPG,Senna siamea,41,group_4369,1,train
Senna siamea/IMG_6029.JPG,Senna siamea,41,group_4370,1,train
Senna siamea/IMG_6030.JPG,Senna siamea,41,group_4371,1,train
Senna siamea/IMG_6031.JPG,Senna siamea,41,group_4372,1,validation
Senna siamea/IMG_6032.JPG,Senna siamea,41,group_4373,1,test
Senna siamea/IMG_6033.JPG,Senna siamea,41,group_4374,1,train
Senna siamea/IMG_6034.JPG,Senna siamea,41,group_4375,1,train
Senna siamea/IMG_6035.JPG,Senna siamea,41,group_4376,1,train
Senna siamea/IMG_6036.JPG,Senna siamea,41,group_4377,1,train
Senna siamea/IMG_6037.JPG,Senna siamea,41,group_4378,1,train
Senna siamea/IMG_6038.JPG,Senna siamea,41,group_4379,1,train
Senna siamea/IMG_6039.JPG,Senna siamea,41,group_4380,1,test
Senna siamea/IMG_6040.JPG,Senna siamea,41,group_4381,1,train
Senna siamea/IMG_6041.JPG,Senna siamea,41,group_4382,1,train
Senna siamea/IMG_6042.JPG,Senna siamea,41,group_4383,1,train
Senna siamea/IMG_6043.JPG,Senna siamea,41,group_4384,1,train
Senna siamea/IMG_6044.JPG,Senna siamea,41,group_4385,1,train
Senna siamea/IMG_6045.JPG,Senna siamea,41,group_4386,1,train
Senna siamea/IMG_6046.JPG,Senna siamea,41,group_4387,1,train
Senna siamea/IMG_6047.JPG,Senna siamea,41,group_4388,1,train
Senna siamea/IMG_6048.JPG,Senna siamea,41,group_4389,1,train
Senna siamea/IMG_6049.JPG,Senna siamea,41,group_4390,1,train
Senna siamea/IMG_6050.JPG,Senna siamea,41,group_4391,1,train
Senna siamea/IMG_6051.JPG,Senna siamea,41,group_4392,1,train
Senna siamea/IMG_6052.JPG,Senna siamea,41,group_4393,1,validation
Senna siamea/IMG_6053.JPG,Senna siamea,41,group_4394,1,train
Senna siamea/IMG_6054.JPG,Senna siamea,41,group_4395,1,test
Senna siamea/IMG_6055.JPG,Senna siamea,41,group_4396,1,validation
Senna siamea/IMG_6056.JPG,Senna siamea,41,group_4397,1,test
Senna siamea/IMG_6057.JPG,Senna siamea,41,group_4398,1,train
Senna siamea/IMG_6058.JPG,Senna siamea,41,group_4399,1,test
Spondias mombin L/IMG_3367.JPG,Spondias mombin L,42,group_4400,1,train
Spondias mombin L/IMG_3368.JPG,Spondias mombin L,42,group_4401,1,train
Spondias mombin L/IMG_3369.JPG,Spondias mombin L,42,group_4402,1,train
Spondias mombin L/IMG_3370.JPG,Spondias mombin L,42,group_4403,1,train
Spondias mombin L/IMG_3371.JPG,Spondias mombin L,42,group_4404,1,train
Spondias mombin L/IMG_3372.JPG,Spondias mombin L,42,group_4405,1,test
Spondias mombin L/IMG_3373.JPG,Spondias mombin L,42,group_4406,1,train
Spondias mombin L/IMG_3374.JPG,Spondias mombin L,42,group_4407,1,train
Spondias mombin L/IMG_3375.JPG,Spondias mombin L,42,group_4408,1,train
Spondias mombin L/IMG_3376.JPG,Spondias mombin L,42,group_4409,1,train
Spondias mombin L/IMG_3377.JPG,Spondias mombin L,42,group_4410,1,validation
Spondias mombin L/IMG_3378.JPG,Spondias mombin L,42,group_4411,1,validation
Spondias mombin L/IMG_3379.JPG,Spondias mombin L,42,group_4412,1,train
Spondias mombin L/IMG_3380.JPG,Spondias mombin L,42,group_4413,1,test
Spondias mombin L/IMG_3381.JPG,Spondias mombin L,42,group_4414,1,train
Spondias mombin L/IMG_3382.JPG,Spondias mombin L,42,group_4415,1,train
Spondias mombin L/IMG_3383.JPG,Spondias mombin L,42,group_4416,1,train
Spondias mombin L/IMG_3384.JPG,Spondias mombin L,42,group_4417,1,train
Spondias mombin L/IMG_3385.JPG,Spondias mombin L,42,group_4418,1,train
Spondias mombin L/IMG_3386.JPG,Spondias mombin L,42,group_4419,1,train
Spondias mombin L/IMG_3387.JPG,Spondias mombin L,42,group_4420,1,train
Spondias mombin L/IMG_3388.JPG,Spondias mombin L,42,group_4421,1,test
Spondias mombin L/IMG_3389.JPG,Spondias mombin L,42,group_4422,1,train
Spondias mombin L/IMG_3390.JPG,Spondias mombin L,42,group_4423,1,train
Spondias mombin L/IMG_3391.JPG,Spondias mombin L,42,group_4424,1,train
Spondias mombin L/IMG_3392.JPG,Spondias mombin L,42,group_4425,1,train
Spondias mombin L/IMG_3393.JPG,Spondias mombin L,42,group_4426,1,train
Spondias mombin L/IMG_3394.JPG,Spondias mombin L,42,group_4427,1,train
Spondias mombin L/IMG_3395.JPG,Spondias mombin L,42,group_4428,1,train
Spondias mombin L/IMG_3396.JPG,Spondias mombin L,42,group_4429,1,train
Spondias mombin L/IMG_3397.JPG,Spondias mombin L,42,group_4430,1,train
Spondias mombin L/IMG_3398.JPG,Spondias mombin L,42,group_4431,1,train
Spondias mombin L/IMG_3399.JPG,Spondias mombin L,42,group_4432,1,validation
Spondias mombin L/IMG_3400.JPG,Spondias mombin L,42,group_4433,1,train
Spondias mombin L/IMG_3401.JPG,Spondias mombin L,42,group_4434,1,test
Spondias mombin L/IMG_3402.JPG,Spondias mombin L,42,group_4435,1,train
Spondias mombin L/IMG_3403.JPG,Spondias mombin L,42,group_4436,1,validation
Spondias mombin L/IMG_3404.JPG,Spondias mombin L,42,group_4437,1,train
Spondias mombin L/IMG_3405.JPG,Spondias mombin L,42,group_4438,1,train
Spondias mombin L/IMG_3406.JPG,Spondias mombin L,42,group_4439,1,train
Spondias mombin L/IMG_3407.JPG,Spondias mombin L,42,group_4440,1,validation
Spondias mombin L/IMG_3408.JPG,Spondias mombin L,42,group_4441,1,train
Spondias mombin L/IMG_3409.JPG,Spondias mombin L,42,group_4442,1,train
Spondias mombin L/IMG_3410.JPG,Spondias mombin L,42,group_0186,2,test
Spondias mombin L/IMG_3411.JPG,Spondias mombin L,42,group_0186,2,test
Spondias mombin L/IMG_3412.JPG,Spondias mombin L,42,group_4443,1,train
Spondias mombin L/IMG_3413.JPG,Spondias mombin L,42,group_4444,1,train
Spondias mombin L/IMG_3414.JPG,Spondias mombin L,42,group_4445,1,train
Spondias mombin L/IMG_3415.JPG,Spondias mombin L,42,group_4446,1,validation
Spondias mombin L/IMG_3416.JPG,Spondias mombin L,42,group_4447,1,validation
Spondias mombin L/IMG_3417.JPG,Spondias mombin L,42,group_4448,1,train
Spondias mombin L/IMG_3418.JPG,Spondias mombin L,42,group_4449,1,train
Spondias mombin L/IMG_3419.JPG,Spondias mombin L,42,group_4450,1,train
Spondias mombin L/IMG_3420.JPG,Spondias mombin L,42,group_4451,1,train
Spondias mombin L/IMG_3421.JPG,Spondias mombin L,42,group_0187,2,train
Spondias mombin L/IMG_3422.JPG,Spondias mombin L,42,group_0187,2,train
Spondias mombin L/IMG_3423.JPG,Spondias mombin L,42,group_4452,1,train
Spondias mombin L/IMG_3424.JPG,Spondias mombin L,42,group_4453,1,train
Spondias mombin L/IMG_3425.JPG,Spondias mombin L,42,group_4454,1,train
Spondias mombin L/IMG_3426.JPG,Spondias mombin L,42,group_4455,1,train
Spondias mombin L/IMG_3427.JPG,Spondias mombin L,42,group_4456,1,test
Spondias mombin L/IMG_3428.JPG,Spondias mombin L,42,group_4457,1,train
Spondias mombin L/IMG_3429.JPG,Spondias mombin L,42,group_4458,1,train
Spondias mombin L/IMG_3430.JPG,Spondias mombin L,42,group_4459,1,test
Spondias mombin L/IMG_3431.JPG,Spondias mombin L,42,group_4460,1,train
Spondias mombin L/IMG_3432.JPG,Spondias mombin L,42,group_4461,1,train
Spondias mombin L/IMG_3433.JPG,Spondias mombin L,42,group_4462,1,train
Spondias mombin L/IMG_3434.JPG,Spondias mombin L,42,group_4463,1,train
Spondias mombin L/IMG_3435.JPG,Spondias mombin L,42,group_4464,1,test
Spondias mombin L/IMG_3436.JPG,Spondias mombin L,42,group_4465,1,train
Spondias mombin L/IMG_3437.JPG,Spondias mombin L,42,group_4466,1,train
Spondias mombin L/IMG_3438.JPG,Spondias mombin L,42,group_4467,1,train
Spondias mombin L/IMG_3439.JPG,Spondias mombin L,42,group_4468,1,train
Spondias mombin L/IMG_3440.JPG,Spondias mombin L,42,group_4469,1,train
Spondias mombin L/IMG_3441.JPG,Spondias mombin L,42,group_4470,1,validation
Spondias mombin L/IMG_3442.JPG,Spondias mombin L,42,group_4471,1,validation
Spondias mombin L/IMG_3443.JPG,Spondias mombin L,42,group_4472,1,test
Spondias mombin L/IMG_3444.JPG,Spondias mombin L,42,group_4473,1,train
Spondias mombin L/IMG_3445.JPG,Spondias mombin L,42,group_4474,1,train
Spondias mombin L/IMG_3446.JPG,Spondias mombin L,42,group_4475,1,train
Spondias mombin L/IMG_3447.JPG,Spondias mombin L,42,group_4476,1,train
Spondias mombin L/IMG_3448.JPG,Spondias mombin L,42,group_4477,1,test
Spondias mombin L/IMG_3449.JPG,Spondias mombin L,42,group_4478,1,train
Spondias mombin L/IMG_3450.JPG,Spondias mombin L,42,group_0188,2,validation
Spondias mombin L/IMG_3451.JPG,Spondias mombin L,42,group_0188,2,validation
Spondias mombin L/IMG_3452.JPG,Spondias mombin L,42,group_4479,1,test
Spondias mombin L/IMG_3453.JPG,Spondias mombin L,42,group_4480,1,validation
Spondias mombin L/IMG_3454.JPG,Spondias mombin L,42,group_4481,1,test
Spondias mombin L/IMG_3455.JPG,Spondias mombin L,42,group_4482,1,test
Spondias mombin L/IMG_3456.JPG,Spondias mombin L,42,group_4483,1,train
Spondias mombin L/IMG_3457.JPG,Spondias mombin L,42,group_4484,1,validation
Spondias mombin L/IMG_3458.JPG,Spondias mombin L,42,group_4485,1,train
Spondias mombin L/IMG_3459.JPG,Spondias mombin L,42,group_4486,1,validation
Spondias mombin L/IMG_3460.JPG,Spondias mombin L,42,group_4487,1,train
Spondias mombin L/IMG_3461.JPG,Spondias mombin L,42,group_4488,1,train
Spondias mombin L/IMG_3462.JPG,Spondias mombin L,42,group_4489,1,train
Spondias mombin L/IMG_3463.JPG,Spondias mombin L,42,group_4490,1,test
Spondias mombin L/IMG_3464.JPG,Spondias mombin L,42,group_4491,1,train
Spondias mombin L/IMG_3465.JPG,Spondias mombin L,42,group_4492,1,train
Spondias mombin L/IMG_3466.JPG,Spondias mombin L,42,group_4493,1,train
Spondias mombin L/IMG_3467.JPG,Spondias mombin L,42,group_4494,1,train
Spondias mombin L/IMG_3468.JPG,Spondias mombin L,42,group_4495,1,validation
Syzygium nervosum/IMG_3003.JPG,Syzygium nervosum,43,group_4496,1,test
Syzygium nervosum/IMG_3004.JPG,Syzygium nervosum,43,group_4497,1,test
Syzygium nervosum/IMG_3005.JPG,Syzygium nervosum,43,group_4498,1,train
Syzygium nervosum/IMG_3006.JPG,Syzygium nervosum,43,group_0189,2,train
Syzygium nervosum/IMG_3007.JPG,Syzygium nervosum,43,group_0189,2,train
Syzygium nervosum/IMG_3008.JPG,Syzygium nervosum,43,group_0066,3,train
Syzygium nervosum/IMG_3009.JPG,Syzygium nervosum,43,group_0066,3,train
Syzygium nervosum/IMG_3010.JPG,Syzygium nervosum,43,group_0066,3,train
Syzygium nervosum/IMG_3011.JPG,Syzygium nervosum,43,group_0190,2,train
Syzygium nervosum/IMG_3012.JPG,Syzygium nervosum,43,group_0190,2,train
Syzygium nervosum/IMG_3013.JPG,Syzygium nervosum,43,group_4499,1,test
Syzygium nervosum/IMG_3014.JPG,Syzygium nervosum,43,group_0034,4,train
Syzygium nervosum/IMG_3015.JPG,Syzygium nervosum,43,group_0034,4,train
Syzygium nervosum/IMG_3016.JPG,Syzygium nervosum,43,group_0034,4,train
Syzygium nervosum/IMG_3017.JPG,Syzygium nervosum,43,group_0034,4,train
Syzygium nervosum/IMG_3018.JPG,Syzygium nervosum,43,group_0008,7,validation
Syzygium nervosum/IMG_3019.JPG,Syzygium nervosum,43,group_0008,7,validation
Syzygium nervosum/IMG_3020.JPG,Syzygium nervosum,43,group_0008,7,validation
Syzygium nervosum/IMG_3021.JPG,Syzygium nervosum,43,group_0008,7,validation
Syzygium nervosum/IMG_3022.JPG,Syzygium nervosum,43,group_0008,7,validation
Syzygium nervosum/IMG_3023.JPG,Syzygium nervosum,43,group_0008,7,validation
Syzygium nervosum/IMG_3024.JPG,Syzygium nervosum,43,group_0008,7,validation
Syzygium nervosum/IMG_3025.JPG,Syzygium nervosum,43,group_4500,1,test
Syzygium nervosum/IMG_3026.JPG,Syzygium nervosum,43,group_4501,1,test
Syzygium nervosum/IMG_3027.JPG,Syzygium nervosum,43,group_4502,1,train
Syzygium nervosum/IMG_3028.JPG,Syzygium nervosum,43,group_4503,1,test
Syzygium nervosum/IMG_3029.JPG,Syzygium nervosum,43,group_4504,1,train
Syzygium nervosum/IMG_3030.JPG,Syzygium nervosum,43,group_4505,1,train
Syzygium nervosum/IMG_3031.JPG,Syzygium nervosum,43,group_4506,1,validation
Syzygium nervosum/IMG_3032.JPG,Syzygium nervosum,43,group_0035,4,train
Syzygium nervosum/IMG_3033.JPG,Syzygium nervosum,43,group_0035,4,train
Syzygium nervosum/IMG_3034.JPG,Syzygium nervosum,43,group_0035,4,train
Syzygium nervosum/IMG_3035.JPG,Syzygium nervosum,43,group_0035,4,train
Syzygium nervosum/IMG_3036.JPG,Syzygium nervosum,43,group_0191,2,train
Syzygium nervosum/IMG_3037.JPG,Syzygium nervosum,43,group_0191,2,train
Syzygium nervosum/IMG_3038.JPG,Syzygium nervosum,43,group_4507,1,train
Syzygium nervosum/IMG_3039.JPG,Syzygium nervosum,43,group_4508,1,train
Syzygium nervosum/IMG_3040.JPG,Syzygium nervosum,43,group_4509,1,train
Syzygium nervosum/IMG_3041.JPG,Syzygium nervosum,43,group_4510,1,validation
Syzygium nervosum/IMG_3042.JPG,Syzygium nervosum,43,group_4511,1,test
Syzygium nervosum/IMG_3043.JPG,Syzygium nervosum,43,group_4512,1,train
Syzygium nervosum/IMG_3044.JPG,Syzygium nervosum,43,group_4513,1,train
Syzygium nervosum/IMG_3045.JPG,Syzygium nervosum,43,group_4514,1,train
Syzygium nervosum/IMG_3046.JPG,Syzygium nervosum,43,group_4515,1,train
Syzygium nervosum/IMG_3047.JPG,Syzygium nervosum,43,group_4516,1,validation
Syzygium nervosum/IMG_3048.JPG,Syzygium nervosum,43,group_4517,1,train
Syzygium nervosum/IMG_3049.JPG,Syzygium nervosum,43,group_4518,1,train
Syzygium nervosum/IMG_3050.JPG,Syzygium nervosum,43,group_4519,1,test
Syzygium nervosum/IMG_3051.JPG,Syzygium nervosum,43,group_4520,1,train
Syzygium nervosum/IMG_3052.JPG,Syzygium nervosum,43,group_4521,1,test
Syzygium nervosum/IMG_3053.JPG,Syzygium nervosum,43,group_4522,1,test
Syzygium nervosum/IMG_3054.JPG,Syzygium nervosum,43,group_4523,1,train
Syzygium nervosum/IMG_3055.JPG,Syzygium nervosum,43,group_0067,3,train
Syzygium nervosum/IMG_3056.JPG,Syzygium nervosum,43,group_0192,2,train
Syzygium nervosum/IMG_3057.JPG,Syzygium nervosum,43,group_0192,2,train
Syzygium nervosum/IMG_3058.JPG,Syzygium nervosum,43,group_0067,3,train
Syzygium nervosum/IMG_3059.JPG,Syzygium nervosum,43,group_0067,3,train
Syzygium nervosum/IMG_3060.JPG,Syzygium nervosum,43,group_4524,1,train
Syzygium nervosum/IMG_3061.JPG,Syzygium nervosum,43,group_0193,2,train
Syzygium nervosum/IMG_3062.JPG,Syzygium nervosum,43,group_0193,2,train
Syzygium nervosum/IMG_3063.JPG,Syzygium nervosum,43,group_0194,2,train
Syzygium nervosum/IMG_3064.JPG,Syzygium nervosum,43,group_0194,2,train
Syzygium nervosum/IMG_3065.JPG,Syzygium nervosum,43,group_4525,1,train
Syzygium nervosum/IMG_3066.JPG,Syzygium nervosum,43,group_4526,1,train
Syzygium nervosum/IMG_3067.JPG,Syzygium nervosum,43,group_4527,1,validation
Syzygium nervosum/IMG_3068.JPG,Syzygium nervosum,43,group_4528,1,validation
Syzygium nervosum/IMG_3069.JPG,Syzygium nervosum,43,group_0195,2,train
Syzygium nervosum/IMG_3070.JPG,Syzygium nervosum,43,group_0195,2,train
Syzygium nervosum/IMG_3071.JPG,Syzygium nervosum,43,group_4529,1,train
Syzygium nervosum/IMG_3072.JPG,Syzygium nervosum,43,group_4530,1,train
Syzygium nervosum/IMG_3073.JPG,Syzygium nervosum,43,group_0196,2,train
Syzygium nervosum/IMG_3074.JPG,Syzygium nervosum,43,group_0196,2,train
Syzygium nervosum/IMG_3075.JPG,Syzygium nervosum,43,group_4531,1,validation
Syzygium nervosum/IMG_3076.JPG,Syzygium nervosum,43,group_4532,1,validation
Syzygium nervosum/IMG_3077.JPG,Syzygium nervosum,43,group_0197,2,train
Syzygium nervosum/IMG_3078.JPG,Syzygium nervosum,43,group_4533,1,train
Syzygium nervosum/IMG_3079.JPG,Syzygium nervosum,43,group_0197,2,train
Syzygium nervosum/IMG_3080.JPG,Syzygium nervosum,43,group_0036,4,test
Syzygium nervosum/IMG_3081.JPG,Syzygium nervosum,43,group_0036,4,test
Syzygium nervosum/IMG_3082.JPG,Syzygium nervosum,43,group_0036,4,test
Syzygium nervosum/IMG_3083.JPG,Syzygium nervosum,43,group_0036,4,test
Syzygium nervosum/IMG_3084.JPG,Syzygium nervosum,43,group_0198,2,train
Syzygium nervosum/IMG_3085.JPG,Syzygium nervosum,43,group_0198,2,train
Syzygium nervosum/IMG_3086.JPG,Syzygium nervosum,43,group_4534,1,train
Syzygium nervosum/IMG_3087.JPG,Syzygium nervosum,43,group_4535,1,validation
Syzygium nervosum/IMG_3088.JPG,Syzygium nervosum,43,group_4536,1,train
Syzygium nervosum/IMG_3089.JPG,Syzygium nervosum,43,group_4537,1,train
Syzygium nervosum/IMG_3090.JPG,Syzygium nervosum,43,group_4538,1,train
Syzygium nervosum/IMG_3091.JPG,Syzygium nervosum,43,group_4539,1,test
Syzygium nervosum/IMG_3095.JPG,Syzygium nervosum,43,group_4540,1,train
Syzygium nervosum/IMG_3098.JPG,Syzygium nervosum,43,group_4541,1,test
Syzygium nervosum/IMG_3099.JPG,Syzygium nervosum,43,group_4542,1,train
Syzygium nervosum/IMG_3100.JPG,Syzygium nervosum,43,group_4543,1,train
Syzygium nervosum/IMG_3101.JPG,Syzygium nervosum,43,group_0199,2,train
Syzygium nervosum/IMG_3102.JPG,Syzygium nervosum,43,group_0199,2,train
Syzygium nervosum/IMG_3103.JPG,Syzygium nervosum,43,group_4544,1,validation
Syzygium nervosum/IMG_3104.JPG,Syzygium nervosum,43,group_4545,1,train
Syzygium nervosum/IMG_3105.JPG,Syzygium nervosum,43,group_4546,1,train
Syzygium nervosum/IMG_3106.JPG,Syzygium nervosum,43,group_0009,7,train
Syzygium nervosum/IMG_3107.JPG,Syzygium nervosum,43,group_0009,7,train
Syzygium nervosum/IMG_3108.JPG,Syzygium nervosum,43,group_0009,7,train
Syzygium nervosum/IMG_3109.JPG,Syzygium nervosum,43,group_0009,7,train
Syzygium nervosum/IMG_3110.JPG,Syzygium nervosum,43,group_0009,7,train
Syzygium nervosum/IMG_3111.JPG,Syzygium nervosum,43,group_0009,7,train
Syzygium nervosum/IMG_3112.JPG,Syzygium nervosum,43,group_0009,7,train
Syzygium nervosum/IMG_3113.JPG,Syzygium nervosum,43,group_0068,3,train
Syzygium nervosum/IMG_3114.JPG,Syzygium nervosum,43,group_0068,3,train
Syzygium nervosum/IMG_3115.JPG,Syzygium nervosum,43,group_0068,3,train
Syzygium nervosum/IMG_3116.JPG,Syzygium nervosum,43,group_4547,1,validation
Tamarindus indica/IMG_5049.JPG,Tamarindus indica,44,group_4548,1,train
Tamarindus indica/IMG_5050.JPG,Tamarindus indica,44,group_4549,1,test
Tamarindus indica/IMG_5051.JPG,Tamarindus indica,44,group_4550,1,test
Tamarindus indica/IMG_5052.JPG,Tamarindus indica,44,group_4551,1,train
Tamarindus indica/IMG_5053.JPG,Tamarindus indica,44,group_4552,1,train
Tamarindus indica/IMG_5054.JPG,Tamarindus indica,44,group_4553,1,test
Tamarindus indica/IMG_5055.JPG,Tamarindus indica,44,group_4554,1,train
Tamarindus indica/IMG_5056.JPG,Tamarindus indica,44,group_4555,1,train
Tamarindus indica/IMG_5057.JPG,Tamarindus indica,44,group_4556,1,train
Tamarindus indica/IMG_5058.JPG,Tamarindus indica,44,group_4557,1,train
Tamarindus indica/IMG_5059.JPG,Tamarindus indica,44,group_4558,1,test
Tamarindus indica/IMG_5060.JPG,Tamarindus indica,44,group_4559,1,train
Tamarindus indica/IMG_5061.JPG,Tamarindus indica,44,group_4560,1,train
Tamarindus indica/IMG_5062.JPG,Tamarindus indica,44,group_4561,1,validation
Tamarindus indica/IMG_5063.JPG,Tamarindus indica,44,group_4562,1,validation
Tamarindus indica/IMG_5064.JPG,Tamarindus indica,44,group_4563,1,train
Tamarindus indica/IMG_5065.JPG,Tamarindus indica,44,group_4564,1,validation
Tamarindus indica/IMG_5066.JPG,Tamarindus indica,44,group_4565,1,test
Tamarindus indica/IMG_5067.JPG,Tamarindus indica,44,group_4566,1,test
Tamarindus indica/IMG_5068.JPG,Tamarindus indica,44,group_4567,1,train
Tamarindus indica/IMG_5069.JPG,Tamarindus indica,44,group_4568,1,train
Tamarindus indica/IMG_5070.JPG,Tamarindus indica,44,group_4569,1,train
Tamarindus indica/IMG_5071.JPG,Tamarindus indica,44,group_4570,1,train
Tamarindus indica/IMG_5072.JPG,Tamarindus indica,44,group_4571,1,validation
Tamarindus indica/IMG_5073.JPG,Tamarindus indica,44,group_4572,1,validation
Tamarindus indica/IMG_5074.JPG,Tamarindus indica,44,group_4573,1,train
Tamarindus indica/IMG_5075.JPG,Tamarindus indica,44,group_4574,1,train
Tamarindus indica/IMG_5076.JPG,Tamarindus indica,44,group_4575,1,train
Tamarindus indica/IMG_5077.JPG,Tamarindus indica,44,group_4576,1,train
Tamarindus indica/IMG_5078.JPG,Tamarindus indica,44,group_4577,1,validation
Tamarindus indica/IMG_5079.JPG,Tamarindus indica,44,group_4578,1,test
Tamarindus indica/IMG_5080.JPG,Tamarindus indica,44,group_4579,1,validation
Tamarindus indica/IMG_5081.JPG,Tamarindus indica,44,group_4580,1,train
Tamarindus indica/IMG_5082.JPG,Tamarindus indica,44,group_4581,1,train
Tamarindus indica/IMG_5083.JPG,Tamarindus indica,44,group_4582,1,validation
Tamarindus indica/IMG_5084.JPG,Tamarindus indica,44,group_4583,1,train
Tamarindus indica/IMG_5085.JPG,Tamarindus indica,44,group_4584,1,train
Tamarindus indica/IMG_5086.JPG,Tamarindus indica,44,group_4585,1,train
Tamarindus indica/IMG_5087.JPG,Tamarindus indica,44,group_4586,1,train
Tamarindus indica/IMG_5088.JPG,Tamarindus indica,44,group_4587,1,train
Tamarindus indica/IMG_5089.JPG,Tamarindus indica,44,group_4588,1,validation
Tamarindus indica/IMG_5090.JPG,Tamarindus indica,44,group_4589,1,train
Tamarindus indica/IMG_5091.JPG,Tamarindus indica,44,group_4590,1,train
Tamarindus indica/IMG_5092.JPG,Tamarindus indica,44,group_4591,1,train
Tamarindus indica/IMG_5093.JPG,Tamarindus indica,44,group_4592,1,train
Tamarindus indica/IMG_5094.JPG,Tamarindus indica,44,group_4593,1,train
Tamarindus indica/IMG_5095.JPG,Tamarindus indica,44,group_4594,1,train
Tamarindus indica/IMG_5096.JPG,Tamarindus indica,44,group_4595,1,train
Tamarindus indica/IMG_5097.JPG,Tamarindus indica,44,group_4596,1,train
Tamarindus indica/IMG_5098.JPG,Tamarindus indica,44,group_4597,1,test
Tamarindus indica/IMG_5099.JPG,Tamarindus indica,44,group_4598,1,train
Tamarindus indica/IMG_5100.JPG,Tamarindus indica,44,group_4599,1,test
Tamarindus indica/IMG_5101.JPG,Tamarindus indica,44,group_4600,1,train
Tamarindus indica/IMG_5102.JPG,Tamarindus indica,44,group_4601,1,train
Tamarindus indica/IMG_5103.JPG,Tamarindus indica,44,group_4602,1,validation
Tamarindus indica/IMG_5104.JPG,Tamarindus indica,44,group_4603,1,train
Tamarindus indica/IMG_5105.JPG,Tamarindus indica,44,group_4604,1,test
Tamarindus indica/IMG_5106.JPG,Tamarindus indica,44,group_4605,1,train
Tamarindus indica/IMG_5107.JPG,Tamarindus indica,44,group_4606,1,train
Tamarindus indica/IMG_5108.JPG,Tamarindus indica,44,group_4607,1,train
Tamarindus indica/IMG_5109.JPG,Tamarindus indica,44,group_4608,1,validation
Tamarindus indica/IMG_5110.JPG,Tamarindus indica,44,group_4609,1,train
Tamarindus indica/IMG_5111.JPG,Tamarindus indica,44,group_4610,1,test
Tamarindus indica/IMG_5112.JPG,Tamarindus indica,44,group_4611,1,train
Tamarindus indica/IMG_5113.JPG,Tamarindus indica,44,group_4612,1,train
Tamarindus indica/IMG_5114.JPG,Tamarindus indica,44,group_4613,1,test
Tamarindus indica/IMG_5115.JPG,Tamarindus indica,44,group_4614,1,test
Tamarindus indica/IMG_5116.JPG,Tamarindus indica,44,group_4615,1,test
Tamarindus indica/IMG_5117.JPG,Tamarindus indica,44,group_4616,1,train
Tamarindus indica/IMG_5118.JPG,Tamarindus indica,44,group_4617,1,train
Tamarindus indica/IMG_5119.JPG,Tamarindus indica,44,group_4618,1,train
Tamarindus indica/IMG_5120.JPG,Tamarindus indica,44,group_4619,1,train
Tamarindus indica/IMG_5121.JPG,Tamarindus indica,44,group_4620,1,validation
Tamarindus indica/IMG_5122.JPG,Tamarindus indica,44,group_4621,1,train
Tamarindus indica/IMG_5123.JPG,Tamarindus indica,44,group_4622,1,train
Tamarindus indica/IMG_5124.JPG,Tamarindus indica,44,group_4623,1,train
Tamarindus indica/IMG_5125.JPG,Tamarindus indica,44,group_4624,1,train
Tamarindus indica/IMG_5126.JPG,Tamarindus indica,44,group_4625,1,train
Tamarindus indica/IMG_5127.JPG,Tamarindus indica,44,group_4626,1,train
Tamarindus indica/IMG_5128.JPG,Tamarindus indica,44,group_4627,1,train
Tamarindus indica/IMG_5129.JPG,Tamarindus indica,44,group_4628,1,train
Tamarindus indica/IMG_5130.JPG,Tamarindus indica,44,group_4629,1,train
Tamarindus indica/IMG_5131.JPG,Tamarindus indica,44,group_4630,1,train
Tamarindus indica/IMG_5132.JPG,Tamarindus indica,44,group_4631,1,validation
Tamarindus indica/IMG_5133.JPG,Tamarindus indica,44,group_4632,1,train
Tamarindus indica/IMG_5134.JPG,Tamarindus indica,44,group_4633,1,train
Tamarindus indica/IMG_5135.JPG,Tamarindus indica,44,group_4634,1,train
Tamarindus indica/IMG_5136.JPG,Tamarindus indica,44,group_4635,1,train
Tamarindus indica/IMG_5137.JPG,Tamarindus indica,44,group_4636,1,train
Tamarindus indica/IMG_5138.JPG,Tamarindus indica,44,group_4637,1,train
Tamarindus indica/IMG_5139.JPG,Tamarindus indica,44,group_4638,1,train
Tamarindus indica/IMG_5140.JPG,Tamarindus indica,44,group_4639,1,validation
Tamarindus indica/IMG_5141.JPG,Tamarindus indica,44,group_4640,1,train
Tamarindus indica/IMG_5142.JPG,Tamarindus indica,44,group_4641,1,train
Tamarindus indica/IMG_5143.JPG,Tamarindus indica,44,group_4642,1,train
Tamarindus indica/IMG_5144.JPG,Tamarindus indica,44,group_4643,1,train
Tamarindus indica/IMG_5145.JPG,Tamarindus indica,44,group_4644,1,train
Tamarindus indica/IMG_5146.JPG,Tamarindus indica,44,group_4645,1,test
Tamarindus indica/IMG_5147.JPG,Tamarindus indica,44,group_4646,1,train
Tamarindus indica/IMG_5148.JPG,Tamarindus indica,44,group_4647,1,train
Tamarindus indica/IMG_5149.JPG,Tamarindus indica,44,group_4648,1,validation
Tamarindus indica/IMG_5150.JPG,Tamarindus indica,44,group_4649,1,train
Tamarindus indica/IMG_5151.JPG,Tamarindus indica,44,group_4650,1,validation
Tectona grandis/IMG_5861.JPG,Tectona grandis,45,group_4651,1,validation
Tectona grandis/IMG_5862.JPG,Tectona grandis,45,group_4652,1,train
Tectona grandis/IMG_5863.JPG,Tectona grandis,45,group_4653,1,train
Tectona grandis/IMG_5864.JPG,Tectona grandis,45,group_4654,1,train
Tectona grandis/IMG_5865.JPG,Tectona grandis,45,group_4655,1,validation
Tectona grandis/IMG_5866.JPG,Tectona grandis,45,group_4656,1,train
Tectona grandis/IMG_5867.JPG,Tectona grandis,45,group_4657,1,validation
Tectona grandis/IMG_5868.JPG,Tectona grandis,45,group_4658,1,train
Tectona grandis/IMG_5869.JPG,Tectona grandis,45,group_4659,1,validation
Tectona grandis/IMG_5870.JPG,Tectona grandis,45,group_4660,1,train
Tectona grandis/IMG_5871.JPG,Tectona grandis,45,group_4661,1,train
Tectona grandis/IMG_5872.JPG,Tectona grandis,45,group_4662,1,train
Tectona grandis/IMG_5873.JPG,Tectona grandis,45,group_4663,1,test
Tectona grandis/IMG_5874.JPG,Tectona grandis,45,group_4664,1,train
Tectona grandis/IMG_5875.JPG,Tectona grandis,45,group_4665,1,train
Tectona grandis/IMG_5876.JPG,Tectona grandis,45,group_4666,1,test
Tectona grandis/IMG_5877.JPG,Tectona grandis,45,group_4667,1,train
Tectona grandis/IMG_5878.JPG,Tectona grandis,45,group_4668,1,train
Tectona grandis/IMG_5879.JPG,Tectona grandis,45,group_4669,1,train
Tectona grandis/IMG_5880.JPG,Tectona grandis,45,group_4670,1,train
Tectona grandis/IMG_5881.JPG,Tectona grandis,45,group_4671,1,train
Tectona grandis/IMG_5882.JPG,Tectona grandis,45,group_4672,1,train
Tectona grandis/IMG_5883.JPG,Tectona grandis,45,group_4673,1,validation
Tectona grandis/IMG_5884.JPG,Tectona grandis,45,group_4674,1,train
Tectona grandis/IMG_5885.JPG,Tectona grandis,45,group_4675,1,train
Tectona grandis/IMG_5886.JPG,Tectona grandis,45,group_4676,1,validation
Tectona grandis/IMG_5887.JPG,Tectona grandis,45,group_4677,1,train
Tectona grandis/IMG_5888.JPG,Tectona grandis,45,group_4678,1,validation
Tectona grandis/IMG_5889.JPG,Tectona grandis,45,group_4679,1,validation
Tectona grandis/IMG_5890.JPG,Tectona grandis,45,group_4680,1,train
Tectona grandis/IMG_5891.JPG,Tectona grandis,45,group_4681,1,train
Tectona grandis/IMG_5892.JPG,Tectona grandis,45,group_4682,1,validation
Tectona grandis/IMG_5893.JPG,Tectona grandis,45,group_4683,1,train
Tectona grandis/IMG_5894.JPG,Tectona grandis,45,group_4684,1,test
Tectona grandis/IMG_5895.JPG,Tectona grandis,45,group_4685,1,train
Tectona grandis/IMG_5896.JPG,Tectona grandis,45,group_4686,1,test
Tectona grandis/IMG_5897.JPG,Tectona grandis,45,group_4687,1,train
Tectona grandis/IMG_5898.JPG,Tectona grandis,45,group_4688,1,train
Tectona grandis/IMG_5899.JPG,Tectona grandis,45,group_4689,1,train
Tectona grandis/IMG_5900.JPG,Tectona grandis,45,group_4690,1,train
Tectona grandis/IMG_5901.JPG,Tectona grandis,45,group_4691,1,test
Tectona grandis/IMG_5902.JPG,Tectona grandis,45,group_4692,1,train
Tectona grandis/IMG_5903.JPG,Tectona grandis,45,group_4693,1,test
Tectona grandis/IMG_5904.JPG,Tectona grandis,45,group_4694,1,test
Tectona grandis/IMG_5905.JPG,Tectona grandis,45,group_4695,1,validation
Tectona grandis/IMG_5906.JPG,Tectona grandis,45,group_4696,1,validation
Tectona grandis/IMG_5907.JPG,Tectona grandis,45,group_4697,1,train
Tectona grandis/IMG_5908.JPG,Tectona grandis,45,group_4698,1,train
Tectona grandis/IMG_5909.JPG,Tectona grandis,45,group_4699,1,train
Tectona grandis/IMG_5910.JPG,Tectona grandis,45,group_4700,1,train
Tectona grandis/IMG_5911.JPG,Tectona grandis,45,group_4701,1,train
Tectona grandis/IMG_5912.JPG,Tectona grandis,45,group_4702,1,train
Tectona grandis/IMG_5913.JPG,Tectona grandis,45,group_4703,1,test
Tectona grandis/IMG_5914.JPG,Tectona grandis,45,group_4704,1,train
Tectona grandis/IMG_5915.JPG,Tectona grandis,45,group_4705,1,train
Tectona grandis/IMG_5916.JPG,Tectona grandis,45,group_4706,1,train
Tectona grandis/IMG_5917.JPG,Tectona grandis,45,group_4707,1,train
Tectona grandis/IMG_5918.JPG,Tectona grandis,45,group_4708,1,train
Tectona grandis/IMG_5919.JPG,Tectona grandis,45,group_4709,1,train
Tectona grandis/IMG_5920.JPG,Tectona grandis,45,group_4710,1,test
Tectona grandis/IMG_5921.JPG,Tectona grandis,45,group_4711,1,train
Tectona grandis/IMG_5922.JPG,Tectona grandis,45,group_4712,1,train
Tectona grandis/IMG_5923.JPG,Tectona grandis,45,group_4713,1,test
Tectona grandis/IMG_5924.JPG,Tectona grandis,45,group_4714,1,validation
Tectona grandis/IMG_5925.JPG,Tectona grandis,45,group_4715,1,train
Tectona grandis/IMG_5926.JPG,Tectona grandis,45,group_4716,1,validation
Tectona grandis/IMG_5927.JPG,Tectona grandis,45,group_4717,1,train
Tectona grandis/IMG_5928.JPG,Tectona grandis,45,group_4718,1,train
Tectona grandis/IMG_5929.JPG,Tectona grandis,45,group_4719,1,train
Tectona grandis/IMG_5930.JPG,Tectona grandis,45,group_4720,1,train
Tectona grandis/IMG_5931.JPG,Tectona grandis,45,group_4721,1,test
Tectona grandis/IMG_5932.JPG,Tectona grandis,45,group_4722,1,train
Tectona grandis/IMG_5933.JPG,Tectona grandis,45,group_4723,1,train
Tectona grandis/IMG_5934.JPG,Tectona grandis,45,group_4724,1,train
Tectona grandis/IMG_5935.JPG,Tectona grandis,45,group_4725,1,train
Tectona grandis/IMG_5936.JPG,Tectona grandis,45,group_4726,1,train
Tectona grandis/IMG_5937.JPG,Tectona grandis,45,group_4727,1,train
Tectona grandis/IMG_5938.JPG,Tectona grandis,45,group_4728,1,test
Tectona grandis/IMG_5939.JPG,Tectona grandis,45,group_4729,1,validation
Tectona grandis/IMG_5940.JPG,Tectona grandis,45,group_4730,1,train
Tectona grandis/IMG_5941.JPG,Tectona grandis,45,group_4731,1,train
Tectona grandis/IMG_5942.JPG,Tectona grandis,45,group_4732,1,validation
Tectona grandis/IMG_5943.JPG,Tectona grandis,45,group_4733,1,train
Tectona grandis/IMG_5944.JPG,Tectona grandis,45,group_4734,1,train
Tectona grandis/IMG_5945.JPG,Tectona grandis,45,group_4735,1,train
Tectona grandis/IMG_5946.JPG,Tectona grandis,45,group_4736,1,test
Tectona grandis/IMG_5947.JPG,Tectona grandis,45,group_4737,1,train
Tectona grandis/IMG_5948.JPG,Tectona grandis,45,group_4738,1,train
Tectona grandis/IMG_5949.JPG,Tectona grandis,45,group_4739,1,train
Tectona grandis/IMG_5950.JPG,Tectona grandis,45,group_4740,1,test
Tectona grandis/IMG_5951.JPG,Tectona grandis,45,group_4741,1,train
Tectona grandis/IMG_5952.JPG,Tectona grandis,45,group_4742,1,train
Tectona grandis/IMG_5953.JPG,Tectona grandis,45,group_4743,1,train
Tectona grandis/IMG_5954.JPG,Tectona grandis,45,group_4744,1,train
Tectona grandis/IMG_5955.JPG,Tectona grandis,45,group_4745,1,train
Tectona grandis/IMG_5956.JPG,Tectona grandis,45,group_4746,1,train
Tectona grandis/IMG_5957.JPG,Tectona grandis,45,group_4747,1,train
Tectona grandis/IMG_5958.JPG,Tectona grandis,45,group_4748,1,train
Tectona grandis/IMG_5959.JPG,Tectona grandis,45,group_4749,1,train
Tectona grandis/IMG_5960.JPG,Tectona grandis,45,group_4750,1,train
Tectona grandis/IMG_5961.JPG,Tectona grandis,45,group_4751,1,train
Tectona grandis/IMG_5962.JPG,Tectona grandis,45,group_4752,1,test
Terminalia catappa/IMG_4592.JPG,Terminalia catappa,46,group_4753,1,train
Terminalia catappa/IMG_4593.JPG,Terminalia catappa,46,group_4754,1,train
Terminalia catappa/IMG_4594.JPG,Terminalia catappa,46,group_4755,1,train
Terminalia catappa/IMG_4595.JPG,Terminalia catappa,46,group_4756,1,train
Terminalia catappa/IMG_4596.JPG,Terminalia catappa,46,group_4757,1,train
Terminalia catappa/IMG_4597.JPG,Terminalia catappa,46,group_4758,1,train
Terminalia catappa/IMG_4598.JPG,Terminalia catappa,46,group_4759,1,train
Terminalia catappa/IMG_4599.JPG,Terminalia catappa,46,group_4760,1,train
Terminalia catappa/IMG_4600.JPG,Terminalia catappa,46,group_4761,1,train
Terminalia catappa/IMG_4601.JPG,Terminalia catappa,46,group_4762,1,train
Terminalia catappa/IMG_4602.JPG,Terminalia catappa,46,group_4763,1,test
Terminalia catappa/IMG_4603.JPG,Terminalia catappa,46,group_4764,1,train
Terminalia catappa/IMG_4604.JPG,Terminalia catappa,46,group_4765,1,validation
Terminalia catappa/IMG_4605.JPG,Terminalia catappa,46,group_4766,1,validation
Terminalia catappa/IMG_4606.JPG,Terminalia catappa,46,group_4767,1,train
Terminalia catappa/IMG_4607.JPG,Terminalia catappa,46,group_4768,1,validation
Terminalia catappa/IMG_4608.JPG,Terminalia catappa,46,group_4769,1,train
Terminalia catappa/IMG_4609.JPG,Terminalia catappa,46,group_4770,1,train
Terminalia catappa/IMG_4610.JPG,Terminalia catappa,46,group_4771,1,train
Terminalia catappa/IMG_4611.JPG,Terminalia catappa,46,group_4772,1,validation
Terminalia catappa/IMG_4612.JPG,Terminalia catappa,46,group_4773,1,train
Terminalia catappa/IMG_4613.JPG,Terminalia catappa,46,group_4774,1,train
Terminalia catappa/IMG_4614.JPG,Terminalia catappa,46,group_4775,1,validation
Terminalia catappa/IMG_4615.JPG,Terminalia catappa,46,group_4776,1,train
Terminalia catappa/IMG_4616.JPG,Terminalia catappa,46,group_4777,1,train
Terminalia catappa/IMG_4617.JPG,Terminalia catappa,46,group_4778,1,test
Terminalia catappa/IMG_4618.JPG,Terminalia catappa,46,group_4779,1,train
Terminalia catappa/IMG_4619.JPG,Terminalia catappa,46,group_4780,1,test
Terminalia catappa/IMG_4620.JPG,Terminalia catappa,46,group_4781,1,train
Terminalia catappa/IMG_4621.JPG,Terminalia catappa,46,group_4782,1,train
Terminalia catappa/IMG_4622.JPG,Terminalia catappa,46,group_4783,1,validation
Terminalia catappa/IMG_4623.JPG,Terminalia catappa,46,group_4784,1,train
Terminalia catappa/IMG_4624.JPG,Terminalia catappa,46,group_4785,1,test
Terminalia catappa/IMG_4625.JPG,Terminalia catappa,46,group_4786,1,test
Terminalia catappa/IMG_4626.JPG,Terminalia catappa,46,group_4787,1,train
Terminalia catappa/IMG_4627.JPG,Terminalia catappa,46,group_4788,1,validation
Terminalia catappa/IMG_4628.JPG,Terminalia catappa,46,group_4789,1,train
Terminalia catappa/IMG_4629.JPG,Terminalia catappa,46,group_4790,1,test
Terminalia catappa/IMG_4630.JPG,Terminalia catappa,46,group_4791,1,train
Terminalia catappa/IMG_4631.JPG,Terminalia catappa,46,group_4792,1,train
Terminalia catappa/IMG_4632.JPG,Terminalia catappa,46,group_4793,1,train
Terminalia catappa/IMG_4633.JPG,Terminalia catappa,46,group_4794,1,train
Terminalia catappa/IMG_4634.JPG,Terminalia catappa,46,group_4795,1,train
Terminalia catappa/IMG_4635.JPG,Terminalia catappa,46,group_4796,1,train
Terminalia catappa/IMG_4636.JPG,Terminalia catappa,46,group_4797,1,train
Terminalia catappa/IMG_4637.JPG,Terminalia catappa,46,group_4798,1,validation
Terminalia catappa/IMG_4638.JPG,Terminalia catappa,46,group_4799,1,test
Terminalia catappa/IMG_4639.JPG,Terminalia catappa,46,group_4800,1,validation
Terminalia catappa/IMG_4640.JPG,Terminalia catappa,46,group_4801,1,train
Terminalia catappa/IMG_4641.JPG,Terminalia catappa,46,group_4802,1,train
Terminalia catappa/IMG_4642.JPG,Terminalia catappa,46,group_4803,1,train
Terminalia catappa/IMG_4643.JPG,Terminalia catappa,46,group_4804,1,validation
Terminalia catappa/IMG_4644.JPG,Terminalia catappa,46,group_4805,1,train
Terminalia catappa/IMG_4645.JPG,Terminalia catappa,46,group_4806,1,test
Terminalia catappa/IMG_4646.JPG,Terminalia catappa,46,group_4807,1,test
Terminalia catappa/IMG_4647.JPG,Terminalia catappa,46,group_4808,1,train
Terminalia catappa/IMG_4648.JPG,Terminalia catappa,46,group_4809,1,train
Terminalia catappa/IMG_4649.JPG,Terminalia catappa,46,group_4810,1,train
Terminalia catappa/IMG_4650.JPG,Terminalia catappa,46,group_4811,1,train
Terminalia catappa/IMG_4651.JPG,Terminalia catappa,46,group_4812,1,validation
Terminalia catappa/IMG_4652.JPG,Terminalia catappa,46,group_4813,1,validation
Terminalia catappa/IMG_4653.JPG,Terminalia catappa,46,group_4814,1,train
Terminalia catappa/IMG_4654.JPG,Terminalia catappa,46,group_4815,1,test
Terminalia catappa/IMG_4655.JPG,Terminalia catappa,46,group_4816,1,train
Terminalia catappa/IMG_4656.JPG,Terminalia catappa,46,group_4817,1,train
Terminalia catappa/IMG_4657.JPG,Terminalia catappa,46,group_4818,1,test
Terminalia catappa/IMG_4658.JPG,Terminalia catappa,46,group_4819,1,train
Terminalia catappa/IMG_4659.JPG,Terminalia catappa,46,group_4820,1,validation
Terminalia catappa/IMG_4660.JPG,Terminalia catappa,46,group_4821,1,train
Terminalia catappa/IMG_4661.JPG,Terminalia catappa,46,group_4822,1,train
Terminalia catappa/IMG_4662.JPG,Terminalia catappa,46,group_4823,1,train
Terminalia catappa/IMG_4663.JPG,Terminalia catappa,46,group_4824,1,train
Terminalia catappa/IMG_4664.JPG,Terminalia catappa,46,group_4825,1,train
Terminalia catappa/IMG_4665.JPG,Terminalia catappa,46,group_4826,1,train
Terminalia catappa/IMG_4666.JPG,Terminalia catappa,46,group_4827,1,train
Terminalia catappa/IMG_4667.JPG,Terminalia catappa,46,group_4828,1,train
Terminalia catappa/IMG_4668.JPG,Terminalia catappa,46,group_4829,1,test
Terminalia catappa/IMG_4669.JPG,Terminalia catappa,46,group_4830,1,validation
Terminalia catappa/IMG_4670.JPG,Terminalia catappa,46,group_4831,1,train
Terminalia catappa/IMG_4671.JPG,Terminalia catappa,46,group_4832,1,train
Terminalia catappa/IMG_4672.JPG,Terminalia catappa,46,group_4833,1,train
Terminalia catappa/IMG_4673.JPG,Terminalia catappa,46,group_4834,1,train
Terminalia catappa/IMG_4674.JPG,Terminalia catappa,46,group_4835,1,train
Terminalia catappa/IMG_4675.JPG,Terminalia catappa,46,group_4836,1,train
Terminalia catappa/IMG_4676.JPG,Terminalia catappa,46,group_4837,1,train
Terminalia catappa/IMG_4677.JPG,Terminalia catappa,46,group_4838,1,train
Terminalia catappa/IMG_4678.JPG,Terminalia catappa,46,group_4839,1,test
Terminalia catappa/IMG_4679.JPG,Terminalia catappa,46,group_4840,1,test
Terminalia catappa/IMG_4680.JPG,Terminalia catappa,46,group_4841,1,train
Terminalia catappa/IMG_4681.JPG,Terminalia catappa,46,group_4842,1,validation
Terminalia catappa/IMG_4682.JPG,Terminalia catappa,46,group_4843,1,train
Terminalia catappa/IMG_4683.JPG,Terminalia catappa,46,group_4844,1,validation
Terminalia catappa/IMG_4684.JPG,Terminalia catappa,46,group_4845,1,train
Terminalia catappa/IMG_4685.JPG,Terminalia catappa,46,group_4846,1,train
Terminalia catappa/IMG_4686.JPG,Terminalia catappa,46,group_4847,1,train
Terminalia catappa/IMG_4687.JPG,Terminalia catappa,46,group_4848,1,train
Terminalia catappa/IMG_4688.JPG,Terminalia catappa,46,group_4849,1,test
Terminalia catappa/IMG_4689.JPG,Terminalia catappa,46,group_4850,1,train
Terminalia catappa/IMG_4690.JPG,Terminalia catappa,46,group_4851,1,train
Terminalia catappa/IMG_4691.JPG,Terminalia catappa,46,group_4852,1,train
Terminalia catappa/IMG_4692.JPG,Terminalia catappa,46,group_4853,1,train
Terminalia catappa/IMG_4693.JPG,Terminalia catappa,46,group_4854,1,train
Terminalia catappa/IMG_4694.JPG,Terminalia catappa,46,group_4855,1,train
Veitchia merrilli/IMG_2604.JPG,Veitchia merrilli,47,group_4856,1,train
Veitchia merrilli/IMG_2605.JPG,Veitchia merrilli,47,group_4857,1,train
Veitchia merrilli/IMG_2606.JPG,Veitchia merrilli,47,group_4858,1,validation
Veitchia merrilli/IMG_2607.JPG,Veitchia merrilli,47,group_4859,1,test
Veitchia merrilli/IMG_2608.JPG,Veitchia merrilli,47,group_4860,1,validation
Veitchia merrilli/IMG_2609.JPG,Veitchia merrilli,47,group_4861,1,train
Veitchia merrilli/IMG_2610.JPG,Veitchia merrilli,47,group_4862,1,train
Veitchia merrilli/IMG_2611.JPG,Veitchia merrilli,47,group_4863,1,validation
Veitchia merrilli/IMG_2612.JPG,Veitchia merrilli,47,group_4864,1,validation
Veitchia merrilli/IMG_2613.JPG,Veitchia merrilli,47,group_4865,1,train
Veitchia merrilli/IMG_2614.JPG,Veitchia merrilli,47,group_4866,1,train
Veitchia merrilli/IMG_2615.JPG,Veitchia merrilli,47,group_4867,1,train
Veitchia merrilli/IMG_2616.JPG,Veitchia merrilli,47,group_4868,1,validation
Veitchia merrilli/IMG_2617.JPG,Veitchia merrilli,47,group_4869,1,train
Veitchia merrilli/IMG_2618.JPG,Veitchia merrilli,47,group_4870,1,train
Veitchia merrilli/IMG_2619.JPG,Veitchia merrilli,47,group_4871,1,train
Veitchia merrilli/IMG_2620.JPG,Veitchia merrilli,47,group_4872,1,test
Veitchia merrilli/IMG_2621.JPG,Veitchia merrilli,47,group_4873,1,train
Veitchia merrilli/IMG_2622.JPG,Veitchia merrilli,47,group_4874,1,train
Veitchia merrilli/IMG_2623.JPG,Veitchia merrilli,47,group_4875,1,train
Veitchia merrilli/IMG_2624.JPG,Veitchia merrilli,47,group_4876,1,validation
Veitchia merrilli/IMG_2625.JPG,Veitchia merrilli,47,group_4877,1,train
Veitchia merrilli/IMG_2626.JPG,Veitchia merrilli,47,group_4878,1,train
Veitchia merrilli/IMG_2627.JPG,Veitchia merrilli,47,group_4879,1,train
Veitchia merrilli/IMG_2628.JPG,Veitchia merrilli,47,group_0069,3,train
Veitchia merrilli/IMG_2629.JPG,Veitchia merrilli,47,group_0069,3,train
Veitchia merrilli/IMG_2630.JPG,Veitchia merrilli,47,group_0069,3,train
Veitchia merrilli/IMG_2631.JPG,Veitchia merrilli,47,group_4880,1,train
Veitchia merrilli/IMG_2632.JPG,Veitchia merrilli,47,group_4881,1,test
Veitchia merrilli/IMG_2633.JPG,Veitchia merrilli,47,group_4882,1,train
Veitchia merrilli/IMG_2634.JPG,Veitchia merrilli,47,group_4883,1,train
Veitchia merrilli/IMG_2635.JPG,Veitchia merrilli,47,group_4884,1,train
Veitchia merrilli/IMG_2636.JPG,Veitchia merrilli,47,group_4885,1,train
Veitchia merrilli/IMG_2637.JPG,Veitchia merrilli,47,group_0200,2,test
Veitchia merrilli/IMG_2638.JPG,Veitchia merrilli,47,group_0200,2,test
Veitchia merrilli/IMG_2639.JPG,Veitchia merrilli,47,group_4886,1,test
Veitchia merrilli/IMG_2640.JPG,Veitchia merrilli,47,group_4887,1,train
Veitchia merrilli/IMG_2641.JPG,Veitchia merrilli,47,group_4888,1,train
Veitchia merrilli/IMG_2642.JPG,Veitchia merrilli,47,group_4889,1,train
Veitchia merrilli/IMG_2643.JPG,Veitchia merrilli,47,group_4890,1,test
Veitchia merrilli/IMG_2644.JPG,Veitchia merrilli,47,group_4891,1,train
Veitchia merrilli/IMG_2645.JPG,Veitchia merrilli,47,group_4892,1,train
Veitchia merrilli/IMG_2646.JPG,Veitchia merrilli,47,group_4893,1,test
Veitchia merrilli/IMG_2647.JPG,Veitchia merrilli,47,group_4894,1,test
Veitchia merrilli/IMG_2648.JPG,Veitchia merrilli,47,group_4895,1,test
Veitchia merrilli/IMG_2649.JPG,Veitchia merrilli,47,group_4896,1,train
Veitchia merrilli/IMG_2650.JPG,Veitchia merrilli,47,group_4897,1,train
Veitchia merrilli/IMG_2651.JPG,Veitchia merrilli,47,group_4898,1,train
Veitchia merrilli/IMG_2652.JPG,Veitchia merrilli,47,group_4899,1,validation
Veitchia merrilli/IMG_2653.JPG,Veitchia merrilli,47,group_4900,1,validation
Veitchia merrilli/IMG_2654.JPG,Veitchia merrilli,47,group_4901,1,test
Veitchia merrilli/IMG_2655.JPG,Veitchia merrilli,47,group_4902,1,train
Veitchia merrilli/IMG_2656.JPG,Veitchia merrilli,47,group_4903,1,validation
Veitchia merrilli/IMG_2657.JPG,Veitchia merrilli,47,group_4904,1,train
Veitchia merrilli/IMG_2659.JPG,Veitchia merrilli,47,group_4905,1,train
Veitchia merrilli/IMG_2660.JPG,Veitchia merrilli,47,group_4906,1,train
Veitchia merrilli/IMG_2661.JPG,Veitchia merrilli,47,group_4907,1,train
Veitchia merrilli/IMG_2662.JPG,Veitchia merrilli,47,group_4908,1,train
Veitchia merrilli/IMG_2663.JPG,Veitchia merrilli,47,group_4909,1,train
Veitchia merrilli/IMG_2664.JPG,Veitchia merrilli,47,group_4910,1,train
Veitchia merrilli/IMG_2665.JPG,Veitchia merrilli,47,group_4911,1,train
Veitchia merrilli/IMG_2666.JPG,Veitchia merrilli,47,group_4912,1,validation
Veitchia merrilli/IMG_2667.JPG,Veitchia merrilli,47,group_4913,1,train
Veitchia merrilli/IMG_2668.JPG,Veitchia merrilli,47,group_4914,1,train
Veitchia merrilli/IMG_2669.JPG,Veitchia merrilli,47,group_0201,2,validation
Veitchia merrilli/IMG_2670.JPG,Veitchia merrilli,47,group_4915,1,train
Veitchia merrilli/IMG_2671.JPG,Veitchia merrilli,47,group_0201,2,validation
Veitchia merrilli/IMG_2672.JPG,Veitchia merrilli,47,group_4916,1,test
Veitchia merrilli/IMG_2673.JPG,Veitchia merrilli,47,group_4917,1,train
Veitchia merrilli/IMG_2674.JPG,Veitchia merrilli,47,group_4918,1,validation
Veitchia merrilli/IMG_2675.JPG,Veitchia merrilli,47,group_4919,1,test
Veitchia merrilli/IMG_2676.JPG,Veitchia merrilli,47,group_4920,1,train
Veitchia merrilli/IMG_2677.JPG,Veitchia merrilli,47,group_4921,1,train
Veitchia merrilli/IMG_2678.JPG,Veitchia merrilli,47,group_4922,1,train
Veitchia merrilli/IMG_2679.JPG,Veitchia merrilli,47,group_4923,1,validation
Veitchia merrilli/IMG_2680.JPG,Veitchia merrilli,47,group_4924,1,validation
Veitchia merrilli/IMG_2681.JPG,Veitchia merrilli,47,group_4925,1,train
Veitchia merrilli/IMG_2682.JPG,Veitchia merrilli,47,group_4926,1,train
Veitchia merrilli/IMG_2683.JPG,Veitchia merrilli,47,group_4927,1,train
Veitchia merrilli/IMG_2684.JPG,Veitchia merrilli,47,group_4928,1,train
Veitchia merrilli/IMG_2685.JPG,Veitchia merrilli,47,group_4929,1,train
Veitchia merrilli/IMG_2686.JPG,Veitchia merrilli,47,group_4930,1,test
Veitchia merrilli/IMG_2687.JPG,Veitchia merrilli,47,group_4931,1,train
Veitchia merrilli/IMG_2688.JPG,Veitchia merrilli,47,group_4932,1,test
Veitchia merrilli/IMG_2689.JPG,Veitchia merrilli,47,group_4933,1,train
Veitchia merrilli/IMG_2690.JPG,Veitchia merrilli,47,group_4934,1,train
Veitchia merrilli/IMG_2691.JPG,Veitchia merrilli,47,group_4935,1,train
Veitchia merrilli/IMG_2692.JPG,Veitchia merrilli,47,group_4936,1,train
Veitchia merrilli/IMG_2693.JPG,Veitchia merrilli,47,group_4937,1,train
Veitchia merrilli/IMG_2694.JPG,Veitchia merrilli,47,group_4938,1,train
Veitchia merrilli/IMG_2695.JPG,Veitchia merrilli,47,group_4939,1,test
Veitchia merrilli/IMG_2696.JPG,Veitchia merrilli,47,group_4940,1,validation
Veitchia merrilli/IMG_2697.JPG,Veitchia merrilli,47,group_4941,1,train
Veitchia merrilli/IMG_2698.JPG,Veitchia merrilli,47,group_4942,1,train
Veitchia merrilli/IMG_2699.JPG,Veitchia merrilli,47,group_4943,1,train
Veitchia merrilli/IMG_2700.JPG,Veitchia merrilli,47,group_4944,1,train
Veitchia merrilli/IMG_2701.JPG,Veitchia merrilli,47,group_4945,1,train
Veitchia merrilli/IMG_2702.JPG,Veitchia merrilli,47,group_4946,1,train
Veitchia merrilli/IMG_2703.JPG,Veitchia merrilli,47,group_4947,1,train
Veitchia merrilli/IMG_2704.JPG,Veitchia merrilli,47,group_4948,1,train
Veitchia merrilli/IMG_2705.JPG,Veitchia merrilli,47,group_4949,1,test
Veitchia merrilli/IMG_2706.JPG,Veitchia merrilli,47,group_4950,1,train
Veitchia merrilli/IMG_2707.JPG,Veitchia merrilli,47,group_4951,1,train
Veitchia merrilli/IMG_2708.JPG,Veitchia merrilli,47,group_4952,1,train
Veitchia merrilli/IMG_2709.JPG,Veitchia merrilli,47,group_4953,1,validation
Veitchia merrilli/IMG_2710.JPG,Veitchia merrilli,47,group_4954,1,validation
Veitchia merrilli/IMG_2711.JPG,Veitchia merrilli,47,group_4955,1,train
Veitchia merrilli/IMG_2712.JPG,Veitchia merrilli,47,group_4956,1,train
Veitchia merrilli/IMG_2713.JPG,Veitchia merrilli,47,group_4957,1,train
Veitchia merrilli/IMG_2714.JPG,Veitchia merrilli,47,group_4958,1,train
Veitchia merrilli/IMG_2715.JPG,Veitchia merrilli,47,group_4959,1,test
Veitchia merrilli/IMG_2716.JPG,Veitchia merrilli,47,group_4960,1,train
Veitchia merrilli/IMG_2717.JPG,Veitchia merrilli,47,group_4961,1,validation
Veitchia merrilli/IMG_2718.JPG,Veitchia merrilli,47,group_4962,1,train
Veitchia merrilli/IMG_2719.JPG,Veitchia merrilli,47,group_4963,1,train
Veitchia merrilli/IMG_2720.JPG,Veitchia merrilli,47,group_4964,1,train
Veitchia merrilli/IMG_2721.JPG,Veitchia merrilli,47,group_4965,1,train
Veitchia merrilli/IMG_2722.JPG,Veitchia merrilli,47,group_4966,1,test
Veitchia merrilli/IMG_2723.JPG,Veitchia merrilli,47,group_4967,1,train
Veitchia merrilli/IMG_2724.JPG,Veitchia merrilli,47,group_4968,1,train
Veitchia merrilli/IMG_2725.JPG,Veitchia merrilli,47,group_4969,1,validation
Veitchia merrilli/IMG_2726.JPG,Veitchia merrilli,47,group_4970,1,train
Veitchia merrilli/IMG_2727.JPG,Veitchia merrilli,47,group_4971,1,train
Veitchia merrilli/IMG_2728.JPG,Veitchia merrilli,47,group_4972,1,validation
Veitchia merrilli/IMG_2729.JPG,Veitchia merrilli,47,group_4973,1,validation
Veitchia merrilli/IMG_2730.JPG,Veitchia merrilli,47,group_4974,1,train
Veitchia merrilli/IMG_2731.JPG,Veitchia merrilli,47,group_4975,1,train
Veitchia merrilli/IMG_2732.JPG,Veitchia merrilli,47,group_4976,1,train
Veitchia merrilli/IMG_2733.JPG,Veitchia merrilli,47,group_4977,1,train
Veitchia merrilli/IMG_2734.JPG,Veitchia merrilli,47,group_4978,1,train
Veitchia merrilli/IMG_2735.JPG,Veitchia merrilli,47,group_4979,1,test
Veitchia merrilli/IMG_2736.JPG,Veitchia merrilli,47,group_4980,1,train
Veitchia merrilli/IMG_2737.JPG,Veitchia merrilli,47,group_4981,1,test
Veitchia merrilli/IMG_2738.JPG,Veitchia merrilli,47,group_4982,1,validation
Veitchia merrilli/IMG_2739.JPG,Veitchia merrilli,47,group_4983,1,train
Veitchia merrilli/IMG_2740.JPG,Veitchia merrilli,47,group_4984,1,train
Veitchia merrilli/IMG_2741.JPG,Veitchia merrilli,47,group_4985,1,train
Veitchia merrilli/IMG_2742.JPG,Veitchia merrilli,47,group_4986,1,train
Veitchia merrilli/IMG_2743.JPG,Veitchia merrilli,47,group_4987,1,train
Veitchia merrilli/IMG_2744.JPG,Veitchia merrilli,47,group_4988,1,train
Veitchia merrilli/IMG_2745.JPG,Veitchia merrilli,47,group_4989,1,train
Veitchia merrilli/IMG_2746.JPG,Veitchia merrilli,47,group_4990,1,train
Veitchia merrilli/IMG_2747.JPG,Veitchia merrilli,47,group_4991,1,train
Veitchia merrilli/IMG_2748.JPG,Veitchia merrilli,47,group_4992,1,test
Veitchia merrilli/IMG_2749.JPG,Veitchia merrilli,47,group_4993,1,train
Veitchia merrilli/IMG_2750.JPG,Veitchia merrilli,47,group_4994,1,test
Veitchia merrilli/IMG_2751.JPG,Veitchia merrilli,47,group_4995,1,train
Veitchia merrilli/IMG_2752.JPG,Veitchia merrilli,47,group_4996,1,train
Veitchia merrilli/IMG_2753.JPG,Veitchia merrilli,47,group_4997,1,train
Veitchia merrilli/IMG_2754.JPG,Veitchia merrilli,47,group_4998,1,train
Veitchia merrilli/IMG_2755.JPG,Veitchia merrilli,47,group_4999,1,train
Veitchia merrilli/IMG_2756.JPG,Veitchia merrilli,47,group_5000,1,train
Wrightia religiosa/IMG_2276.JPG,Wrightia religiosa,49,group_5001,1,validation
Wrightia religiosa/IMG_2277.JPG,Wrightia religiosa,49,group_5002,1,train
Wrightia religiosa/IMG_2278.JPG,Wrightia religiosa,49,group_5003,1,train
Wrightia religiosa/IMG_2279.JPG,Wrightia religiosa,49,group_5004,1,validation
Wrightia religiosa/IMG_2280.JPG,Wrightia religiosa,49,group_5005,1,train
Wrightia religiosa/IMG_2281.JPG,Wrightia religiosa,49,group_5006,1,train
Wrightia religiosa/IMG_2282.JPG,Wrightia religiosa,49,group_5007,1,train
Wrightia religiosa/IMG_2283.JPG,Wrightia religiosa,49,group_5008,1,train
Wrightia religiosa/IMG_2284.JPG,Wrightia religiosa,49,group_5009,1,validation
Wrightia religiosa/IMG_2285.JPG,Wrightia religiosa,49,group_5010,1,train
Wrightia religiosa/IMG_2286.JPG,Wrightia religiosa,49,group_5011,1,train
Wrightia religiosa/IMG_2287.JPG,Wrightia religiosa,49,group_5012,1,validation
Wrightia religiosa/IMG_2288.JPG,Wrightia religiosa,49,group_5013,1,train
Wrightia religiosa/IMG_2289.JPG,Wrightia religiosa,49,group_5014,1,train
Wrightia religiosa/IMG_2290.JPG,Wrightia religiosa,49,group_5015,1,test
Wrightia religiosa/IMG_2291.JPG,Wrightia religiosa,49,group_5016,1,test
Wrightia religiosa/IMG_2292.JPG,Wrightia religiosa,49,group_5017,1,train
Wrightia religiosa/IMG_2293.JPG,Wrightia religiosa,49,group_5018,1,train
Wrightia religiosa/IMG_2294.JPG,Wrightia religiosa,49,group_5019,1,train
Wrightia religiosa/IMG_2295.JPG,Wrightia religiosa,49,group_5020,1,train
Wrightia religiosa/IMG_2296.JPG,Wrightia religiosa,49,group_5021,1,train
Wrightia religiosa/IMG_2297.JPG,Wrightia religiosa,49,group_5022,1,train
Wrightia religiosa/IMG_2298.JPG,Wrightia religiosa,49,group_5023,1,train
Wrightia religiosa/IMG_2299.JPG,Wrightia religiosa,49,group_5024,1,train
Wrightia religiosa/IMG_2300.JPG,Wrightia religiosa,49,group_5025,1,validation
Wrightia religiosa/IMG_2301.JPG,Wrightia religiosa,49,group_5026,1,train
Wrightia religiosa/IMG_2302.JPG,Wrightia religiosa,49,group_5027,1,test
Wrightia religiosa/IMG_2303.JPG,Wrightia religiosa,49,group_5028,1,test
Wrightia religiosa/IMG_2304.JPG,Wrightia religiosa,49,group_5029,1,train
Wrightia religiosa/IMG_2306.JPG,Wrightia religiosa,49,group_5030,1,train
Wrightia religiosa/IMG_2307.JPG,Wrightia religiosa,49,group_5031,1,train
Wrightia religiosa/IMG_2308.JPG,Wrightia religiosa,49,group_5032,1,train
Wrightia religiosa/IMG_2309.JPG,Wrightia religiosa,49,group_5033,1,validation
Wrightia religiosa/IMG_2310.JPG,Wrightia religiosa,49,group_5034,1,train
Wrightia religiosa/IMG_2311.JPG,Wrightia religiosa,49,group_5035,1,train
Wrightia religiosa/IMG_2312.JPG,Wrightia religiosa,49,group_5036,1,train
Wrightia religiosa/IMG_2313.JPG,Wrightia religiosa,49,group_5037,1,train
Wrightia religiosa/IMG_2314.JPG,Wrightia religiosa,49,group_5038,1,train
Wrightia religiosa/IMG_2315.JPG,Wrightia religiosa,49,group_5039,1,train
Wrightia religiosa/IMG_2316.JPG,Wrightia religiosa,49,group_5040,1,train
Wrightia religiosa/IMG_2317.JPG,Wrightia religiosa,49,group_5041,1,test
Wrightia religiosa/IMG_2318.JPG,Wrightia religiosa,49,group_0202,2,train
Wrightia religiosa/IMG_2319.JPG,Wrightia religiosa,49,group_0202,2,train
Wrightia religiosa/IMG_2320.JPG,Wrightia religiosa,49,group_0203,2,test
Wrightia religiosa/IMG_2321.JPG,Wrightia religiosa,49,group_0204,2,train
Wrightia religiosa/IMG_2322.JPG,Wrightia religiosa,49,group_0204,2,train
Wrightia religiosa/IMG_2323.JPG,Wrightia religiosa,49,group_0203,2,test
Wrightia religiosa/IMG_2324.JPG,Wrightia religiosa,49,group_5042,1,validation
Wrightia religiosa/IMG_2325.JPG,Wrightia religiosa,49,group_5043,1,train
Wrightia religiosa/IMG_2326.JPG,Wrightia religiosa,49,group_5044,1,train
Wrightia religiosa/IMG_2327.JPG,Wrightia religiosa,49,group_5045,1,validation
Wrightia religiosa/IMG_2328.JPG,Wrightia religiosa,49,group_5046,1,train
Wrightia religiosa/IMG_2329.JPG,Wrightia religiosa,49,group_5047,1,test
Wrightia religiosa/IMG_2330.JPG,Wrightia religiosa,49,group_5048,1,train
Wrightia religiosa/IMG_2331.JPG,Wrightia religiosa,49,group_5049,1,train
Wrightia religiosa/IMG_2332.JPG,Wrightia religiosa,49,group_5050,1,test
Wrightia religiosa/IMG_2333.JPG,Wrightia religiosa,49,group_5051,1,validation
Wrightia religiosa/IMG_2334.JPG,Wrightia religiosa,49,group_5052,1,train
Wrightia religiosa/IMG_2335.JPG,Wrightia religiosa,49,group_5053,1,validation
Wrightia religiosa/IMG_2336.JPG,Wrightia religiosa,49,group_0205,2,validation
Wrightia religiosa/IMG_2337.JPG,Wrightia religiosa,49,group_0205,2,validation
Wrightia religiosa/IMG_2338.JPG,Wrightia religiosa,49,group_5054,1,train
Wrightia religiosa/IMG_2339.JPG,Wrightia religiosa,49,group_5055,1,train
Wrightia religiosa/IMG_2340.JPG,Wrightia religiosa,49,group_5056,1,train
Wrightia religiosa/IMG_2341.JPG,Wrightia religiosa,49,group_5057,1,train
Wrightia religiosa/IMG_2342.JPG,Wrightia religiosa,49,group_5058,1,test
Wrightia religiosa/IMG_2343.JPG,Wrightia religiosa,49,group_5059,1,train
Wrightia religiosa/IMG_2344.JPG,Wrightia religiosa,49,group_5060,1,test
Wrightia religiosa/IMG_2345.JPG,Wrightia religiosa,49,group_5061,1,train
Wrightia religiosa/IMG_2346.JPG,Wrightia religiosa,49,group_5062,1,train
Wrightia religiosa/IMG_2347.JPG,Wrightia religiosa,49,group_5063,1,train
Wrightia religiosa/IMG_2348.JPG,Wrightia religiosa,49,group_5064,1,train
Wrightia religiosa/IMG_2349.JPG,Wrightia religiosa,49,group_5065,1,train
Wrightia religiosa/IMG_2350.JPG,Wrightia religiosa,49,group_5066,1,train
Wrightia religiosa/IMG_2351.JPG,Wrightia religiosa,49,group_5067,1,train
Wrightia religiosa/IMG_2352.JPG,Wrightia religiosa,49,group_5068,1,train
Wrightia religiosa/IMG_2353.JPG,Wrightia religiosa,49,group_5069,1,train
Wrightia religiosa/IMG_2354.JPG,Wrightia religiosa,49,group_5070,1,train
Wrightia religiosa/IMG_2355.JPG,Wrightia religiosa,49,group_5071,1,train
Wrightia religiosa/IMG_2356.JPG,Wrightia religiosa,49,group_5072,1,train
Wrightia religiosa/IMG_2357.JPG,Wrightia religiosa,49,group_5073,1,validation
Wrightia religiosa/IMG_2358.JPG,Wrightia religiosa,49,group_5074,1,train
Wrightia religiosa/IMG_2359.JPG,Wrightia religiosa,49,group_5075,1,validation
Wrightia religiosa/IMG_2360.JPG,Wrightia religiosa,49,group_5076,1,train
Wrightia religiosa/IMG_2361.JPG,Wrightia religiosa,49,group_5077,1,test
Wrightia religiosa/IMG_2362.JPG,Wrightia religiosa,49,group_5078,1,test
Wrightia religiosa/IMG_2363.JPG,Wrightia religiosa,49,group_5079,1,train
Wrightia religiosa/IMG_2364.JPG,Wrightia religiosa,49,group_5080,1,test
Wrightia religiosa/IMG_2365.JPG,Wrightia religiosa,49,group_5081,1,train
Wrightia religiosa/IMG_2366.JPG,Wrightia religiosa,49,group_5082,1,train
Wrightia religiosa/IMG_2367.JPG,Wrightia religiosa,49,group_5083,1,train
Wrightia religiosa/IMG_2368.JPG,Wrightia religiosa,49,group_5084,1,train
Wrightia religiosa/IMG_2369.JPG,Wrightia religiosa,49,group_5085,1,validation
Wrightia religiosa/IMG_2370.JPG,Wrightia religiosa,49,group_5086,1,train
Wrightia religiosa/IMG_2371.JPG,Wrightia religiosa,49,group_5087,1,train
Wrightia religiosa/IMG_2372.JPG,Wrightia religiosa,49,group_5088,1,train
Wrightia religiosa/IMG_2373.JPG,Wrightia religiosa,49,group_5089,1,train
Wrightia religiosa/IMG_2374.JPG,Wrightia religiosa,49,group_5090,1,train
Wrightia religiosa/IMG_2375.JPG,Wrightia religiosa,49,group_5091,1,train
Wrightia religiosa/IMG_2376.JPG,Wrightia religiosa,49,group_5092,1,test
Wrightia/IMG_3685.JPG,Wrightia,48,group_5093,1,train
Wrightia/IMG_3686.JPG,Wrightia,48,group_5094,1,train
Wrightia/IMG_3687.JPG,Wrightia,48,group_5095,1,train
Wrightia/IMG_3688.JPG,Wrightia,48,group_5096,1,train
Wrightia/IMG_3689.JPG,Wrightia,48,group_5097,1,validation
Wrightia/IMG_3690.JPG,Wrightia,48,group_5098,1,test
Wrightia/IMG_3691.JPG,Wrightia,48,group_5099,1,train
Wrightia/IMG_3692.JPG,Wrightia,48,group_5100,1,train
Wrightia/IMG_3693.JPG,Wrightia,48,group_5101,1,train
Wrightia/IMG_3694.JPG,Wrightia,48,group_5102,1,train
Wrightia/IMG_3695.JPG,Wrightia,48,group_5103,1,train
Wrightia/IMG_3696.JPG,Wrightia,48,group_5104,1,train
Wrightia/IMG_3697.JPG,Wrightia,48,group_5105,1,train
Wrightia/IMG_3698.JPG,Wrightia,48,group_5106,1,train
Wrightia/IMG_3699.JPG,Wrightia,48,group_5107,1,test
Wrightia/IMG_3700.JPG,Wrightia,48,group_5108,1,train
Wrightia/IMG_3701.JPG,Wrightia,48,group_5109,1,train
Wrightia/IMG_3702.JPG,Wrightia,48,group_5110,1,train
Wrightia/IMG_3703.JPG,Wrightia,48,group_5111,1,test
Wrightia/IMG_3704.JPG,Wrightia,48,group_5112,1,validation
Wrightia/IMG_3705.JPG,Wrightia,48,group_5113,1,test
Wrightia/IMG_3706.JPG,Wrightia,48,group_5114,1,train
Wrightia/IMG_3707.JPG,Wrightia,48,group_5115,1,train
Wrightia/IMG_3708.JPG,Wrightia,48,group_5116,1,validation
Wrightia/IMG_3709.JPG,Wrightia,48,group_5117,1,validation
Wrightia/IMG_3710.JPG,Wrightia,48,group_5118,1,train
Wrightia/IMG_3711.JPG,Wrightia,48,group_5119,1,train
Wrightia/IMG_3712.JPG,Wrightia,48,group_5120,1,validation
Wrightia/IMG_3713.JPG,Wrightia,48,group_5121,1,validation
Wrightia/IMG_3714.JPG,Wrightia,48,group_5122,1,train
Wrightia/IMG_3715.JPG,Wrightia,48,group_5123,1,train
Wrightia/IMG_3716.JPG,Wrightia,48,group_5124,1,train
Wrightia/IMG_3717.JPG,Wrightia,48,group_5125,1,test
Wrightia/IMG_3718.JPG,Wrightia,48,group_5126,1,train
Wrightia/IMG_3719.JPG,Wrightia,48,group_5127,1,validation
Wrightia/IMG_3720.JPG,Wrightia,48,group_5128,1,train
Wrightia/IMG_3721.JPG,Wrightia,48,group_5129,1,train
Wrightia/IMG_3722.JPG,Wrightia,48,group_5130,1,test
Wrightia/IMG_3723.JPG,Wrightia,48,group_5131,1,train
Wrightia/IMG_3724.JPG,Wrightia,48,group_5132,1,train
Wrightia/IMG_3725.JPG,Wrightia,48,group_5133,1,train
Wrightia/IMG_3726.JPG,Wrightia,48,group_5134,1,train
Wrightia/IMG_3727.JPG,Wrightia,48,group_5135,1,validation
Wrightia/IMG_3728.JPG,Wrightia,48,group_5136,1,train
Wrightia/IMG_3729.JPG,Wrightia,48,group_5137,1,train
Wrightia/IMG_3730.JPG,Wrightia,48,group_5138,1,train
Wrightia/IMG_3731.JPG,Wrightia,48,group_5139,1,train
Wrightia/IMG_3732.JPG,Wrightia,48,group_5140,1,validation
Wrightia/IMG_3733.JPG,Wrightia,48,group_5141,1,train
Wrightia/IMG_3734.JPG,Wrightia,48,group_5142,1,train
Wrightia/IMG_3735.JPG,Wrightia,48,group_5143,1,train
Wrightia/IMG_3736.JPG,Wrightia,48,group_5144,1,train
Wrightia/IMG_3737.JPG,Wrightia,48,group_5145,1,validation
Wrightia/IMG_3738.JPG,Wrightia,48,group_5146,1,train
Wrightia/IMG_3739.JPG,Wrightia,48,group_5147,1,train
Wrightia/IMG_3740.JPG,Wrightia,48,group_5148,1,train
Wrightia/IMG_3741.JPG,Wrightia,48,group_5149,1,test
Wrightia/IMG_3742.JPG,Wrightia,48,group_5150,1,train
Wrightia/IMG_3743.JPG,Wrightia,48,group_5151,1,train
Wrightia/IMG_3744.JPG,Wrightia,48,group_5152,1,train
Wrightia/IMG_3745.JPG,Wrightia,48,group_5153,1,train
Wrightia/IMG_3746.JPG,Wrightia,48,group_5154,1,train
Wrightia/IMG_3747.JPG,Wrightia,48,group_5155,1,test
Wrightia/IMG_3748.JPG,Wrightia,48,group_5156,1,validation
Wrightia/IMG_3749.JPG,Wrightia,48,group_5157,1,train
Wrightia/IMG_3750.JPG,Wrightia,48,group_5158,1,train
Wrightia/IMG_3751.JPG,Wrightia,48,group_5159,1,train
Wrightia/IMG_3752.JPG,Wrightia,48,group_5160,1,train
Wrightia/IMG_3753.JPG,Wrightia,48,group_5161,1,train
Wrightia/IMG_3754.JPG,Wrightia,48,group_5162,1,train
Wrightia/IMG_3755.JPG,Wrightia,48,group_5163,1,test
Wrightia/IMG_3756.JPG,Wrightia,48,group_5164,1,train
Wrightia/IMG_3757.JPG,Wrightia,48,group_5165,1,train
Wrightia/IMG_3758.JPG,Wrightia,48,group_5166,1,train
Wrightia/IMG_3759.JPG,Wrightia,48,group_5167,1,train
Wrightia/IMG_3760.JPG,Wrightia,48,group_5168,1,train
Wrightia/IMG_3761.JPG,Wrightia,48,group_5169,1,train
Wrightia/IMG_3762.JPG,Wrightia,48,group_5170,1,test
Wrightia/IMG_3763.JPG,Wrightia,48,group_5171,1,train
Wrightia/IMG_3764.JPG,Wrightia,48,group_5172,1,test
Wrightia/IMG_3765.JPG,Wrightia,48,group_5173,1,train
Wrightia/IMG_3766.JPG,Wrightia,48,group_5174,1,train
Wrightia/IMG_3767.JPG,Wrightia,48,group_5175,1,train
Wrightia/IMG_3768.JPG,Wrightia,48,group_5176,1,test
Wrightia/IMG_3769.JPG,Wrightia,48,group_5177,1,train
Wrightia/IMG_3770.JPG,Wrightia,48,group_5178,1,train
Wrightia/IMG_3771.JPG,Wrightia,48,group_5179,1,train
Wrightia/IMG_3772.JPG,Wrightia,48,group_5180,1,validation
Wrightia/IMG_3773.JPG,Wrightia,48,group_5181,1,validation
Wrightia/IMG_3774.JPG,Wrightia,48,group_5182,1,train
Wrightia/IMG_3775.JPG,Wrightia,48,group_5183,1,validation
Wrightia/IMG_3776.JPG,Wrightia,48,group_5184,1,test
Wrightia/IMG_3777.JPG,Wrightia,48,group_5185,1,train
Wrightia/IMG_3778.JPG,Wrightia,48,group_5186,1,train
Wrightia/IMG_3779.JPG,Wrightia,48,group_5187,1,train
Wrightia/IMG_3780.JPG,Wrightia,48,group_5188,1,validation
Wrightia/IMG_3781.JPG,Wrightia,48,group_5189,1,test
